01 ............AA...................... 5 1,4
02 ...........BAA...B.................. 23 3,12,8
02 .....B.....BAA...B.................. 17 1,4,12
02 ..........B.AA..B................... 21 3,12,6
03 ..........BCAA..BC.................. 99 9,36,42,12
03 .....C....BCAA..BC.................. 75 3,12,42,18
03 ....B.....BCAA..BC.................. 68 3,12,35,18
02 ....B.....B.AA..B................... 14 1,4,9
03 .........B.CAA.B.C.................. 95 15,36,36,8
03 ....BC....BCAA..BC.................. 53 1,4,21,27
02 .........B..AA.B.................... 21 5,12,4
03 .....C...B.CAA.B.C.................. 69 5,12,40,12
03 .........BC.AA.BC................... 89 15,36,30,8
04 .........BCDAA.BCD.................. 415 45,108,162,84,16
04 .....D...BCDAA.BCD.................. 311 15,36,138,98,24
04 ....C....BCDAA.BCD.................. 290 15,36,117,98,24
03 ....C....BC.AA.BC................... 60 5,12,31,12
04 ....CD...BCDAA.BCD.................. 225 5,12,67,105,36
03 ...B.....B.CAA.B.C.................. 62 12,12,26,12
04 ...B.....BCDAA.BCD.................. 276 36,36,96,84,24
02 ...B.....B..AA.B.................... 14 4,4,6
03 ...B.C...B.CAA.B.C.................. 44 4,4,18,18
03 ...B.....BC.AA.BC................... 60 12,12,24,12
04 ...BC....BCDAA.BCD.................. 197 12,12,53,84,36
04 ...B.D...BCDAA.BCD.................. 204 12,12,60,84,36
03 ...BC....BC.AA.BC................... 41 4,4,15,18
03 ........B..CAAB..C.................. 95 15,42,34,4
04 ...BCD...BCDAA.BCD.................. 152 4,4,27,63,54
04 ........B.CDAAB.CD.................. 395 45,126,156,60,8
02 ........B...AAB..................... 21 5,14,2
03 .....C..B..CAAB..C.................. 69 5,14,44,6
03 ........B.C.AAB.C................... 85 15,42,24,4
04 .....D..B.CDAAB.CD.................. 295 15,42,150,76,12
04 ....C...B.CDAAB.CD.................. 260 15,42,115,76,12
04 ........BC.DAABC.D.................. 395 75,126,138,48,8
03 ....C...B.C.AAB.C................... 54 5,14,29,6
04 ....CD..B.CDAAB.CD.................. 201 5,14,71,93,18
03 ........BC..AABC.................... 89 25,42,18,4
04 .....D..BC.DAABC.D.................. 281 25,42,144,58,12
04 ........BCD.AABCD................... 365 75,126,108,48,8
05 ........BCDEAABCDE.................. 1675 225,378,576,360,120,16
05 .....E..BCDEAABCDE.................. 1235 75,126,486,372,152,24
05 ....D...BCDEAABCDE.................. 1130 75,126,381,372,152,24
04 ....D...BCD.AABCD................... 236 25,42,99,58,12
05 ....DE..BCDEAABCDE.................. 869 25,42,225,355,186,36
04 ...C....BC.DAABC.D.................. 260 60,42,88,58,12
05 ...C....BCDEAABCDE.................. 1130 180,126,318,330,152,24
03 ...C....BC..AABC.................... 60 20,14,20,6
04 ...C.D..BC.DAABC.D.................. 180 20,14,62,66,18
04 ...C....BCD.AABCD................... 250 60,42,78,58,12
05 ...CD...BCDEAABCDE.................. 785 60,42,169,292,186,36
05 ...C.E..BCDEAABCDE.................. 820 60,42,204,292,186,36
04 ...CD...BCD.AABCD................... 165 20,14,47,66,18
05 ...CDE..BCDEAABCDE.................. 600 20,14,89,207,216,54
04 ..B.....B.CDAAB.CD.................. 246 36,63,87,48,12
05 ..B.....BCDEAABCDE.................. 1060 180,189,297,246,124,24
03 ..B.....B..CAAB..C.................. 62 12,21,23,6
04 ..B.C...B.CDAAB.CD.................. 152 12,21,50,51,18
04 ..B.....BC.DAABC.D.................. 260 60,63,81,44,12
05 ..B.D...BCDEAABCDE.................. 680 60,63,162,215,144,36
02 ..B.....B...AAB..................... 14 4,7,3
03 ..B..C..B..CAAB..C.................. 44 4,7,24,9
03 ..B.C...B.C.AAB.C................... 32 4,7,12,9
04 ..B.CD..B.CDAAB.CD.................. 116 4,7,33,45,27
03 ..B.....BC..AABC.................... 60 20,21,13,6
04 ..B..D..BC.DAABC.D.................. 180 20,21,76,45,18
03 ..B.....B.C.AAB.C................... 54 12,21,15,6
05 ..BC....BCDEAABCDE.................. 729 144,63,141,201,144,36
04 ..B..D..B.CDAAB.CD.................. 180 12,21,78,51,18
04 ..B.....BCD.AABCD................... 236 60,63,57,44,12
04 ..B.D...BCD.AABCD................... 144 20,21,40,45,18
05 ..B.DE..BCDEAABCDE.................. 516 20,21,103,165,153,54
05 ..B..E..BCDEAABCDE.................. 764 60,63,246,215,144,36
04 ..BC....BC.DAABC.D.................. 173 48,21,41,45,18
05 ..BCD...BCDEAABCDE.................. 488 48,21,68,144,153,54
03 ..BC....BC..AABC.................... 41 16,7,9,9
04 ..BC.D..BC.DAABC.D.................. 116 16,7,30,36,27
04 ..BCD...BCD.AABCD................... 104 16,7,18,36,27
05 ..BCDE..BCDEAABCDE.................. 368 16,7,39,90,135,81
04 ..BC....BCD.AABCD................... 165 48,21,33,45,18
05 ..BC.E..BCDEAABCDE.................. 516 48,21,96,144,153,54
05 ...C.....CDEAA.CDE..............BB.. 1035 133,88,244,318,204,48
06 ...D....CDEFAACDEF..............BB.. 3792 602,272,712,1000,822,336,48
05 ..C.....C.DEAAC.DE.............BB... 868 130,187,239,180,108,24
06 ..C.....CDEFAACDEF.............BB... 3443 599,492,711,705,612,276,48
06 ..CD....CDEFAACDEF.............BB... 2292 469,118,235,372,564,426,108
04 ....C.....CDAA..CD...............BB. 285 9,36,105,99,36
05 ....D....CDEAA.CDE...............BB. 1108 42,96,316,366,222,66
06 ....E....CEFAA.CEF.........D.....DBB 1043 45,60,235,355,234,90,24
07 ....E....CEFAA.CEF...D.....D.....DBB 465 21,24,94,130,100,48,30,18
04 ...C.....C.DAA.C.D..............BB.. 250 50,32,72,72,24
07 ....D.....DE..AADE...C.....C.....CBB 721 33,24,106,186,228,120,18,6
05 ....D...C.DEAAC.DE...............BB. 941 39,102,275,282,183,60
06 ....E...CDEFAACDEF...............BB. 3776 183,276,829,1042,846,474,126
07 ....F...CDFGAACDFG.........E.....EBB 3641 198,174,614,1004,871,510,222,48
08 ....F...CDFGAACDFG...E.....E.....EBB 1642 93,72,255,390,342,226,144,90,30
05 ...D....CD.EAACD.E..............BB.. 949 229,100,218,240,138,24
08 ....E.....EF..AAEF...D....CD....CDBB 2549 144,72,285,536,666,558,240,42,6
06 ....E...C.EFAAC.EF........D.....DBB. 766 36,72,180,205,159,90,24
07 ....F...CEFGAACEFG........D.....DBB. 3168 171,198,543,754,704,492,246,60
08 ....G...CEGHAACEGH........DF....DFBB 3128 189,126,399,717,749,498,294,132,24
09 ....G...CEGHAACEGH...F....DF....DFBB 1427 90,54,171,294,298,202,144,108,54,12
08 ....F...C.FGAAC.FG...E....DE....DEBB 2208 135,54,189,390,516,474,312,120,18
07 ....E...C.EFAAC.EF..D.....D.....DBB. 315 15,24,49,46,49,39,57,36
08 ....F...CEFGAACEFG..D.....D.....DBB. 1328 72,69,157,191,201,188,204,180,66
09 ....G...CEGHAACEGH..D.....DF....DFBB 1333 81,45,120,201,226,195,171,168,102,24
10 ....G...CEGHAACEGH..DF....DF....DFBB 615 39,21,59,99,100,78,51,60,60,36,12
09 ....F...C.FGAAC.FG..DE....DE....DEBB 941 57,21,65,127,143,153,123,138,96,18
04 ..C.....C..DAAC..D.............BB... 250 50,74,78,36,12
07 ....D.....DE.AA.DE..C.....C.....CBB. 482 30,39,62,69,129,87,42,24
05 ..C.....CD.EAACD.E.............BB... 949 229,192,237,165,102,24
08 ....E....DEF.AADEF..C.....C.....CBB. 2042 141,108,192,260,435,468,282,120,36
09 ....F....DFG.AADFG..C.....CE....CEBB 2042 153,69,142,253,414,483,312,144,60,12
10 ....F....DFG.AADFG..CE....CE....CEBB 934 72,30,68,122,168,198,123,69,54,24,6
05 ..CD....CD.EAACD.E.............BB... 599 179,44,79,102,141,54
09 ....E.....EF.AA.EF..CD....CD....CDBB 1463 111,30,74,153,240,405,279,105,54,12
08 ....F....DFGAA.DFG...E...C.E...C.EBB 1253 87,72,240,284,206,148,108,78,30
06 ...D.....DEGAA.DEG.......C..F..CBBF. 2825 367,176,544,796,654,264,24
08 ....E..C..EF.CAAEF...D.....D.....DBB 1959 141,72,264,396,474,396,156,42,18
09 ....G...DEGHAADEGH...F...C.F...C.FBB 4408 384,228,656,840,696,562,466,348,186,42
07 ...E....DEFHAADEFH.......C..G..CBBG. 10101 1649,572,1560,2380,2314,1290,312,24
09 ....F..C..FG.CAAFG...E....DE....DEBB 6924 612,228,716,1132,1368,1446,966,348,90,18
10 ....H...DFHIAADFHI...G...CEG...CEGBB 3813 369,180,444,624,602,462,418,372,240,90,12
09 ....G...D.GHAAD.GH...F...CEF...CEFBB 5979 567,180,480,816,1050,1122,990,564,180,30
08 ....F...D.FGAAD.FG..E....CE....CEBB. 967 63,87,142,104,101,104,147,159,60
09 ....G...DFGHAADFGH..E....CE....CEBB. 3840 300,246,440,418,408,434,532,612,372,78
10 ....H...DFHIAADFHI..E....CEG...CEGBB 3657 333,159,322,426,455,422,433,513,408,162,24
11 ....H...DFHIAADFHI..EG...CEG...CEGBB 1651 159,72,156,210,200,159,128,159,180,144,72,12
10 ....G...D.GHAAD.GH..EF...CEF...CEFBB 2553 237,72,168,266,286,315,324,381,330,144,30
06 ..D.....D.EGAAD.EG.......C..F..CBBF. 2378 358,461,615,455,345,132,12
08 ....E.....EF.AA.EF..D....CD....CDBB. 1464 129,153,192,150,267,252,153,120,48
07 ..D.....DEFHAADEFH.......C..G..CBBG. 9190 1640,1200,1738,1662,1636,1002,288,24
09 ....F....EFG.AAEFG..D....CD....CDBB. 5860 600,414,570,556,888,1110,876,546,252,48
10 ....G....EGH.AAEGH..D....CDF...CDFBB 5564 639,261,402,530,837,1062,867,558,300,96,12
11 ....G....EGH.AAEGH..DF...CDF...CDFBB 2482 297,108,186,256,336,405,324,225,177,114,48,6
07 ..DE....DEFHAADEFH.......C..G..CBBG. 5947 1282,278,508,792,1230,1281,540,36
10 ....F.....FG.AA.FG..DE...CDE...CDEBB 3966 471,108,198,318,480,837,792,435,213,90,24
09 ....F..C..FG.CAAFG...E...D.E...D.EBB 1280 126,48,158,210,246,276,138,36,30,12
03 .....C.....CAA...C................BB 80 4,16,48,12
03 ....C.....C.AA..C................BB. 60 3,12,27,18
04 ....CD....CDAA..CD...............BB. 222 3,12,63,90,54
04 .....D...C.DAA.C.D................BB 290 18,40,136,72,24
04 ....D....CD.AA.CD................BB. 235 14,32,84,72,33
05 ....DE...CDEAA.CDE...............BB. 859 14,32,180,306,228,99
05 .....E...C.EAA.C.E.........D.....DBB 258 18,24,96,84,24,12
05 ....E....CE.AA.CE..........D.....DBB 223 15,20,65,78,33,12
06 ....EF...CEFAA.CEF.........D.....DBB 805 15,20,125,264,246,99,36
06 .....E...C.EAA.C.E...D.....D.....DBB 112 8,8,32,28,18,6,12
06 ....E....CE.AA.CE....D.....D.....DBB 100 7,8,26,26,18,6,9
07 ....EF...CEFAA.CEF...D.....D.....DBB 358 7,8,50,104,90,54,18,27
03 ...C.....C..AA.C................BB.. 60 18,12,18,12
06 .....D.....D..AA.D...C.....C.....CBB 172 14,8,36,48,54,6,6
06 ....D.....D...AAD....C.....C.....CBB 154 11,8,30,42,54,6,3
07 ....DE....DE..AADE...C.....C.....CBB 556 11,8,54,132,162,162,18,9
10 ....G..C..GH.CAAGH...F...DEF...DEFBB 4519 540,156,431,596,702,888,726,306,108,54,12
04 .....D..C..DAAC..D................BB 290 18,48,152,66,6
04 ....D...C.D.AAC.D................BB. 200 13,34,69,54,30
05 ....DE..C.DEAAC.DE...............BB. 728 13,34,171,243,177,90
05 .....E..CD.EAACD.E................BB 1057 81,120,420,280,138,18
05 ....E...CDE.AACDE................BB. 809 61,92,215,216,162,63
06 ....EF..CDEFAACDEF...............BB. 2906 61,92,491,825,738,510,189
06 .....F..CD.FAACD.F.........E.....EBB 945 81,72,288,282,156,54,12
06 ....F...CDF.AACDF..........E.....EBB 787 66,58,166,230,156,87,24
07 ....FG..CDFGAACDFG.........E.....EBB 2788 66,58,340,710,789,492,261,72
07 .....F..CD.FAACD.F...E.....E.....EBB 412 36,24,96,88,66,42,36,24
07 ....F...CDF.AACDF....E.....E.....EBB 357 31,24,69,84,62,42,30,15
08 ....FG..CDFGAACDFG...E.....E.....EBB 1254 31,24,141,291,302,204,126,90,45
04 ...D....CD..AACD................BB.. 235 83,38,54,48,12
07 .....E.....E..AA.E...D....CD....CDBB 631 63,24,106,138,162,102,24,12
07 ....E.....E...AAE....D....CD....CDBB 550 48,24,79,126,150,102,18,3
08 ....EF....EF..AAEF...D....CD....CDBB 1951 48,24,151,363,492,504,306,54,9
05 ....E...C.E.AAC.E.........D.....DBB. 164 12,24,44,42,30,12
06 ....EF..C.EFAAC.EF........D.....DBB. 590 12,24,116,165,141,96,36
06 ....F...CEF.AACEF.........D.....DBB. 684 57,66,137,166,141,87,30
07 ....FG..CEFGAACEFG........D.....DBB. 2427 57,66,335,559,588,459,273,90
07 ....G...CEG.AACEG.........DF....DFBB 682 63,42,105,172,147,87,54,12
08 ....GH..CEGHAACEGH........DF....DFBB 2383 63,42,231,478,627,471,273,162,36
08 .....G..CE.GAACE.G...F....DF....DFBB 372 36,18,72,70,60,38,36,30,12
08 ....G...CEG.AACEG....F....DF....DFBB 313 30,18,45,68,56,36,33,21,6
09 ....GH..CEGHAACEGH...F....DF....DFBB 1084 30,18,99,203,254,186,114,99,63,18
08 .....F..C..F..CAAF...E....DE....DEBB 567 63,18,78,102,126,102,54,18,6
07 ...E....CEFGAACEFG........D..H..DBBH 3462 390,132,488,780,904,564,180,24
04 .....D....CDAA..CD................BB 325 11,44,156,96,18
07 ....F...C.F.AAC.F....E....DE....DEBB 480 45,18,51,96,114,96,51,9
08 ....FG..C.FGAAC.FG...E....DE....DEBB 1683 45,18,105,249,384,396,306,153,27
05 .....E...CDEAA.CDE................BB 1216 50,112,440,392,180,42
06 ....E...C.E.AAC.E...D.....D.....DBB. 68 5,8,11,8,12,6,18
07 ....EF..C.EFAAC.EF..D.....D.....DBB. 242 5,8,35,41,33,39,27,54
06 .....F...CEFAA.CEF.........D.....DBB 1111 51,68,308,384,210,66,24
07 .....F...CEFAA.CEF...D.....D.....DBB 489 23,24,108,134,98,48,36,18
07 ....F...CEF.AACEF...D.....D.....DBB. 289 24,23,37,39,43,39,51,33
08 ....FG..CEFGAACEFG..D.....D.....DBB. 1015 24,23,106,150,154,153,141,165,99
04 ...C.....CD.AA.CD...............BB.. 235 47,32,66,66,24
07 .....E....DE..AADE...C.....C.....CBB 753 39,24,120,198,222,120,24,6
08 ....G...CEG.AACEG...D.....DF....DFBB 293 27,15,30,47,45,39,39,39,12
05 .....E..C.DEAAC.DE................BB 1123 49,130,472,346,114,12
09 ....GH..CEGHAACEGH..D.....DF....DFBB 1013 27,15,75,137,183,162,132,129,117,36
09 .....G..CE.GAACE.G..DF....DF....DFBB 164 16,7,27,23,19,16,11,18,15,12
09 ....G...CEG.AACEG...DF....DF....DFBB 136 13,7,15,23,18,15,9,18,12,6
10 ....GH..CEGHAACEGH..DF....DF....DFBB 466 13,7,36,68,87,66,48,33,54,36,18
07 ...E....CEFGAACEFG..D.....D..H..DBBH 1476 174,54,190,278,346,296,126,12
08 ....F...C.F.AAC.F...DE....DE....DEBB 206 19,7,17,31,27,36,21,39,9
09 ....FG..C.FGAAC.FG..DE....DE....DEBB 716 19,7,38,82,120,108,117,81,117,27
03 ..C.....C...AAC................BB... 60 18,27,9,6
04 ..C..D..C..DAAC..D.............BB... 172 14,20,66,45,27
06 .....F..CDEFAACDEF................BB 4269 223,332,1310,1274,812,282,36
06 ....D.....D..AA.D...C.....C.....CBB. 104 10,13,12,15,36,6,12
07 ....DE....DE.AA.DE..C.....C.....CBB. 368 10,13,51,51,72,111,24,36
04 ..C.....CD..AACD...............BB... 235 83,71,36,33,12
05 ..C..E..CD.EAACD.E.............BB... 631 63,50,173,138,144,63
07 ....E....DE..AADE...C.....C.....CBB. 444 47,36,40,60,111,93,39,18
08 ....EF...DEF.AADEF..C.....C.....CBB. 1551 47,36,148,180,273,393,297,123,54
06 ..C..F..CD.FAACD.F.........E.....EBB 567 63,30,111,111,141,93,18
09 ....F..C..FG.CAAFG..E....DE....DEBB. 1084 117,132,142,81,138,165,111,96,78,24
07 .....G..CDFGAACDFG.........E.....EBB 3952 228,202,898,1172,906,390,132,24
08 ....F....DF..AADF...C.....CE....CEBB 448 51,23,32,63,99,105,45,24,6
09 ....FG...DFG.AADFG..C.....CE....CEBB 1543 51,23,101,159,279,372,327,141,72,18
09 .....F...D.F.AAD.F..CE....CE....CEBB 248 28,10,37,30,39,46,16,18,12,12
09 ....F....DF..AADF...CE....CE....CEBB 206 24,10,16,30,36,45,15,18,9,3
10 ....FG...DFG.AADFG..CE....CE....CEBB 704 24,10,46,78,126,144,138,48,54,27,9
04 ..CD....CD..AACD...............BB... 154 65,17,18,27,27
09 ..C..E..C..E..CAAE...D.....D.....DBB 380 49,10,39,39,63,111,30,21,9,9
08 ....E.....E..AA.E...CD....CD....CDBB 320 37,10,18,39,54,108,27,21,6
08 .....G..CDFGAACDFG...E.....E.....EBB 1753 103,72,318,398,346,222,156,108,30
09 ....EF....EF.AA.EF..CD....CD....CDBB 1106 37,10,48,93,171,243,333,90,63,18
10 ....G..C..GH.CAAGH..E....DEF...DEFBB 4082 531,342,402,296,453,642,594,426,276,108,12
05 ...D....CDE.AACDE...............BB.. 882 214,100,190,228,126,24
08 .....F....EF..AAEF...D....CD....CDBB 2696 174,72,348,560,678,546,252,60,6
11 ....G..C..GH.CAAGH..EF...DEF...DEFBB 2581 414,78,124,165,240,432,513,330,159,78,36,12
07 .....F...D.FAA.D.F...E...C.E...C.EBB 326 34,24,88,56,40,30,30,24
07 ....F....DF.AA.DF....E...C.E...C.EBB 276 29,24,64,52,38,30,24,15
08 ....FG...DFGAA.DFG...E...C.E...C.EBB 948 29,24,136,244,182,126,90,72,45
07 .....E.C...E.CAA.E...D.....D.....DBB 500 62,24,96,96,120,66,18,18
06 ...D.....DEFAA.DEF.......C...G.CBB.G 3076 382,176,618,808,708,336,48
05 ...D.....DE.AA.DE........C..F..CBBF. 639 129,64,152,180,102,12
07 ....E..C..E..CAAE....D.....D.....DBB 428 47,24,72,84,114,66,12,9
08 ....EF.C..EF.CAAEF...D.....D.....DBB 1484 47,24,144,300,330,378,198,36,27
09 .....H..CEGHAACEGH...F....DF....DFBB 1546 102,54,234,298,304,202,148,126,66,12
06 ...E....CE.FAACE.F........D..G..DBBG 846 150,48,160,206,192,78,12
08 .....G..C.FGAAC.FG...E....DE....DEBB 2367 171,54,252,402,534,474,312,138,30
10 .....H..CEGHAACEGH..DF....DF....DFBB 671 45,21,87,99,102,79,54,58,66,48,12
06 ...E....CE.FAACE.F..D.....D..G..DBBG 368 68,20,64,74,79,57,6
09 .....G..C.FGAAC.FG..DE....DE....DEBB 1017 75,21,93,127,149,156,132,132,102,30
04 ..C.....C.D.AAC.D..............BB... 200 46,67,39,36,12
05 ..C..E..C.DEAAC.DE.............BB... 622 38,53,186,153,138,54
05 ..C.....CDE.AACDE..............BB... 809 213,178,133,159,102,24
06 ..C..F..CDEFAACDEF.............BB... 2421 173,136,497,472,591,426,126
07 ..C..G..CDFGAACDFG.........E.....EBB 2281 177,83,323,381,561,498,222,36
10 .....G...DFG.AADFG..CE....CE....CEBB 1020 80,30,117,122,174,197,124,68,60,42,6
05 ..CD....CDE.AACDE..............BB... 550 167,44,57,102,126,54
09 .....F....EF.AA.EF..CD....CD....CDBB 1575 135,30,123,153,258,402,282,102,60,30
08 .....G...DFGAA.DFG...E...C.E...C.EBB 1355 97,72,296,292,206,146,120,96,30
05 ...D.....D.EAA.D.E.......C...F.CBB.F 750 144,64,194,192,132,24
08 .....F.C..EF.CAAEF...D.....D.....DBB 2093 171,72,320,420,474,390,168,60,18
08 .....G..DE.GAADE.G...F...C.F...C.FBB 1217 153,76,276,176,140,126,114,108,48
08 ....G...DEG.AADEG....F...C.F...C.FBB 985 128,76,168,168,128,122,102,72,21
09 ....GH..DEGHAADEGH...F...C.F...C.FBB 3295 128,76,396,672,608,446,384,306,216,63
08 .....F.C...F.CAA.F...E....DE....DEBB 1863 279,76,296,276,348,330,150,72,36
07 ...E....DEFGAADEFG.......C...H.CBB.H 11162 1724,572,1898,2404,2452,1560,504,48
06 ...E....DEF.AADEF........C..G..CBBG. 2345 583,210,422,572,420,126,12
08 ....F..C..F..CAAF....E....DE....DEBB 1533 204,76,188,252,312,318,138,36,9
09 ....FG.C..FG.CAAFG...E....DE....DEBB 5187 204,76,416,816,996,1122,1008,414,108,27
09 .....H..DEGHAADEGH...F...C.F...C.FBB 4884 434,228,908,856,712,558,486,420,240,42
06 ...E....DE.FAADE.F.......C...G.CBB.G 2830 658,210,616,596,510,216,24
09 .....H..DF.HAADF.H...G...CEG...CEGBB 1113 153,60,216,140,124,100,110,108,78,24
09 .....G.C..FG.CAAFG...E....DE....DEBB 7548 762,228,968,1180,1416,1434,978,420,144,18
09 ....H...DFH.AADFH....G...CEG...CEGBB 861 123,60,108,136,114,92,102,81,39,6
10 ....HI..DFHIAADFHI...G...CEG...CEGBB 2829 123,60,288,460,510,392,306,312,243,117,18
09 .....G.CD..G.CDAAG...F....EF....EFBB 1695 279,60,228,204,264,276,210,102,54,18
08 ....G...D.G.AAD.G....F...CEF...CEFBB 1335 189,60,120,192,234,252,198,75,15
09 ....GH..D.GHAAD.GH...F...CEF...CEFBB 4455 189,60,300,552,774,852,846,612,225,45
07 ....F...D.F.AAD.F...E....CE....CEBB. 212 21,29,28,16,25,21,42,30
08 ....FG..D.FGAAD.FG..E....CE....CEBB. 734 21,29,115,100,67,87,84,141,90
07 ..D.....DEGHAADEGH......C..F..CBBF.. 11531 2919,1335,1954,1984,1917,1098,300,24
08 ....G...DFG.AADFG...E....CE....CEBB. 853 100,82,92,78,88,98,135,141,39
09 ....GH..DFGHAADFGH..E....CE....CEBB. 2887 100,82,338,354,310,326,360,465,435,117
07 ..D.....DEGHAADEGH...F..C..F..CBBF.. 5093 1332,501,752,774,873,639,210,12
09 ....H...DFH.AADFH...E....CEG...CEGBB 825 111,53,72,94,91,89,105,129,69,12
10 ....HI..DFHIAADFHI..E....CEG...CEGBB 2721 111,53,231,310,367,335,312,360,399,207,36
10 .....H..DF.HAADF.H..EG...CEG...CEGBB 496 68,24,84,46,38,34,32,47,48,51,24
10 ....H...DFH.AADFH...EG...CEG...CEGBB 376 53,24,36,46,36,31,27,45,42,30,6
11 ....HI..DFHIAADFHI..EG...CEG...CEGBB 1222 53,24,108,154,174,133,105,96,141,126,90,18
09 ....G...D.G.AAD.G...EF...CEF...CEFBB 574 79,24,40,62,54,75,69,99,57,15
10 ....GH..D.GHAAD.GH..EF...CEF...CEFBB 1900 79,24,112,182,240,219,261,252,315,171,45
05 ..D.....D.E.AAD.E........C..F..CBBF. 546 126,164,106,87,57,6
06 ..D..G..D.EGAAD.EG.......C..F..CBBF. 1706 106,133,474,387,357,231,18
07 ....E.....E..AA.E...D....CD....CDBB. 322 43,51,30,30,75,39,30,24
08 ....EF....EF.AA.EF..D....CD....CDBB. 1099 43,51,183,120,147,249,132,102,72
06 ..D.....DEF.AADEF........C..G..CBBG. 2156 580,431,327,368,312,126,12
10 .....I..DFHIAADFHI...G...CEG...CEGBB 4329 429,180,696,632,618,468,426,424,318,126,12
07 ..D..H..DEFHAADEFH.......C..G..CBBG. 6454 480,338,1236,1124,1407,1281,552,36
08 ....F....EF..AAEF...D....CD....CDBB. 1306 200,138,98,120,228,246,153,99,24
09 ....FG...EFG.AAEFG..D....CD....CDBB. 4354 200,138,512,414,552,846,816,501,303,72
09 .....H..D.GHAAD.GH...F...CEF...CEFBB 6663 747,180,732,840,1098,1140,990,612,258,66
09 ....G....EG..AAEG...D....CDF...CDFBB 1258 213,87,76,126,201,243,159,105,42,6
08 ....F...D.FGAAD.FG..E...C.E...C.EBB. 1089 66,96,166,116,104,115,153,189,84
10 ....GH...EGH.AAEGH..D....CDF...CDFBB 4093 213,87,337,354,561,777,792,507,321,126,18
10 .....G...E.G.AAE.G..DF...CDF...CDFBB 745 119,36,122,60,78,98,60,52,42,48,30
10 ....G....EG..AAEG...DF...CDF...CDFBB 566 99,36,38,60,72,93,57,51,36,21,3
11 ....GH...EGH.AAEGH..DF...CDF...CDFBB 1817 99,36,146,174,252,291,303,180,156,108,63,9
10 ..D..F.CD..F.CDAAF...E.....E.....EBB 1144 217,36,126,78,126,240,144,72,39,39,27
09 ....G...DFGHAADFGH..E...C.E...C.EBB. 4410 315,273,524,498,441,473,572,684,492,138
07 ..DE....DEFGAADEFG.......C...H.CBB.H 6676 1342,278,772,792,1266,1434,720,72
06 ..DE....DEF.AADEF........C..G..CBBG. 1430 454,103,117,219,294,225,18
09 ....F.....F..AA.F...DE...CDE...CDEBB 895 157,36,42,78,108,225,135,69,33,12
10 ....FG....FG.AA.FG..DE...CDE...CDEBB 2914 157,36,150,204,342,495,747,432,216,99,36
10 ....H...DFHIAADFHI..E...C.EG..C.EGBB 4279 351,177,394,538,509,456,489,567,504,246,48
11 ....H...DFHIAADFHI..EG..C.EG..C.EGBB 1947 168,81,192,266,227,176,156,171,210,180,96,24
11 .....I..DFHIAADFHI..EG...CEG...CEGBB 1895 189,72,268,210,204,163,135,158,190,186,108,12
10 .....H..D.GHAAD.GH..EF...CEF...CEFBB 2881 327,72,280,266,298,327,345,378,336,186,66
10 ....G...D.GHAAD.GH..EF..C.EF..C.EFBB 2996 249,81,210,344,325,335,363,399,420,228,42
06 ..D.....D.EGAAD.EG......C...F.CBB.F. 2630 376,501,687,496,378,168,24
08 ....E.C...EFCAA.EF..D.....D.....DBB. 1642 138,168,220,162,276,285,171,150,72
07 ..D.....DEFHAADEFH......C...G.CBB.G. 10360 1730,1314,1982,1888,1802,1188,408,48
09 ....F.C..EFGCAAEFG..D.....D.....DBB. 6690 645,459,666,636,939,1227,996,642,372,108
06 ..D.....DE.GAADE.G......C..F..CBBF.. 3291 1113,522,675,492,357,120,12
10 ....G.C..EGHCAAEGH..D.....DF....DFBB 6482 693,291,482,642,903,1164,1035,660,396,180,36
06 ..D.....DE.GAADE.G...F..C..F..CBBF.. 1428 504,189,252,192,195,90,6
11 .....H...EGH.AAEGH..DF...CDF...CDFBB 2853 337,108,382,256,348,409,325,224,188,168,102,6
11 ....G.C..EGHCAAEGH..DF....DF....DFBB 2926 324,123,226,312,369,456,408,261,207,150,72,18
06 ..DE....DE.FAADE.F.......C...G.CBB.G 1777 514,103,269,219,330,306,36
10 .....G....FG.AA.FG..DE...CDE...CDEBB 4447 591,108,394,318,516,849,795,432,222,144,78
07 ..DE....DEFHAADEFH......C...G.CBB.G. 6835 1354,312,612,960,1380,1455,690,72
10 ....F.C...FGCAA.FG..DE....DE....DEBB 4603 507,123,244,396,525,897,909,489,303,174,36
08 .....F.C...F.CAA.F...E...D.E...D.EBB 352 60,16,60,48,66,60,12,18,12
08 ....F..C..F..CAAF....E...D.E...D.EBB 286 42,16,42,42,60,60,9,9,6
09 ....FG.C..FG.CAAFG...E...D.E...D.EBB 952 42,16,90,168,168,216,180,27,27,18
09 .....G.C...G.CAA.G...F...DEF...DEFBB 1334 270,52,190,138,186,228,126,60,60,24
09 .....G.C..FG.CAAFG...E...D.E...D.EBB 1406 162,48,200,222,252,270,144,54,42,12
09 ....G..C..G..CAAG....F...DEF...DEFBB 1025 180,52,109,126,162,216,120,33,21,6
10 ....GH.C..GH.CAAGH...F...DEF...DEFBB 3314 180,52,265,453,504,618,702,360,99,63,18
10 .....H.CE..H.CEAAH...G...DFG...DFGBB 1230 270,42,150,102,138,174,156,84,60,42,12
10 .....H.C..GH.CAAGH...F...DEF...DEFBB 5116 720,156,620,620,738,888,726,360,186,90,12
08 ....F..C..F..CAAF...E....DE....DEBB. 242 39,44,18,15,39,33,18,24,12
09 ....FG.C..FG.CAAFG..E....DE....DEBB. 803 39,44,150,69,75,138,108,66,78,36
09 ....G..C..G..CAAG...E....DEF...DEFBB 928 177,114,58,60,117,153,114,81,48,6
10 ....GH.C..GH.CAAGH..E....DEF...DEFBB 2977 177,114,400,234,279,453,519,378,261,144,18
11 ..E..G.CE..G.CEAAG...F...D.F...D.FBB 836 210,26,87,39,63,129,114,51,30,30,39,18
10 ....G..C..G..CAAG...EF...DEF...DEFBB 599 138,26,24,39,54,117,108,48,27,12,6
11 ....GH.C..GH.CAAGH..EF...DEF...DEFBB 1844 138,26,102,111,171,252,414,342,153,81,36,18
11 .....H.C..GH.CAAGH..EF...DEF...DEFBB 3046 558,78,271,165,258,447,513,330,162,114,102,48
07 ....F...D.F.AAD.F...E...C.E...C.EBB. 238 22,32,34,16,26,24,42,42
08 ....FG..D.FGAAD.FG..E...C.E...C.EBB. 829 22,32,130,118,68,93,93,147,126
08 ....G...DFG.AADFG...E...C.E...C.EBB. 975 105,91,114,90,91,109,141,165,69
09 ....GH..DFGHAADFGH..E...C.E...C.EBB. 3330 105,91,387,432,349,346,399,495,519,207
09 ....H...DFH.AADFH...E...C.EG..C.EGBB 959 117,59,92,118,93,99,117,141,99,24
10 ....HI..DFHIAADFHI..E...C.EG..C.EGBB 3203 117,59,269,394,441,351,354,402,447,297,72
10 .....H..DF.HAADF.H..EG..C.EG..C.EGBB 565 71,27,97,58,39,39,38,49,60,57,30
10 ....H...DFH.AADFH...EG..C.EG..C.EGBB 440 56,27,46,58,37,36,33,45,54,36,12
11 ....HI..DFHIAADFHI..EG..C.EG..C.EGBB 1451 56,27,127,196,211,141,126,114,147,162,108,36
09 ....G...D.G.AAD.G...EF..C.EF..C.EFBB 669 83,27,52,80,55,81,78,99,93,21
10 ....GH..D.GHAAD.GH..EF..C.EF..C.EFBB 2244 83,27,133,236,295,228,288,279,333,279,63
05 ..D.....D.E.AAD.E.......C...F.CBB.F. 600 132,178,122,90,66,12
06 ..D..G..D.EGAAD.EG......C...F.CBB.F. 1898 112,145,522,432,387,264,36
07 ....E.C...E.CAA.E...D.....D.....DBB. 360 46,56,36,30,78,48,30,36
08 ....EFC...EFCAA.EF..D.....D.....DBB. 1236 46,56,204,138,150,267,159,108,108
06 ..D.....DEF.AADEF.......C...G.CBB.G. 2408 610,471,387,406,342,168,24
07 ..D..H..DEFHAADEFH......C...G.CBB.G. 7342 510,372,1382,1298,1569,1449,690,72
08 ....F.C..EF.CAAEF...D.....D.....DBB. 1484 215,153,120,132,237,279,171,123,54
09 ....FGC..EFGCAAEFG..D.....D.....DBB. 4991 215,153,579,492,597,906,933,567,387,162
05 ..D.....DE..AADE........C..F..CBBF.. 877 411,196,111,102,51,6
06 ..D..G..DE.GAADE.G......C..F..CBBF.. 2003 291,130,451,348,423,288,72
09 ....G.C..EG.CAAEG...D.....DF....DFBB 1456 231,97,96,150,207,273,195,117,72,18
10 ....GHC..EGHCAAEGH..D.....DF....DFBB 4795 231,97,387,438,639,825,918,621,369,216,54
05 ..D.....DE..AADE.....F..C..F..CBBF.. 388 188,74,43,44,36,3
10 .....GC..E.GCAAE.G..DF....DF....DFBB 852 128,41,141,72,81,113,78,54,54,54,36
10 ....G.C..EG.CAAEG...DF....DF....DFBB 662 108,41,48,72,75,108,75,51,48,27,9
11 ....GHC..EGHCAAEGH..DF....DF....DFBB 2156 108,41,171,216,291,315,366,234,162,144,81,27
10 ..D..FC.D..FC.DAAF...E.....E.....EBB 1296 229,41,147,96,129,258,171,78,75,45,27
07 ..DE....DEFGAADEFG......C....HCBB..H 7642 1414,312,900,960,1422,1632,894,108
06 ..DE....DEF.AADEF.......C...G.CBB.G. 1622 478,115,147,261,321,264,36
11 .....I..DFHIAADFHI..EG..C.EG..C.EGBB 2200 198,81,311,266,231,180,163,174,218,222,132,24
09 ....F.C...F.CAA.F...DE....DE....DEBB 1032 169,41,54,96,111,243,162,69,69,18
10 ....FGC...FGCAA.FG..DE....DE....DEBB 3402 169,41,177,258,399,522,828,513,234,207,54
10 .....H..D.GHAAD.GH..EF..C.EF..C.EFBB 3337 339,81,329,344,337,347,384,408,420,270,78
06 ..D.....DEG.AADEG.......C..F..CBBF.. 2881 1053,489,376,468,351,132,12
07 ..D..H..DEGHAADEGH......C..F..CBBF.. 7597 813,357,1295,1166,1593,1455,774,144
06 ..D.....DEG.AADEG....F..C..F..CBBF.. 1289 484,189,150,192,181,87,6
11 .....HC..EGHCAAEGH..DF....DF....DFBB 3320 364,123,443,312,381,460,409,264,216,204,126,18
06 ..DE....DE.FAADE.F......C....GCBB..G 1999 538,115,311,261,363,357,54
10 .....GC...FGCAA.FG..DE....DE....DEBB 5111 627,123,461,396,561,909,912,498,306,228,90
09 ....G...E.GHAAE.GH..F...CDF...CDFBB. 3573 279,363,518,280,214,285,398,585,495,156
10 ....H...EGHIAAEGHI..F...CDF...CDFBB. 13560 1320,1014,1576,1140,894,1068,1450,1996,1956,972,174
11 ....I...EGIJAAEGIJ..F...CDFH..CDFHBB 12443 1449,651,1130,1172,1024,979,1192,1579,1713,1128,378,48
12 ....I...EGIJAAEGIJ..FH..CDFH..CDFHBB 5529 687,288,540,580,454,358,367,446,579,594,432,180,24
11 ....H...E.HIAAE.HI..FG..CDFG..CDFGBB 8527 1041,288,576,736,650,688,891,1086,1221,900,372,78
09 ....F.C...FGCAA.FG..E....DE....DEBB. 5344 597,681,742,372,570,735,558,513,432,144
10 ....G.C..FGHCAAFGH..E....DE....DEBB. 20460 2760,1818,2148,1416,1914,2820,2790,2208,1650,792,144
11 ....H.C..FHICAAFHI..E....DEG...DEGBB 18764 2907,1137,1478,1380,1824,2529,2652,2103,1542,888,288,36
12 ....H.C..FHICAAFHI..EG...DEG...DEGBB 8242 1341,456,664,672,738,930,981,774,639,531,354,144,18
11 ....G.C...GHCAA.GH..EF...DEF...DEFBB 13126 2163,456,700,840,1050,1848,2313,1662,1041,675,306,72
08 ....G...E.G.AAE.G...F...CDF...CDFBB. 792 93,121,92,32,54,67,105,150,78
09 ....GH..E.GHAAE.GH..F...CDF...CDFBB. 2688 93,121,455,308,138,205,255,390,489,234
09 ....H...EGH.AAEGH...F...CDF...CDFBB. 3059 440,338,300,180,186,260,368,513,387,87
10 ....HI..EGHIAAEGHI..F...CDF...CDFBB. 10061 440,338,1314,1080,702,734,974,1338,1695,1185,261
10 ....I...EGI.AAEGI...F...CDFH..CDFHBB 2863 483,217,232,236,188,221,299,411,387,165,24
11 ....IJ..EGIJAAEGIJ..F...CDFH..CDFHBB 9097 483,217,883,932,884,725,815,1056,1350,1185,495,72
11 .....I..EG.IAAEG.I..FH..CDFH..CDFHBB 1834 304,96,320,116,78,82,98,130,169,198,177,66
11 ....I...EGI.AAEGI...FH..CDFH..CDFHBB 1288 229,96,116,116,74,74,85,117,153,138,78,12
12 ....IJ..EGIJAAEGIJ..FH..CDFH..CDFHBB 4012 229,96,404,464,422,284,271,297,390,471,414,234,36
10 ....H...E.H.AAE.H...FG..CDFG..CDFGBB 1960 347,96,128,160,110,168,213,267,285,147,39
11 ....HI..E.HIAAE.HI..FG..CDFG..CDFGBB 6220 347,96,416,544,590,462,633,765,918,891,441,117
08 ....F.C...F.CAA.F...E....DE....DEBB. 1194 199,227,96,60,162,153,99,126,72
09 ....FGC...FGCAA.FG..E....DE....DEBB. 3951 199,227,777,348,306,591,513,360,414,216
12 .....J..EGIJAAEGIJ..FH..CDFH..CDFHBB 6647 837,288,1016,580,462,370,385,459,598,710,630,288,24
11 .....I..E.HIAAE.HI..FG..CDFG..CDFGBB 10029 1491,288,1052,736,674,724,945,1125,1230,1008,570,186
09 ....G.C..FG.CAAFG...E....DE....DEBB. 4658 920,606,312,264,486,684,552,447,315,72
10 ....GHC..FGHCAAFGH..E....DE....DEBB. 14882 920,606,2130,1200,1206,1938,2370,1866,1467,963,216
10 ....H.C..FH.CAAFH...E....DEG...DEGBB 4354 969,379,240,300,420,615,561,417,309,126,18
11 ....HIC..FHICAAFHI..E....DEG...DEGBB 13441 969,379,1377,1020,1284,1719,2145,1830,1341,945,378,54
11 .....HC..F.HCAAF.H..EG...DEG...DEGBB 2757 547,152,492,144,162,238,218,168,162,186,198,90
11 ....H.C..FH.CAAFH...EG...DEG...DEGBB 1934 447,152,120,144,150,222,207,159,147,114,63,9
12 ....HIC..FHICAAFHI..EG...DEG...DEGBB 5861 447,152,576,504,582,636,789,663,504,450,342,189,27
11 ..E..GCDE..GCDEAAG...F.....F.....FBB 4176 1021,152,504,192,258,552,528,300,228,189,171,81
10 ....G.C...G.CAA.G...EF...DEF...DEFBB 3051 721,152,132,192,222,504,495,273,207,117,36
11 ....GHC...GHCAA.GH..EF...DEF...DEFBB 9354 721,152,588,588,798,1062,1827,1611,900,648,351,108
12 .....IC..FHICAAFHI..EG...DEG...DEGBB 9961 1541,456,1532,672,762,950,987,781,660,672,624,306,18
11 .....HC...GHCAA.GH..EF...DEF...DEFBB 15347 2763,456,1568,840,1122,1908,2331,1683,1056,810,576,234
08 ..EF....EFGIAAEFGI......CD..HJCDBBHJ 20027 3884,757,2127,2153,3108,3861,3165,936,36
10 ....G.CD..GHCDAAGH..F....EF....EFBB. 4212 549,603,582,210,294,450,387,363,420,282,72
11 ....H.CD..HICDAAHI..F....EFG...EFGBB 15090 2475,1539,1602,780,975,1593,1794,1566,1398,984,348,36
12 ....H.CD..HICDAAHI..FG...EFG...EFGBB 8913 1926,333,456,444,525,951,1404,1173,738,501,294,132,36
09 ....F.C...FGCAA.FG..E...D.E...D.EBB. 1364 144,165,182,93,147,198,129,126,132,48
10 ....G.C..FGHCAAFGH..E...D.E...D.EBB. 5332 666,441,534,376,504,759,714,522,456,288,72
11 ....H.C..FHICAAFHI..E...D.EG..D.EGBB 5004 702,276,376,389,489,681,723,516,396,300,132,24
12 ....H.C..FHICAAFHI..EG..D.EG..D.EGBB 2220 324,111,170,190,201,258,285,192,153,156,114,54,12
11 ....G.C...GHCAA.GH..EF..D.EF..D.EFBB 3506 522,111,182,243,285,492,630,384,249,252,132,24
09 ....G.CD..G.CDAAG...F....EF....EFBB. 954 183,201,60,30,84,105,69,90,96,36
10 ....GHCD..GHCDAAGH..F....EF....EFBB. 3075 183,201,663,210,156,324,354,252,318,306,108
10 ....H.CD..H.CDAAH...F....EFG...EFGBB 3504 825,513,192,132,249,405,381,324,309,156,18
11 ....HICD..HICDAAHI..F....EFG...EFGBB 10761 825,513,1731,708,609,1032,1437,1299,1104,981,468,54
12 ..F..HCDF..HCDFAAH...G...E.G...E.GBB 3240 1002,111,357,96,129,294,357,222,153,144,168,153,54
11 ....H.CD..H.CDAAH...FG...EFG...EFGBB 2139 642,111,78,96,111,261,333,204,138,99,48,18
12 ....HICD..HICDAAHI..FG...EFG...EFGBB 6132 642,111,411,330,399,540,999,1098,666,441,297,144,54
12 .....ICD..HICDAAHI..FG...EFG...EFGBB 11106 2646,333,1107,444,561,999,1419,1185,750,582,534,402,144
08 ....F.C...F.CAA.F...E...D.E...D.EBB. 304 48,55,24,15,42,42,18,36,24
09 ....FGC...FGCAA.FG..E...D.E...D.EBB. 1012 48,55,189,87,78,156,135,72,120,72
09 ....G.C..FG.CAAFG...E...D.E...D.EBB. 1208 222,147,80,72,126,186,132,105,102,36
10 ....GHC..FGHCAAFGH..E...D.E...D.EBB. 3902 222,147,521,312,324,513,636,444,357,318,108
10 ....H.C..FH.CAAFH...E...D.EG..D.EGBB 1152 234,92,64,87,108,168,150,93,90,54,12
11 ....HIC..FHICAAFHI..E...D.EG..D.EGBB 3618 234,92,340,279,360,453,591,480,309,282,162,36
11 .....HC..F.HCAAF.H..EG..D.EG..D.EGBB 716 132,37,122,42,42,67,62,36,44,54,54,24
11 ....H.C..FH.CAAFH...EG..D.EG..D.EGBB 516 108,37,32,42,39,63,60,33,39,36,21,6
12 ....HIC..FHICAAFHI..EG..D.EG..D.EGBB 1596 108,37,143,138,165,171,228,186,108,123,108,63,18
11 ..E..GC.E..GC.EAAG...F..D..F..D..FBB 1084 246,37,126,57,66,147,141,57,72,72,45,18
10 ....G.C...G.CAA.G...EF..D.EF..D.EFBB 808 174,37,36,57,57,135,135,48,63,54,12
11 ....GHC...GHCAA.GH..EF..D.EF..D.EFBB 2524 174,37,147,165,228,279,495,423,171,207,162,36
10 ....G.C...GHCAA.GH..F...DEF...DEFBB. 4744 630,690,658,222,303,483,405,393,504,360,96
12 .....IC..FHICAAFHI..EG..D.EG..D.EGBB 2636 372,111,380,190,207,263,285,196,160,190,180,90,12
11 .....HC...GHCAA.GH..EF..D.EF..D.EFBB 4046 666,111,392,243,303,507,630,396,258,282,198,60
11 ....H.C..GHICAAGHI..F...DEF...DEFBB. 17360 2880,1800,1842,860,1026,1710,1914,1662,1638,1344,588,96
12 ....I.C..GIJCAAGIJ..F...DEFH..DEFHBB 15384 2970,1110,1232,850,987,1467,1785,1545,1362,1176,672,204,24
13 ....I.C..GIJCAAGIJ..FH..DEFH..DEFHBB 6612 1350,420,526,416,402,525,657,549,462,477,432,282,102,12
12 ....H.C...HICAA.HI..FG..DEFG..DEFGBB 10516 2250,420,550,522,570,1011,1521,1227,828,765,564,240,48
09 ....G.C...G.CAA.G...F...DEF...DEFBB. 1076 210,230,66,30,87,114,69,102,120,48
10 ....GHC...GHCAA.GH..F...DEF...DEFBB. 3458 210,230,756,228,159,342,381,258,366,384,144
11 ....H.CE..HICEAAHI..G...DFG...DFGBB. 3992 594,633,548,129,156,285,276,267,402,426,228,48
12 ....I.CE..IJCEAAIJ..G...DFGH..DFGHBB 13612 2646,1575,1452,484,522,951,1200,1140,1242,1296,828,252,24
10 ....H.C..GH.CAAGH...F...DEF...DEFBB. 4036 960,600,214,144,258,438,399,348,387,240,48
11 ....HIC..GHICAAGHI..F...DEF...DEFBB. 12364 960,600,2014,786,654,1092,1554,1365,1212,1251,732,144
11 ....I.C..GI.CAAGI...F...DEFH..DEFHBB 3660 990,370,164,174,219,372,402,312,315,240,90,12
12 ....IJC..GIJCAAGIJ..F...DEFH..DEFHBB 10734 990,370,1274,666,723,942,1353,1323,1044,1011,732,270,36
12 .....IC..G.ICAAG.I..FH..DEFH..DEFHBB 2478 570,140,442,84,84,140,158,116,124,164,216,180,60
13 ....I.CE..IJCEAAIJ..GH..DFGH..DFGHBB 7478 2052,309,368,279,285,519,891,843,579,513,444,264,108,24
12 ....I.C..GI.CAAGI...FH..DEFH..DEFHBB 1596 450,140,82,84,78,129,150,108,111,117,96,45,6
13 ....IJC..GIJCAAGIJ..FH..DEFH..DEFHBB 4566 450,140,502,330,330,345,486,483,348,354,357,288,135,18
12 ..F..HCEF..HCEFAAH...G..D..G..D..GBB 3728 1110,140,450,114,132,312,384,228,201,228,216,159,54
11 ....H.C...H.CAA.H...FG..DEFG..DEFGBB 2522 750,140,90,114,114,279,360,204,174,177,96,24
12 ....HIC...HICAA.HI..FG..DEFG..DEFGBB 7244 750,140,510,384,456,567,1080,1179,684,585,549,288,72
13 .....JC..GIJCAAGIJ..FH..DEFH..DEFHBB 8454 1590,420,1366,416,414,541,662,557,480,564,670,552,210,12
12 .....IC...HICAA.HI..FG..DEFG..DEFGBB 12922 2970,420,1390,522,606,1059,1536,1251,858,846,798,510,156
07 ..DE....DEFGAADEFG.............BBCC. 1788 355,40,88,156,336,462,297,54
06 ...E.....EFGAA.EFG.......D.....DBBCC 2212 440,96,256,448,600,348,24
07 ...F....EFGHAAEFGH.......D.....DBBCC 7740 1896,304,736,1232,1784,1368,396,24
06 ..E.....E.FGAAE.FG.......D.....DBBCC 2266 448,528,560,292,294,132,12
07 ..E.....EFGHAAEFGH.......D.....DBBCC 7824 1904,1200,1400,952,1180,876,288,24
05 ....D.....DEAA..DE.............BBCC. 266 3,12,35,63,99,54
06 ....E....DEFAA.DEF.............BBCC. 954 12,24,82,170,300,276,90
07 ....F....DFGAA.DFG.........E...BBECC 784 9,12,47,107,201,246,138,24
06 ...D.....DEGAA.DEG..........F.BBCCF. 714 58,16,64,144,222,174,36
06 ....E...D.EFAAD.EF.............BBCC. 801 12,30,80,148,285,210,36
07 ....F...DEFGAADEFG.............BBCC. 2994 48,60,184,396,818,930,474,84
08 ....G...DEGHAADEGH.........F...BBFCC 2529 36,30,104,248,533,768,582,204,24
07 ...E....DEFHAADEFH..........G.BBCCG. 2403 249,48,176,396,646,606,246,36
06 ..D.....D.EGAAD.EG..........F.BBCCF. 533 59,74,103,96,117,72,12
07 ..D.....DEFHAADEFH..........G.BBCCG. 2018 250,168,264,314,440,390,168,24
06 ..DE....DE.FAADE.F.............BBCC. 525 164,20,38,54,114,108,27
06 ..E.....E.FGAAE.FG......D.....DBBCC. 2530 478,578,620,308,324,186,36
07 ..DE....DEFHAADEFH..........G.BBCCG. 1353 191,20,50,102,222,354,306,108
06 ....E.....EFAA..EF.......D.....DBBCC 756 12,36,96,168,264,162,18
07 ..E.....EFGHAAEFGH......D.....DBBCC. 8888 2036,1320,1588,1064,1284,1068,456,72
07 ....F....EFGAA.EFG.......D.....DBBCC 2464 48,72,216,424,744,684,252,24
05 ...E.....E.FAA.E.F.......D.....DBBCC 646 202,48,96,144,144,12
08 ..EF....EFGHAAEFGH......D.....DBBCC. 5356 1558,164,300,400,768,1056,786,270,54
07 ....F...E.FGAAE.FG.......D.....DBBCC 2160 48,96,220,380,732,552,120,12
08 ....G...EFGHAAEFGH.......D.....DBBCC 7416 192,192,488,960,1984,2184,1128,264,24
06 ...F....EF.GAAEF.G.......D.....DBBCC 2364 876,152,288,400,468,168,12
05 ..E.....E..FAAE..F.......D.....DBBCC 824 206,246,228,84,54,6
06 ..E.....EF.GAAEF.G.......D.....DBBCC 2728 880,564,580,284,288,120,12
07 ....F.....FG.DAAFG.D.....E.....EBBCC 514 9,24,61,105,165,114,30,6
06 ....E.....EFAA..EF......D.....DBBCC. 1009 12,42,118,210,330,243,54
07 ....F....EFGAA.EFG......D.....DBBCC. 3506 48,84,272,552,972,1002,486,90
08 ....G....EGHAA.EGH......D..F..DBBFCC 2833 36,42,154,342,642,831,576,186,24
07 ....F...E.FGAAE.FG......D.....DBBCC. 2774 48,108,264,464,894,738,222,36
08 ....G...EFGHAAEFGH......D.....DBBCC. 9980 192,216,600,1216,2500,2940,1716,516,84
09 ....H...EFHIAAEFHI......D..G..DBBGCC 8262 144,108,336,752,1606,2346,1902,840,204,24
05 ..E.....E..FAAE..F......D.....DBBCC. 911 221,271,248,84,69,18
06 ..E.....EF.GAAEF.G......D.....DBBCC. 3060 946,624,650,300,324,180,36
10 ....H.CE..H.CEAAH...G...DFG...DFGBB. 916 198,211,42,15,45,72,51,66,108,84,24
11 ....HICE..HICEAAHI..G...DFG...DFGBB. 2878 198,211,675,141,81,186,246,186,252,366,264,72
07 ..EF....EF.GAAEF.G......D.....DBBCC. 1714 725,82,130,132,252,258,108,27
07 ..F.....F.GHAAF.GH......DE....DEBBCC 8344 1972,2252,2204,680,672,432,120,12
07 ....F.....FGAA..FG......DE....DEBBCC 3004 48,132,340,588,924,732,222,18
08 ..F.....FGHIAAFGHI......DE....DEBBCC 27536 8384,5112,5416,2288,2616,2304,1128,264,24
08 ....G....FGHAA.FGH......DE....DEBBCC 9440 192,264,752,1440,2520,2592,1332,324,24
11 ....I.CE..I.CEAAI...G...DFGH..DFGHBB 3224 882,525,134,72,132,252,267,243,309,282,114,12
12 ....IJCE..IJCEAAIJ..G...DFGH..DFGHBB 9506 882,525,1709,474,330,579,918,921,867,1041,882,342,36
08 ....G...F.GHAAF.GH......DE....DEBBCC 7936 192,360,768,1264,2436,2064,696,144,12
13 ..G..ICEG..ICEGAAI...H..DF.H..DF.HBB 3076 1116,103,324,57,66,165,243,171,129,156,183,195,132,36
12 ....I.CE..I.CEAAI...GH..DFGH..DFGHBB 1858 684,103,54,57,57,144,225,156,111,123,90,42,12
13 ....IJCE..IJCEAAIJ..GH..DFGH..DFGHBB 4936 684,103,363,219,228,288,585,756,513,378,387,270,126,36
09 ....H...FGHIAAFGHI......DE....DEBBCC 25984 768,720,1680,3104,6392,7296,4248,1440,312,24
13 .....JCE..IJCEAAIJ..GH..DFGH..DFGHBB 9920 2916,309,998,279,303,552,906,855,600,564,624,570,348,96
06 ..F.....F..GAAF..G......DE....DEBBCC 3260 914,1054,914,168,150,54,6
07 ..F.....FG.HAAFG.H......DE....DEBBCC 10416 3904,2412,2276,600,672,420,120,12
08 ....G.....GH.EAAGH.E....DF....DFBBCC 2115 36,90,222,378,594,513,222,54,6
04 .....D.....DAA...D..............BBCC 87 3,12,36,24,12
04 ....D.....D.AA..D..............BBCC. 59 1,4,9,18,27
05 ....DE....DEAA..DE.............BBCC. 206 1,4,21,36,63,81
05 .....E...D.EAA.D.E..............BBCC 288 12,24,84,84,72,12
05 ....E....DE.AA.DE..............BBCC. 214 4,8,22,48,87,45
06 ....EF...DEFAA.DEF.............BBCC. 736 4,8,46,96,174,273,135
06 ....F....DF.AA.DF..........E...BBECC 179 3,4,13,30,60,57,12
07 ....FG...DFGAA.DFG.........E...BBECC 602 3,4,25,60,111,192,171,36
06 ...D.....DEFAA.DEF...........GBBCC.G 832 64,16,68,144,234,222,84
05 ...D.....DE.AA.DE...........F.BBCCF. 169 23,8,24,48,54,12
05 .....E..D..EAAD..E..............BBCC 293 13,34,108,90,42,6
05 ....E...D.E.AAD.E..............BBCC. 178 4,10,20,42,84,18
06 ....EF..D.EFAAD.EF.............BBCC. 619 4,10,50,84,159,258,54
06 .....F..DE.FAADE.F..............BBCC 976 52,68,244,276,252,72,12
06 ....F...DEF.AADEF..............BBCC. 673 16,20,48,112,246,189,42
07 ....FG..DEFGAADEFG.............BBCC. 2305 16,20,108,220,438,798,579,126
07 ....G...DEG.AADEG..........F...BBFCC 579 12,10,28,70,162,195,90,12
08 ....GH..DEGHAADEGH.........F...BBFCC 1938 12,10,58,136,279,540,597,270,36
07 ...E....DEFGAADEFG...........HBBCC.H 2826 276,48,194,396,676,738,414,84
06 ...E....DEF.AADEF...........G.BBCCG. 579 99,24,64,134,168,78,12
05 ..D..E..D..EAAD..E.............BB.CC 164 10,13,42,45,36,18
05 ..D.....D.E.AAD.E...........F.BBCCF. 127 23,29,18,24,27,6
06 ..D..G..D.EGAAD.EG..........F.BBCCF. 383 13,16,57,69,87,87,54
06 ..D..F..DE.FAADE.F.............BB.CC 550 40,26,88,108,144,99,45
06 ..D.....DEF.AADEF...........G.BBCCG. 491 99,68,53,85,108,66,12
07 ..D..H..DEFHAADEFH..........G.BBCCG. 1428 52,32,118,164,282,345,309,126
07 ..D..G..DE.GAADE.G.........F...BBFCC 434 30,13,46,63,108,93,63,18
05 ..DE....DE..AADE...............BBCC. 149 67,10,9,18,36,9
08 ..DE....DEFGAADEFG...........H.BBCCH 1604 212,20,64,102,228,387,375,180,36
06 ..DE....DEF.AADEF...........G.BBCCG. 335 76,10,15,36,72,90,36
05 .....E.....EAA...E.......D.....DBBCC 276 12,36,108,72,36,12
05 ....E.....E.AA..E........D.....DBBCC 169 4,12,24,48,72,9
06 ....EF....EFAA..EF.......D.....DBBCC 583 4,12,60,96,168,216,27
06 .....F...E.FAA.E.F.......D.....DBBCC 828 48,72,240,216,192,48,12
06 ....F....EF.AA.EF........D.....DBBCC 558 16,24,56,120,216,114,12
07 ....FG...EFGAA.EFG.......D.....DBBCC 1890 16,24,128,240,432,672,342,36
04 ...E.....E..AA.E.........D.....DBBCC 185 83,24,24,48,6
06 .....F..E..FAAE..F.......D.....DBBCC 928 52,108,336,264,120,42,6
06 ....F...E.F.AAE.F........D.....DBBCC 484 16,32,52,108,216,54,6
07 ....FG..E.FGAAE.FG.......D.....DBBCC 1660 16,32,148,216,408,660,162,18
07 .....G..EF.GAAEF.G.......D.....DBBCC 2808 208,216,728,720,660,204,60,12
05 .....E....DEAA..DE..............BBCC 317 7,28,102,102,60,18
06 .....F...DEFAA.DEF..............BBCC 1084 28,56,232,312,288,144,24
05 ...D.....D.EAA.D.E...........FBBCC.F 215 29,8,28,48,66,36
07 ...D.....DEGAA.DEG..........FHBBCCFH 689 35,8,40,96,168,198,120,24
06 .....F..D.EFAAD.EF..............BBCC 1016 30,78,290,324,210,72,12
07 .....G..DEFGAADEFG..............BBCC 3542 120,156,644,924,960,546,168,24
07 ....G...EFG.AAEFG........D.....DBBCC 1684 64,64,120,272,600,432,120,12
08 ....GH..EFGHAAEFGH.......D.....DBBCC 5668 64,64,312,536,1056,1920,1320,360,36
06 ...E....DE.FAADE.F...........GBBCC.G 750 126,24,82,134,198,150,36
08 ...E....DEFHAADEFH..........GIBBCCGI 2292 150,24,112,262,478,612,462,168,24
05 ...F....EF..AAEF.........D.....DBBCC 702 360,76,68,132,60,6
06 ..D..F..D.EFAAD.EF.............BB.CC 523 23,29,99,114,123,99,36
07 ..D..G..DEFGAADEFG.............BB.CC 1882 92,58,206,272,426,432,306,90
08 ..D..H..DEGHAADEGH.........F...BBFCC 1551 69,29,107,158,303,357,330,162,36
07 ..DE....DE.FAADE.F...........G.BBCCG 442 97,10,29,36,78,111,63,18
06 ..DE....DEF.AADEF..............BBCC. 466 143,20,24,54,108,99,18
08 ..DE....DEFHAADEFH..........GIBBCCGI 1270 115,10,35,66,150,276,330,216,72
06 .....F....EFAA..EF.......D.....DBBCC 958 28,84,300,288,168,72,18
07 .....G...EFGAA.EFG.......D.....DBBCC 2964 112,168,656,792,720,384,108,24
05 ...E.....EF.AA.EF........D.....DBBCC 582 178,48,80,144,120,12
07 .....G..E.FGAAE.FG.......D.....DBBCC 3016 120,248,884,900,552,228,72,12
08 .....H..EFGHAAEFGH.......D.....DBBCC 9544 480,496,1896,2352,2352,1320,480,144,24
04 ..E.....E...AAE..........D.....DBBCC 221 83,99,12,24,3
06 ..E..F..E..FAAE..F.......D.....DBBCC 520 40,48,150,138,90,45,9
05 ..E.....EF..AAEF.........D.....DBBCC 778 360,234,46,78,54,6
07 ..E..G..EF.GAAEF.G.......D.....DBBCC 1590 160,96,308,312,372,216,108,18
06 ...F....EFG.AAEFG........D.....DBBCC 2100 768,152,216,400,408,144,12
06 .....F.....F.DAA.F.D.....E.....EBBCC 201 9,24,72,48,24,18,6
06 ....F.....F..DAAF..D.....E.....EBBCC 116 3,8,15,30,45,12,3
07 ....FG....FG.DAAFG.D.....E.....EBBCC 395 3,8,39,60,105,135,36,9
07 ....F.....FGDAA.FGD.....E.....EBBCC. 899 9,30,83,147,231,231,132,36
08 ....G....FGHDAAFGHD.....E.....EBBCC. 3068 36,60,190,382,672,810,606,264,48
09 ....H....FHIDAAFHID.....E..G..EBBGCC 2457 27,30,107,235,441,627,570,312,96,12
05 ..E.....E.F.AAE.F........D.....DBBCC 582 178,210,56,72,60,6
07 ..E..G..E.FGAAE.FG.......D.....DBBCC 1506 92,108,352,336,294,216,90,18
06 ..E.....EFG.AAEFG........D.....DBBCC 2100 768,492,172,248,276,132,12
08 ..E..H..EFGHAAEFGH.......D.....DBBCC 4956 368,216,720,760,1044,912,648,252,36
07 .....G....FG.DAAFG.D.....E.....EBBCC 677 21,56,198,186,108,66,36,6
05 ....E.....E.AA..E.......D.....DBBCC. 225 4,14,30,60,90,27
06 ....EF....EFAA..EF......D.....DBBCC. 780 4,14,72,120,210,279,81
06 ....F....EF.AA.EF.......D.....DBBCC. 791 16,28,72,156,282,192,45
07 ....FG...EFGAA.EFG......D.....DBBCC. 2699 16,28,156,312,564,900,588,135
07 ....G....EG.AA.EG.......D..F..DBBFCC 650 12,14,42,96,192,201,81,12
08 ....GH...EGHAA.EGH......D..F..DBBFCC 2171 12,14,84,192,354,621,615,243,36
06 ....F...E.F.AAE.F.......D.....DBBCC. 620 16,36,64,132,264,90,18
07 ....FG..E.FGAAE.FG......D.....DBBCC. 2138 16,36,172,264,498,822,276,54
07 ....G...EFG.AAEFG.......D.....DBBCC. 2258 64,72,152,344,756,618,210,42
08 ....GH..EFGHAAEFGH......D.....DBBCC. 7658 64,72,368,680,1332,2460,1914,642,126
08 ....G.....GHDAA.GHD.....EF....EFBBCC 2764 36,96,244,420,660,696,450,150,12
08 ....H...EFH.AAEFH.......D..G..DBBGCC 1902 48,36,88,212,492,600,324,90,12
09 ....HI..EFHIAAEFHI......D..G..DBBGCC 6312 48,36,196,416,834,1638,1854,984,270,36
09 ....H....GHIDAAGHID.....EF....EFBBCC 8512 144,192,536,1016,1776,2160,1692,804,180,12
04 ..E.....E...AAE.........D.....DBBCC. 243 89,109,12,24,9
06 ..E..F..E..FAAE..F......D.....DBB.CC 579 43,53,165,153,102,45,18
05 ..E.....EF..AAEF........D.....DBBCC. 865 387,259,54,78,69,18
07 ..E..G..EF.GAAEF.G......D.....DBB.CC 1808 172,106,342,354,423,222,144,45
08 ..E..H..EF.HAAEF.H......D..G..DBBGCC 1355 129,53,177,201,321,213,162,81,18
06 ..EF....EF..AAEF........D.....DBBCC. 525 298,41,24,42,75,36,9
09 ..EF....EFGHAAEFGH......D....IDBBCCI 4544 926,82,232,268,534,888,912,504,162,36
06 ....F.....F.AA..F.......DE....DEBBCC 675 16,44,84,168,252,102,9
07 ....FG....FGAA..FG......DE....DEBBCC 2313 16,44,216,336,588,780,306,27
07 ....G....FG.AA.FG.......DE....DEBBCC 2150 64,88,192,408,732,504,150,12
08 ....GH...FGHAA.FGH......DE....DEBBCC 7226 64,88,456,816,1464,2316,1536,450,36
05 ..E.....E.F.AAE.F.......D.....DBBCC. 646 190,230,64,72,72,18
07 ..E..G..E.FGAAE.FG......D.....DBB.CC 1694 98,118,386,378,330,222,126,36
06 ..E.....EFG.AAEFG.......D.....DBBCC. 2364 822,542,208,264,306,186,36
08 ..E..H..EFGHAAEFGH......D.....DBB.CC 5702 392,236,796,876,1194,972,768,378,90
09 ..E..I..EFHIAAEFHI......D..G..DBBGCC 4512 294,118,410,498,864,822,786,486,198,36
08 ..EF....EF.GAAEF.G......D....HDBBCCH 1351 427,41,106,90,177,258,171,63,18
07 ..EF....EFG.AAEFG.......D.....DBBCC. 1496 632,82,68,132,234,240,90,18
07 ....G...F.G.AAF.G.......DE....DEBBCC 1788 64,120,176,360,720,276,66,6
08 ....GH..F.GHAAF.GH......DE....DEBBCC 6084 64,120,536,720,1356,2232,840,198,18
08 ....H...FGH.AAFGH.......DE....DEBBCC 5940 256,240,400,880,1944,1500,564,144,12
09 ....HI..FGHIAAFGHI......DE....DEBBCC 19788 256,240,1120,1744,3384,6240,4620,1716,432,36
06 ..E.....E.FGAAE.FG......D.....DBBCCC 1084 196,236,276,136,144,84,12
07 ..E.....EFGHAAEFGH......D.....DBBCCC 3472 784,472,600,416,528,456,192,24
09 ....H.....HIDFAAHIDF....EG....EGBBCC 2009 27,66,161,273,429,483,366,162,36,6
05 ..F.....F...AAF.........DE....DEBBCC 897 371,427,24,48,24,3
07 ..F..G..F..GAAF..G......DE....DEBBCC 1992 172,200,612,516,294,135,54,9
06 ..F.....FG..AAFG........DE....DEBBCC 3088 1608,1006,108,156,150,54,6
08 ..F..H..FG.HAAFG.H......DE....DEBBCC 5720 688,400,1248,1128,1236,534,324,144,18
06 ..F.....F.G.AAF.G.......DE....DEBBCC 2212 790,902,160,144,156,54,6
08 ..F..H..F.GHAAF.GH......DE....DEBBCC 5342 392,448,1424,1224,888,534,288,126,18
07 ..F.....FGH.AAFGH.......DE....DEBBCC 7740 3408,2108,496,528,636,432,120,12
09 ..F..I..FGHIAAFGHI......DE....DEBBCC 16388 1568,896,2896,2688,3264,2172,1608,936,324,36
07 ....G.....G..EAAG..E....DF....DFBBCC 480 12,30,54,108,162,87,24,3
08 ....GH....GH.EAAGH.E....DF....DFBBCC 1623 12,30,144,216,378,501,261,72,9
05 ...C.....CDEAA.CDE.............BBB.. 699 93,36,96,198,204,72
06 ...D....CDEFAACDEF.............BBB.. 2288 384,90,222,474,626,396,96
07 ...E....CEFGAACEFG........D.....DBBB 1709 315,54,126,276,422,348,144,24
09 ..C.....C..DAAC..D.....E.....EBBB..E 73 9,9,18,3,1,3,3,9,9,9
05 ..C.....C.DEAAC.DE............BBB... 546 88,100,100,72,114,72
11 ..C.....C.DFAAC.DF.....G....EGBBB.EG 217 15,15,30,3,1,3,9,15,33,45,36,12
10 ..C.....CD.EAACD.E.....F.....FBBB..F 249 39,21,42,6,2,6,10,24,39,39,21
06 ..C.....CDEFAACDEF............BBB... 1995 379,227,234,200,376,408,171
12 ..C.....CDEGAACDEG.....H....FHBBB.FH 842 66,36,72,6,2,6,22,44,99,168,180,111,30
11 ..C.....CD.FAACD.F.....G...E.GBBBE.G 200 36,12,24,3,1,3,7,15,30,36,27,6
07 ..C.....CDFGAACDFG.........E..BBBE.. 1653 345,127,134,128,262,360,243,54
13 ..C.....CDFHAACDFH.....I...EGIBBBEGI 745 63,21,42,3,1,3,13,29,66,129,168,135,60,12
06 ...D.....DEFAA.DEF.......C.....CBBB. 1910 402,108,228,404,468,252,48
05 ..E.....E..FAAE..F......D.....DBBCCC 412 98,118,118,36,36,6
06 ..E.....EF.GAAEF.G......D.....DBBCCC 1248 392,236,260,120,144,84,12
07 ...E....DEFGAADEFG.......C.....CBBB. 6440 1668,288,540,964,1372,1092,444,72
08 ...F....DFGHAADFGH.......CE....CEBBB 4938 1386,180,312,560,904,888,516,168,24
06 ...D.....DEFAA.DEF......C.....CBBB.. 2653 429,126,306,598,726,396,72
07 ...E....DEFGAADEFG......C.....CBBB.. 8226 1776,324,696,1352,1912,1482,588,96
06 ....F.....F.DAA.F.D.....E.....EBBCC. 202 3,10,21,42,63,45,18
07 ....FG....FGDAA.FGD.....E.....EBBCC. 694 3,10,51,84,147,204,141,54
07 ....G....FG.DAAFG.D.....E.....EBBCC. 697 12,20,50,108,195,183,105,24
08 ....GH...FGHDAAFGHD.....E.....EBBCC. 2359 12,20,110,216,390,639,579,321,72
08 ....H....FH.DAAFH.D.....E..G..EBBGCC 567 9,10,29,66,132,162,111,42,6
09 ....HI...FHIDAAFHID.....E..G..EBBGCC 1881 9,10,59,132,243,435,510,339,126,18
08 ...F....DFGHAADFGH......C.E...C.EBBB 5981 1467,198,390,754,1186,1134,636,192,24
07 ...E.....EFGAA.EFG......CD....CDBBB. 7498 1866,396,756,1228,1632,1176,396,48
04 ....C.....CDAA..CD..............BBB. 217 6,24,70,81,36
05 ....D....CDEAA.CDE..............BBB. 782 27,60,199,268,180,48
04 ...C.....C.DAA.C.D.............BBB.. 170 36,12,26,60,36
05 ...CD....CDEAA.CDE.............BBB.. 488 21,12,53,102,192,108
05 ....D...C.DEAAC.DE..............BBB. 636 24,60,160,206,144,42
06 ....E...CDEFAACDEF..............BBB. 2364 108,150,448,670,604,312,72
05 ...D....CD.EAACD.E.............BBB.. 576 150,30,62,142,144,48
06 ...DE...CDEFAACDEF.............BBB.. 1542 84,30,116,244,480,444,144
06 ....E...C.EFAAC.EF........D.....DBBB 443 18,36,90,125,108,54,12
07 ....F...CEFGAACEFG........D.....DBBB 1678 81,90,249,402,424,288,120,24
06 ...E....CE.FAACE.F........D.....DBBB 442 126,18,36,82,108,60,12
07 ...EF...CEFGAACEFG........D.....DBBB 1126 63,18,63,142,288,336,180,36
04 ..C.....C..DAAC..D............BBB... 165 35,41,38,24,27
10 ..C.....C.DEAAC.DE.....F.....FBBB..F 254 24,24,48,6,2,6,12,24,42,42,24
06 ..C.....C.DFAAC.DF..........E.BBB.E. 441 53,59,62,48,87,96,36
05 ..C.....CD.EAACD.E............BBB... 569 149,91,90,68,108,63
11 ..C.....CDEFAACDEF.....G.....GBBB..G 929 105,57,114,12,4,12,32,68,138,183,147,57
07 ....G.....G.DAA.G.D.....EF....EFBBCC 626 12,32,60,120,180,147,69,6
07 ..C.....CDEGAACDEG..........F.BBB.F. 1696 230,136,144,132,268,393,303,90
06 ..C.....CD.FAACD.F.........E..BBBE.. 452 132,50,52,44,81,75,18
08 ....GH....GHDAA.GHD.....EF....EFBBCC 2126 12,32,156,240,420,582,459,207,18
12 ..C.....CDFGAACDFG.....H...E.HBBBE.H 783 99,33,66,6,2,6,20,44,96,153,153,87,18
08 ..C.....CDFHAACDFH.........EG.BBBEG. 1471 213,77,82,84,181,309,321,168,36
05 ....D.....DEAA..DE.......C.....CBBB. 681 24,72,192,216,141,36
06 ....E....DEFAA.DEF.......C.....CBBB. 2246 108,180,528,656,498,228,48
05 ...D.....D.EAA.D.E.......C.....CBBB. 501 159,36,60,120,102,24
08 ....H....GH.DAAGH.D.....EF....EFBBCC 1952 48,64,136,288,516,498,312,84,6
06 ...DE....DEFAA.DEF.......C.....CBBB. 1230 84,36,132,216,384,306,72
09 ....HI...GHIDAAGHID.....EF....EFBBCC 6512 48,64,328,576,1032,1680,1566,948,252,18
06 ....E...D.EFAAD.EF.......C.....CBBB. 1944 96,192,440,520,438,216,42
07 ....F...DEFGAADEFG.......C.....CBBB. 6684 432,480,1196,1580,1508,1008,408,72
06 ...E....DE.FAADE.F.......C.....CBBB. 1764 666,96,148,284,348,186,36
07 ...EF...DEFGAADEFG.......C.....CBBB. 3930 336,96,292,512,960,1068,558,108
07 ....F...D.FGAAD.FG.......CE....CEBBB 1335 72,120,248,304,297,204,78,12
08 ....G...DFGHAADFGH.......CE....CEBBB 4726 324,300,668,924,1010,828,480,168,24
07 ...F....DF.GAADF.G.......CE....CEBBB 1395 567,60,88,164,246,186,72,12
08 ...FG...DFGHAADFGH.......CE....CEBBB 2916 252,60,160,296,576,762,558,216,36
08 ...F....EFGHAAEFGH......CD....CDBBB. 24304 7764,1080,1776,2768,4184,3924,2124,612,72
06 ....E.....EF.CAAEF.C.....D.....DBBB. 518 18,48,122,135,120,63,12
07 ....F.....FG.CAAFG.C.....DE....DEBBB 1440 72,132,280,314,324,234,78,6
05 ...D.....D.EAA.D.E......C.....CBBB.. 664 168,42,82,180,156,36
06 ...DE....DEFAA.DEF......C.....CBBB.. 1801 93,42,172,312,594,480,108
09 ...G....EGHIAAEGHI......CDF...CDFBBB 18270 6498,684,1020,1540,2552,2844,2016,876,216,24
06 ...E....DE.FAADE.F......C.....CBBB.. 2162 702,108,192,404,468,240,48
07 ...EF...DEFGAADEFG......C.....CBBB.. 5282 372,108,372,704,1380,1470,732,144
07 ...F....DF.GAADF.G......C.E...C.EBBB 1630 594,66,110,224,312,228,84,12
08 ...FG...DFGHAADFGH......C.E...C.EBBB 3697 279,66,200,392,786,990,696,252,36
06 ...E.....E.FAA.E.F......CD....CDBBB. 2035 747,132,196,360,402,174,24
08 ....H.....H.DFAAH.DF....EG....EGBBCC 460 9,22,39,78,117,111,66,15,3
09 ....HI....HIDFAAHIDF....EG....EGBBCC 1540 9,22,105,156,273,378,345,198,45,9
07 ...EF....EFGAA.EFG......CD....CDBBB. 4636 372,132,448,672,1188,1230,522,72
07 ...F....EF.GAAEF.G......CD....CDBBB. 6988 3138,360,480,808,1116,780,270,36
08 ...FG...EFGHAAEFGH......CD....CDBBB. 13858 1488,360,984,1504,2760,3480,2364,810,108
08 ...G....EG.HAAEG.H......CDF...CDFBBB 5469 2691,228,284,448,714,654,342,96,12
04 .....D.....DAA...D.............BBCCC 41 1,4,12,12,12
05 .....E...D.EAA.D.E.............BBCCC 124 4,8,28,36,36,12
05 .....E..D..EAAD..E.............BBCCC 136 4,10,32,36,48,6
06 .....F..DE.FAADE.F.............BBCCC 412 16,20,72,100,132,60,12
09 ...GH...EGHIAAEGHI......CDF...CDFBBB 9870 1116,228,536,832,1572,2250,1986,1026,288,36
05 .....E....DEAA..DE.............BBCCC 142 2,8,30,42,42,18
06 .....F...DEFAA.DEF.............BBCCC 448 8,16,68,116,132,84,24
06 .....F..D.EFAAD.EF.............BBCCC 450 8,20,76,112,144,78,12
07 .....G..DEFGAADEFG.............BBCCC 1444 32,40,168,296,416,324,144,24
07 ...E.....EFGCAAEFGC.....D.....DBBB.. 2434 450,90,210,400,579,471,198,36
05 .....E.....EAA...E......D.....DBBCCC 156 4,14,42,42,42,12
06 .....F...E.FAA.E.F......D.....DBBCCC 452 16,28,96,120,120,60,12
06 .....F..E..FAAE..F......D.....DBBCCC 494 16,36,112,120,162,42,6
07 .....G..EF.GAAEF.G......D.....DBBCCC 1412 64,72,248,320,420,216,60,12
04 ..E.....E...AAE.........D.....DBBCCC 117 43,53,6,12,3
05 ..E.....EF..AAEF........D.....DBBCCC 374 172,106,24,36,30,6
08 ...F.....FGHCAAFGHC.....D.E...D.EBBB 7246 1872,234,474,878,1400,1392,780,204,12
06 .....F....EFAA..EF......D.....DBBCCC 530 8,28,104,144,144,84,18
07 .....G...EFGAA.EFG......D.....DBBCCC 1604 32,56,232,384,432,312,132,24
07 .....G..E.FGAAE.FG......D.....DBBCCC 1576 32,72,264,368,468,288,72,12
08 .....H..EFGHAAEFGH......D.....DBBCCC 4784 128,144,576,944,1288,1032,504,144,24
05 ..E.....E.F.AAE.F.......D.....DBBCCC 296 86,106,32,36,30,6
06 ..E.....EFG.AAEFG.......D.....DBBCCC 980 344,212,88,120,132,72,12
08 ...F.....FGHCAAFGHC.....DE....DEBBB. 7052 1980,288,528,824,1278,1248,684,198,24
06 .....F.....FDAA..FD.....E.....EBBCCC 133 3,10,30,30,30,21,9
07 .....G...F.GDAAF.GD.....E.....EBBCCC 376 12,20,68,84,84,66,36,6
09 ...G.....GHICAAGHIC.....DEF...DEFBBB 22232 8280,792,1236,1804,3040,3504,2436,948,180,12
07 .....G....FGDAA.FGD.....E.....EBBCCC 448 6,20,74,102,102,84,48,12
08 .....H...FGHDAAFGHD.....E.....EBBCCC 1324 24,40,164,268,300,264,180,72,12
03 .....C.....CAA...C...............BBB 63 3,12,36,12
03 ....C.....C.AA..C...............BBB. 46 2,8,18,18
04 ....CD....CDAA..CD..............BBB. 169 2,8,42,63,54
04 .....D...C.DAA.C.D...............BBB 209 13,28,96,60,12
04 ....D....CD.AA.CD...............BBB. 166 9,20,53,60,24
05 ....DE...CDEAA.CDE..............BBB. 607 9,20,113,201,192,72
03 ...C.....C..AA.C...............BBB.. 41 13,4,6,18
04 ...C.D...C.DAA.C.D.............BBB.. 116 10,4,18,30,54
04 ...CD....CD.AA.CD..............BBB.. 104 7,4,15,24,54
05 ...CDE...CDEAA.CDE.............BBB.. 377 7,4,27,69,108,162
04 .....D..C..DAAC..D...............BBB 204 12,30,96,48,18
04 ....D...C.D.AAC.D...............BBB. 137 8,20,40,48,21
05 ....DE..C.DEAAC.DE..............BBB. 491 8,20,100,150,150,63
05 .....E..CD.EAACD.E...............BBB 676 52,70,248,186,96,24
05 ....E...CDE.AACDE...............BBB. 510 36,50,116,158,114,36
06 ....EF..CDEFAACDEF..............BBB. 1818 36,50,266,470,534,354,108
04 ...D....CD..AACD...............BBB.. 145 55,10,14,42,24
05 ...D.E..CD.EAACD.E.............BBB.. 376 40,10,44,72,138,72
06 ...E.....E.FCAAE.FC.....D.....DBBB.. 626 180,30,56,120,144,78,18
05 ...DE...CDE.AACDE..............BBB.. 334 28,10,32,60,132,72
06 ...DEF..CDEFAACDEF.............BBB.. 1180 28,10,62,156,276,432,216
07 ...EF....EFGCAAEFGC.....D.....DBBB.. 1613 90,30,119,210,411,459,240,54
05 .....E..C..EAAC..E........D.....DBBB 153 9,18,60,36,21,9
05 ....E...C.E.AAC.E.........D.....DBBB 97 6,12,22,30,21,6
06 ....EF..C.EFAAC.EF........D.....DBBB 340 6,12,58,87,96,63,18
06 .....F..CE.FAACE.F........D.....DBBB 503 39,42,152,126,90,42,12
06 ....F...CEF.AACEF.........D.....DBBB 368 27,30,63,98,90,48,12
07 ....FG..CEFGAACEFG........D.....DBBB 1283 27,30,153,269,342,282,144,36
05 ...E....CE..AACE..........D.....DBBB 116 48,6,8,24,24,6
06 ...E.F..CE.FAACE.F........D.....DBBB 278 30,6,26,42,84,72,18
06 ...EF...CEF.AACEF.........D.....DBBB 248 21,6,17,36,78,72,18
07 ...EFG..CEFGAACEFG........D.....DBBB 857 21,6,35,87,168,270,216,54
03 ..C.....C...AAC...............BBB... 41 13,16,3,9
08 ..C.....C...AAC........D.....DBBB..D 111 9,9,27,9,3,9,9,27,9
06 ..C.....C.DEAAC.DE...........FBBB..F 548 56,62,136,48,90,108,48
05 ..C.....C.D.AAC.D...........E.BBB.E. 101 19,22,9,15,24,12
10 ..C.....C.D.AAC.D......F....EFBBB.EF 321 15,15,45,9,3,9,27,45,81,60,12
04 ..C.....CD..AACD..............BBB... 145 55,35,10,24,21
09 ..C.....CD..AACD.......E.....EBBB..E 369 39,21,63,18,6,18,30,72,81,21
07 ..C.....CDEFAACDEF...........GBBB..G 1994 242,142,316,132,274,423,351,114
06 ..C.....CDE.AACDE...........F.BBB.F. 390 82,50,22,44,81,81,30
11 ..C.....CDE.AACDE......G....FGBBB.FG 1224 66,36,108,18,6,18,66,132,261,312,171,30
05 ..C.....CD..AACD...........E..BBBE.. 116 48,19,7,15,21,6
10 ..C.....CD..AACD.......F...E.FBBBE.F 288 36,12,36,9,3,9,21,45,72,39,6
08 ..C.....CDFGAACDFG.........E.HBBBE.H 1662 222,80,180,84,184,327,357,192,36
07 ..C.....CDF.AACDF..........EG.BBBEG. 337 75,28,13,29,57,75,48,12
12 ..C.....CDF.AACDF......H...EGHBBBEGH 1059 63,21,63,9,3,9,39,87,180,270,219,84,12
04 ....D.....D.AA..D........C.....CBBB. 146 8,24,48,48,18
05 ....DE....DEAA..DE.......C.....CBBB. 527 8,24,120,168,153,54
05 ....E....DE.AA.DE........C.....CBBB. 484 36,60,136,144,84,24
06 ....EF...DEFAA.DEF.......C.....CBBB. 1726 36,60,316,504,474,264,72
04 .....D....CDAA..CD...............BBB 250 8,32,114,78,18
04 ...D.....D..AA.D.........C.....CBBB. 130 58,12,12,36,12
05 ...D.E...D.EAA.D.E.......C.....CBBB. 313 43,12,48,60,114,36
05 .....E...CDEAA.CDE...............BBB 863 35,76,302,294,132,24
05 ...DE....DE.AA.DE........C.....CBBB. 268 28,12,36,48,108,36
06 ...DEF...DEFAA.DEF.......C.....CBBB. 934 28,12,72,156,216,342,108
07 ...F.....F.GCAAF.GC.....D.E...D.EBBB 1982 756,78,130,262,372,282,96,6
04 ...C.....CD.AA.CD..............BBB.. 159 33,12,24,54,36
05 ...C.E...CDEAA.CDE.............BBB.. 507 27,12,60,114,186,108
05 .....E..C.DEAAC.DE...............BBB 770 32,80,292,228,108,30
05 ....E...D.E.AAD.E........C.....CBBB. 425 32,64,104,120,84,21
06 ....EF..D.EFAAD.EF.......C.....CBBB. 1487 32,64,296,384,390,258,63
06 .....F..CDEFAACDEF...............BBB 2688 140,190,756,786,540,228,48
08 ...FG....FGHCAAFGHC.....D.E...D.EBBB 4448 360,78,256,460,918,1200,870,288,18
05 ...D....CDE.AACDE..............BBB.. 538 138,30,54,130,138,48
06 ...D.F..CDEFAACDEF.............BBB.. 1612 108,30,144,268,480,438,144
06 ....F...DEF.AADEF........C.....CBBB. 1470 144,160,292,364,312,162,36
06 .....F..C.EFAAC.EF........D.....DBBB 556 24,48,178,150,96,48,12
07 ....FG..DEFGAADEFG.......C.....CBBB. 5070 144,160,772,1144,1248,996,498,108
07 .....G..CEFGAACEFG........D.....DBBB 1945 105,114,454,492,420,240,96,24
06 ...E....CEF.AACEF.........D.....DBBB 415 117,18,30,76,102,60,12
07 ...E.G..CEFGAACEFG........D.....DBBB 1177 81,18,84,154,294,330,180,36
05 ..C.....C..DAAC..D...........EBBB..E 160 22,25,53,15,27,18
04 ..C.....C.D.AAC.D.............BBB... 130 32,38,12,24,24
09 ..C.....C.D.AAC.D......E.....EBBB..E 384 24,24,72,18,6,18,36,72,90,24
07 ..C.....C.DFAAC.DF..........EGBBB.EG 460 34,37,83,33,63,102,84,24
06 ..C.....CD.EAACD.E...........FBBB..F 544 94,56,122,44,87,99,42
05 ..C.....CDE.AACDE.............BBB... 481 137,85,32,68,102,57
10 ..C.....CDE.AACDE......F.....FBBB..F 1377 105,57,171,36,12,36,96,204,342,261,57
08 ..C.....CDEGAACDEG..........FHBBB.FH 1774 148,86,194,88,187,348,411,252,60
05 ...E....DE..AADE.........C.....CBBB. 481 247,32,28,84,72,18
06 ...E.F..DE.FAADE.F.......C.....CBBB. 1036 172,32,124,144,288,222,54
07 ..C.....CD.FAACD.F.........E.GBBBE.G 432 84,31,69,29,60,87,60,12
06 ..C.....CDF.AACDF..........E..BBBE.. 399 123,47,20,44,78,69,18
11 ..C.....CDF.AACDF......G...E.GBBBE.G 1131 99,33,99,18,6,18,60,132,252,273,123,18
09 ..C.....CDFHAACDFH.........EGIBBBEGI 1554 138,49,111,55,124,252,363,306,132,24
06 ...EF...DEF.AADEF........C.....CBBB. 874 112,32,76,120,264,216,54
07 ...EFG..DEFGAADEFG.......C.....CBBB. 2944 112,32,172,348,552,900,666,162
06 ....F...D.F.AAD.F........CE....CEBBB 297 24,40,56,72,66,33,6
07 ....FG..D.FGAAD.FG.......CE....CEBBB 1014 24,40,176,216,237,204,99,18
05 ...D.....DE.AA.DE........C.....CBBB. 460 144,36,52,108,96,24
06 ...D.F...DEFAA.DEF.......C.....CBBB. 1306 114,36,160,240,384,300,72
07 ....G...DFG.AADFG........CE....CEBBB 1058 108,100,156,220,228,162,72,12
08 ....GH..DFGHAADFGH.......CE....CEBBB 3560 108,100,456,640,774,732,498,216,36
06 ...F....DF..AADF.........CE....CEBBB 399 219,20,16,48,60,30,6
07 ...F.G..DF.GAADF.G.......CE....CEBBB 777 129,20,76,84,174,186,90,18
07 ...FG...DFG.AADFG........CE....CEBBB 660 84,20,40,72,156,180,90,18
08 ...FGH..DFGHAADFGH.......CE....CEBBB 2172 84,20,100,192,336,558,558,270,54
06 ...E....DEF.AADEF........C.....CBBB. 1618 606,96,116,260,324,180,36
07 ...E.G..DEFGAADEFG.......C.....CBBB. 4216 456,96,404,560,984,1056,552,108
07 ...F.....F.GCAAF.GC.....DE....DEBBB. 1978 810,96,136,240,348,249,87,12
08 ...FG....FGHCAAFGHC.....DE....DEBBB. 4204 360,96,316,456,822,1098,759,261,36
05 ....E.....E..CAAE..C.....D.....DBBB. 112 6,16,30,30,24,6
06 ....EF....EF.CAAEF.C.....D.....DBBB. 400 6,16,78,105,102,75,18
07 ...F....DFG.AADFG........CE....CEBBB 1290 522,60,64,152,228,180,72,12
08 ...F.H..DFGHAADFGH.......CE....CEBBB 3126 342,60,244,320,600,756,552,216,36
06 ....F.....F..CAAF..C.....DE....DEBBB 318 24,44,64,72,75,36,3
07 ....FG....FG.CAAFG.C.....DE....DEBBB 1098 24,44,196,234,246,237,108,9
04 ...D.....D..AA.D........C.....CBBB.. 165 61,14,18,54,18
05 ...D.E...D.EAA.D.E......C.....CBBB.. 438 46,14,60,90,174,54
05 ...DE....DE.AA.DE.......C.....CBBB.. 387 31,14,48,72,168,54
06 ...DEF...DEFAA.DEF......C.....CBBB.. 1383 31,14,90,216,330,540,162
08 ...G.....G.HCAAG.HC.....DEF...DEFBBB 6688 3420,264,332,524,864,804,390,84,6
09 ...GH....GHICAAGHIC.....DEF...DEFBBB 11884 1440,264,692,992,1836,2760,2460,1170,252,18
05 ...E....DE..AADE........C.....CBBB.. 569 259,36,40,120,90,24
06 ...E.F..DE.FAADE.F......C.....CBBB.. 1334 184,36,148,204,408,282,72
05 ...D.....DE.AA.DE.......C.....CBBB.. 617 153,42,74,162,150,36
06 ...D.F...DEFAA.DEF......C.....CBBB.. 1883 123,42,200,348,588,474,108
06 ...EF...DEF.AADEF.......C.....CBBB.. 1160 124,36,100,168,384,276,72
07 ...EFG..DEFGAADEFG......C.....CBBB.. 3998 124,36,208,468,780,1302,864,216
06 ...F....DF..AADF........C.E...C.EBBB 452 228,22,22,66,72,36,6
07 ...F.G..DF.GAADF.G......C.E...C.EBBB 950 138,22,88,114,234,228,108,18
07 ...FG...DFG.AADFG.......C.E...C.EBBB 827 93,22,52,96,216,222,108,18
08 ...FGH..DFGHAADFGH......C.E...C.EBBB 2777 93,22,118,252,450,762,702,324,54
06 ...E....DEF.AADEF.......C.....CBBB.. 2004 642,108,160,368,444,234,48
07 ...E.G..DEFGAADEFG......C.....CBBB.. 5580 492,108,484,776,1392,1458,726,144
07 ...F....DFG.AADFG.......C.E...C.EBBB 1519 549,66,86,206,294,222,84,12
08 ...F.H..DFGHAADFGH......C.E...C.EBBB 3913 369,66,284,428,804,984,690,252,36
05 ...E.....E..AA.E........CD....CDBBB. 546 274,44,36,108,72,12
06 ...E.F...E.FAA.E.F......CD....CDBBB. 1215 199,44,168,180,366,222,36
06 ...EF....EF.AA.EF.......CD....CDBBB. 1020 124,44,120,144,336,216,36
07 ...EFG...EFGAA.EFG......CD....CDBBB. 3492 124,44,252,504,660,1134,666,108
06 ...E.....EF.AA.EF.......CD....CDBBB. 1856 672,132,164,324,372,168,24
07 ...E.G...EFGAA.EFG......CD....CDBBB. 4970 522,132,560,744,1212,1212,516,72
06 ...F....EF..AAEF........CD....CDBBB. 1995 1171,120,80,240,252,114,18
07 ...F.G..EF.GAAEF.G......CD....CDBBB. 3822 796,120,440,408,852,804,348,54
07 ...FG...EFG.AAEFG.......CD....CDBBB. 3132 496,120,248,336,768,768,342,54
08 ...FGH..EFGHAAEFGH......CD....CDBBB. 10230 496,120,608,1080,1560,2712,2448,1044,162
07 ...F....EFG.AAEFG.......CD....CDBBB. 6362 2838,360,352,736,1032,744,264,36
08 ...F.H..EFGHAAEFGH......CD....CDBBB. 15104 2088,360,1432,1648,2856,3468,2340,804,108
07 ...G....EG..AAEG........CDF...CDFBBB 1653 1047,76,44,132,180,126,42,6
08 ...G.H..EG.HAAEG.H......CDF...CDFBBB 2769 597,76,272,228,486,582,384,126,18
08 ...GH...EGH.AAEGH.......CDF...CDFBBB 2274 372,76,128,192,432,552,378,126,18
09 ...GHI..EGHIAAEGHI......CDF...CDFBBB 7224 372,76,356,576,900,1578,1782,1152,378,54
08 ...G....EGH.AAEGH.......CDF...CDFBBB 5022 2466,228,188,412,660,624,336,96,12
09 ...G.I..EGHIAAEGHI......CDF...CDFBBB 10782 1566,228,872,904,1644,2256,1968,1020,288,36
05 ...C.....CEFAA.DEF...D....BB........ 1098 126,152,348,320,136,16
05 ...C.....CDEAA.CDE........BB........ 824 100,76,212,252,152,32
06 ...D....CDFGAACEFG...E....BB........ 3480 504,388,864,940,584,184,16
06 ...D....CDEFAACDEF........BB........ 2582 392,194,510,670,536,248,32
05 ..C.....C.EFAAD.EF..D....BB......... 804 96,174,268,186,72,8
06 ..C.....CEFGAADEFG..D....BB......... 2994 426,432,752,724,484,160,16
06 ..CE....CEFGAADEFG..D....BB......... 1999 330,129,310,441,437,276,76
05 ..C.....C.DEAAC.DE.......BB......... 634 88,127,175,144,84,16
06 ..C.....CDEFAACDEF.......BB......... 2328 380,303,471,498,444,200,32
06 ..CD....CDEFAACDEF.......BB......... 1558 292,88,182,280,368,276,72
08 ..D.....DFHIAAEFHIC.EG..CBBG........ 7164 1557,778,1388,1378,1079,562,214,112,96
07 ..D.....D.GHAAEFGHC.EF..CBBF........ 5391 1218,389,782,921,925,728,364,64
08 ..D.....DEGHAADEGHC..F..CBBF........ 5751 1458,588,864,812,783,522,308,224,192
07 ..D.....D.FGAADEFGC..E..CBBE........ 4404 1172,294,476,534,660,652,488,128
05 ...E.....E..CAAE..C.....D.....DBBB.. 160 66,10,12,36,27,9
06 ...E.F...E.FCAAE.FC.....D.....DBBB.. 400 48,10,42,60,126,87,27
06 ...EF....EF.CAAEF.C.....D.....DBBB.. 349 30,10,33,48,117,84,27
07 ...EFG...EFGCAAEFGC.....D.....DBBB.. 1234 30,10,63,147,225,408,270,81
04 ....C.....CEAA..DE....D....BB....... 342 18,72,156,84,12
04 ....C.....CDAA..CD.........BB....... 252 9,36,105,78,24
06 ....D.....DF..AAEF...CE....CBB...... 1212 78,168,436,372,128,26,4
06 ....D.....DE..AADE...C.....CBB...... 882 39,84,281,282,136,52,8
04 ...C.....C.EAA.D.E...D....BB........ 276 48,56,104,60,8
07 ....E....CEGAA.CFG...DF....DBB...... 1070 78,96,304,364,168,28,16,16
07 ....E....CEFAA.CEF...D.....DBB...... 763 39,48,188,254,134,36,32,32
04 ...C.....C.DAA.C.D........BB........ 210 40,28,66,60,16
07 ....D.....DF..AAEF...CE....CBB...C.. 787 60,48,176,264,176,52,9,2
07 ....D.....DE..AADE...C.....CBB...C.. 574 30,24,106,180,148,64,18,4
06 ....D.....DF.AA.EF..C.E...CBB....... 894 66,156,320,228,76,32,16
06 ....D.....DE.AA.DE..C.....CBB....... 684 33,78,205,180,92,64,32
07 ....E....DEG.AADFG..C.F...CBB....... 3396 294,396,936,940,512,194,92,32
07 ....E....DEF.AADEF..C.....CBB....... 2546 147,198,585,668,432,268,184,64
05 ...D....CD.FAACE.F...E....BB........ 930 198,148,284,208,84,8
09 ....F....DFH.AADGH..CEG...CEBB...... 3188 306,240,688,940,628,204,64,60,46,12
09 ....F....DFG.AADFG..CE....CEBB...... 2317 153,120,416,638,460,186,108,120,92,24
05 ...D....CD.EAACD.E........BB........ 704 164,74,172,170,108,16
08 ....E.....EG.AADFG..CDF...CDBB...... 2293 228,120,392,640,520,244,97,40,12
08 ....E.....EF.AADEF..CD....CDBB...... 1724 114,60,232,428,388,244,154,80,24
04 ..C.....C..EAAD..E..D....BB......... 276 48,90,104,30,4
07 ....E...C.EGAAC.FG..D.F...DBB....... 568 48,84,152,124,68,28,36,28
07 ....E...C.EFAAC.EF..D.....DBB....... 464 24,42,94,86,54,36,72,56
05 ..C.....CE.FAADE.F..D....BB......... 930 198,192,292,172,68,8
08 ....F...CEFHAACEGH..D.G...DBB....... 2336 228,240,496,536,380,182,100,106,68
08 ....F...CEFGAACEFG..D.....DBB....... 1840 114,120,302,364,272,160,160,212,136
06 ...F.....F..CAAF..C.....D.E...D.EBBB 544 282,26,26,78,84,45,3
07 ...F.G...F.GCAAF.GC.....D.E...D.EBBB 1156 192,26,104,132,282,276,135,9
10 ....G...CEGIAACEHI..DFH...DFBB...... 2364 258,156,392,588,510,228,54,39,54,55,30
10 ....G...CEGHAACEGH..DF....DFBB...... 1771 129,78,232,390,357,171,58,78,108,110,60
05 ..CE....CE.FAADE.F..D....BB......... 585 150,51,114,123,109,38
09 ....F...C.FHAACEGH..DEG...DEBB...... 1632 180,78,220,382,366,192,66,64,60,24
09 ....F...C.FGAACEFG..DE....DEBB...... 1289 90,39,128,251,254,149,82,128,120,48
07 ...FG....FG.CAAFG.C.....D.E...D.EBBB 988 120,26,68,108,258,264,135,9
08 ...FGH...FGHCAAFGHC.....D.E...D.EBBB 3340 120,26,146,312,510,930,864,405,27
04 ..C.....C..DAAC..D.......BB......... 210 40,61,71,30,8
06 ...E.....EF.CAAEF.C.....D.....DBBB.. 578 162,30,50,108,135,75,18
07 ....D.....DF.AA.EF..C.E...CBB...C... 476 48,66,98,96,96,48,16,8
07 ....D.....DE.AA.DE..C.....CBB...C... 360 24,33,58,63,78,56,32,16
05 ..C.....CD.EAACD.E.......BB......... 704 164,129,187,132,76,16
07 ...E.G...EFGCAAEFGC.....D.....DBBB.. 1694 126,30,140,234,417,456,237,54
08 ....E....DEG.AADFG..C.F...CBB...C... 1900 216,174,302,364,384,276,124,44,16
08 ....E....DEF.AADEF..C.....CBB...C... 1416 108,87,178,239,272,244,168,88,32
06 ...D.....DEFAA.DEF........BB....CC.. 3282 386,188,548,876,828,392,64
10 ....F....DFH.AADGH..CEG...CEBB..C... 1849 228,108,228,368,428,296,100,30,34,23,6
10 ....F....DFG.AADFG..CE....CEBB..C... 1336 114,54,132,238,290,222,100,60,68,46,12
05 ..CD....CD.EAACD.E.......BB......... 444 124,34,68,82,100,36
09 ....E.....EG.AADFG..CDF...CDBB..C... 1331 168,54,126,234,308,264,116,36,19,6
09 ....E.....EF.AADEF..CD....CDBB..C... 1000 84,27,72,150,205,208,132,72,38,12
07 ....E..C..EG.CAAFG...DF....DBB...... 2580 270,384,868,692,264,78,16,8
07 ....E..C..EF.CAAEF...D.....DBB...... 1970 135,192,557,554,328,156,32,16
13 ...D.....DFHAA.EFH.C.EG..CBBG....... 1794 246,192,464,428,168,28,16,24,24,32,40,40,44,48
12 ...D.....D.GAA.EFG.C.EF..CBBF....... 1359 123,96,292,302,134,36,32,48,48,64,80,72,32
13 ...D.....DEGAA.DEG.C..F..CBBF....... 1431 204,96,256,296,176,52,9,6,12,20,40,80,88,96
12 ...D.....D.FAA.DEF.C..E..CBBE....... 1106 102,48,158,204,148,64,18,12,24,40,80,144,64
07 ....E..C..EG.CAAFG..D.F...DBB....... 2166 234,420,712,452,172,96,64,16
07 ....E..C..EF.CAAEF..D.....DBB....... 1756 117,210,449,384,244,192,128,32
08 ....F..C..FH.CAAGH..DEG...DEBB...... 6900 990,948,1760,1468,840,454,296,128,16
08 ....F..C..FG.CAAFG..DE....DEBB...... 5530 495,474,1093,1080,800,708,592,256,32
14 ...E....DEGIAADFGI.C.FH..CBBH....... 5316 954,528,1072,1068,628,204,64,68,86,100,136,152,116,92,48
13 ...E....DE.HAADFGH.C.FG..CBBG....... 4161 477,264,656,734,460,186,108,136,172,200,272,296,168,32
07 ...F.....FG.CAAFG.C.....D.E...D.EBBB 1826 684,78,106,238,348,270,96,6
08 ...F.H...FGHCAAFGHC.....D.E...D.EBBB 4736 504,78,340,508,942,1200,858,288,18
14 ...E....DEFHAADEFH.C..G..CBBG....... 4089 756,264,584,704,520,244,97,44,32,48,100,184,232,184,96
13 ...E....DE.GAADEFG.C..F..CBBF....... 3324 378,132,352,476,388,244,154,88,64,96,200,352,336,64
13 ..D.....D.FHAAE.FH.CE.G..CBBG....... 1228 156,216,288,156,68,28,36,60,64,64,38,16,26,12
12 ..D.....D..GAAE.FG.CE.F..CBBF....... 1112 78,108,174,110,54,36,72,120,128,128,76,20,8
07 ...E....DEFGAADEFG........BB....CC.. 9604 1434,442,1210,2014,2296,1592,552,64
14 ..D.....DFGIAAEFGI.CE.H..CBBH....... 4420 720,588,872,632,380,182,100,138,148,176,214,124,58,64,24
13 ..D.....DF.HAAEFGH.CE.G..CBBG....... 3860 360,294,526,436,272,160,160,276,296,352,428,236,48,16
16 ..DF....DFHJAAEGHJ.CEGI..CBBI....... 3888 786,372,632,652,510,228,54,39,54,71,78,80,136,106,44,22,24
15 ..DF....DF.IAAEGHI.CEGH..CBBH....... 3207 393,186,376,438,357,171,58,78,108,142,156,160,272,212,84,16
16 ..DF....DFGIAAEFGI.CE.H..CBBH....... 2772 564,186,340,414,366,192,66,64,60,32,24,48,104,132,88,44,48
15 ..DF....DF.HAAEFGH.CE.G..CBBG....... 2463 282,93,200,275,254,149,82,128,120,64,48,96,208,264,168,32
13 ..D.....D.EGAAD.EG.C..F..CBBF....... 1088 168,198,210,112,96,48,16,24,32,40,36,32,52,24
12 ..D.....D..FAAD.EF.C..E..CBBE....... 864 84,99,120,75,78,56,32,48,64,80,72,40,16
14 ..D.....DEFHAADEFH.C..G..CBBG....... 3740 720,474,574,412,384,276,124,60,56,96,144,128,116,128,48
13 ..D.....DE.GAADEFG.C..F..CBBF....... 2960 360,237,332,275,272,244,168,120,112,192,288,232,96,32
07 ..DF....DFGHAAEFGH..E....BB.....CC.. 6522 1035,262,660,1110,1444,1265,626,120
16 ..DE....DEGIAADFGI.C.FH..CBBH....... 3063 708,276,388,400,428,296,100,30,34,31,30,44,84,74,48,44,48
15 ..DE....DE.HAADFGH.C.FG..CBBG....... 2364 354,138,224,262,290,222,100,60,68,62,60,88,168,148,88,32
16 ..DE....DEFHAADEFH.C..G..CBBG....... 2367 552,138,206,250,308,264,116,36,19,10,12,26,62,88,96,88,96
15 ..DE....DE.GAADEFG.C..F..CBBF....... 1916 276,69,118,162,205,208,132,72,38,20,24,52,124,176,176,64
06 ...F.....F..CAAF..C.....DE....DEBBB. 548 300,32,24,72,78,36,6
06 ..D.....D.EFAAD.EF.......BB....CC... 2478 346,436,550,454,444,216,32
07 ...F.G...F.GCAAF.GC.....DE....DEBBB. 1130 210,32,120,120,264,255,111,18
07 ..D.....DEFGAADEFG.......BB....CC... 8492 1394,903,1283,1374,1698,1288,488,64
07 ...FG....FG.CAAFG.C.....DE....DEBBB. 932 120,32,84,96,234,240,108,18
08 ...FGH...FGHCAAFGHC.....DE....DEBBB. 3152 120,32,180,348,450,852,783,333,54
07 ....E.C...EGCAA.FG..D.F...DBB....... 2910 270,552,1016,652,212,96,80,32
07 ....E.C...EFCAA.EF..D.....DBB....... 2300 135,276,649,540,284,192,160,64
07 ..DE....DEFGAADEFG.......BB....CC... 5524 1048,179,331,529,1031,1322,868,216
08 ....F.C..EFHCAAEGH..D.G...DBB....... 10200 1170,1320,2776,2516,1316,546,316,176,64
08 ....F.C..EFGCAAEFG..D.....DBB....... 7910 585,660,1733,1824,1184,812,632,352,128
10 ....G.C..EGICAAEHI..DFH...DFBB...... 8850 1170,768,1904,2320,1476,512,210,216,170,80,24
10 ....G.C..EGHCAAEGH..DF....DFBB...... 6645 585,384,1156,1584,1098,498,360,432,340,160,48
07 ...F.....FG.CAAFG.C.....DE....DEBBB. 1792 720,96,112,216,318,234,84,12
08 ...F.H...FGHCAAFGHC.....DE....DEBBB. 4540 540,96,400,504,858,1098,750,258,36
09 ....F.C...FHCAAEGH..DEG...DEBB...... 6525 900,384,1072,1600,1320,688,301,156,80,24
09 ....F.C...FGCAAEFG..DE....DEBB...... 5090 450,192,638,1072,1012,724,482,312,160,48
13 ..D.....D.FHAAE.FHC.E.G.CBB.G....... 1472 168,252,360,188,68,28,36,92,80,48,44,32,52,24
12 ..D.....D..GAAE.FGC.E.F.CBB.F....... 1312 84,126,222,134,54,36,72,184,160,96,88,40,16
14 ..D.....DFGIAAEFGIC.E.H.CBB.H....... 5560 780,696,1136,856,444,182,100,170,244,216,172,164,148,180,72
13 ..D.....DF.HAAEFGHC.E.G.CBB.G....... 4760 390,348,694,596,320,160,160,340,488,432,344,304,136,48
07 ..D.....DF.HAAEF.HC.EG..CBBG........ 2338 699,334,580,374,229,76,22,24
16 ..D.....DFHJAAEFHJC.EGI.CBBGI....... 5172 858,444,872,972,638,228,54,39,86,135,174,136,124,150,124,102,36
15 ..D.....DF.IAAEFHIC.EGH.CBBGH....... 4167 429,222,520,662,453,171,58,78,172,270,348,272,224,188,76,24
06 ..D.....D..GAAEF.GC.EF..CBBF........ 1817 606,167,330,283,277,138,16
15 ..D.....D.GIAAEFGIC.EFH.CBBFH....... 3648 612,222,484,638,462,192,66,64,124,144,152,120,108,136,100,24
14 ..D.....D..HAAEFGHC.EFG.CBBFG....... 3153 306,111,284,431,326,149,82,128,248,288,304,240,168,72,16
13 ..D.....D.EGAAD.EGC...F.CBB.F....... 1348 192,234,258,128,96,48,16,40,40,32,48,64,104,48
12 ..D.....D..FAAD.EFC...E.CBB.E....... 1048 96,117,150,87,78,56,32,80,80,64,96,80,32
14 ..D.....DEFHAADEFHC...G.CBB.G....... 4940 840,582,742,524,416,276,124,76,104,116,132,208,296,360,144
13 ..D.....DE.GAADEFGC...F.CBB.F....... 3800 420,291,434,355,296,244,168,152,208,232,264,368,272,96
07 ..D.....DE.GAADE.GC..F..CBBF........ 1817 606,240,364,236,187,92,44,48
16 ..D.....DEGIAADEGIC..FH.CBBFH....... 4413 852,348,532,560,492,296,100,30,50,63,86,98,142,240,248,204,72
15 ..D.....DE.HAADEGHC..FG.CBBFG....... 3288 426,174,308,374,338,222,100,60,100,126,172,196,236,256,152,48
06 ..D.....D..FAADE.FC..E..CBBE........ 1418 524,120,202,172,212,156,32
15 ..D.....D.FHAADEFHC..EG.CBBEG....... 3267 648,174,290,362,356,264,116,36,51,66,92,116,176,272,200,48
14 ..D.....D..GAADEFGC..EF.CBBEF....... 2552 324,87,166,240,241,208,132,72,102,132,184,232,256,144,32
07 ...G.....G..CAAG..C.....DEF...DEFBBB 1994 1290,88,52,156,216,150,39,3
08 ...G.H...G.HCAAG.HC.....DEF...DEFBBB 3404 840,88,316,264,588,720,462,117,9
08 ...GH....GH.CAAGH.C.....DEF...DEFBBB 2720 480,88,172,216,516,672,450,117,9
09 ...GHI...GHICAAGHIC.....DEF...DEFBBB 8684 480,88,436,732,1020,1932,2232,1386,351,27
08 ....F.CD..FHCDAAGH..E.G...EBB....... 8070 990,1656,2592,1500,548,288,288,176,32
08 ....F.CD..FGCDAAFG..E.....EBB....... 6700 495,828,1629,1344,836,576,576,352,64
08 ...G.....GH.CAAGH.C.....DEF...DEFBBB 6052 3060,264,236,476,792,756,378,84,6
09 ...G.I...GHICAAGHIC.....DEF...DEFBBB 13120 2160,264,1028,1088,1932,2784,2436,1158,252,18
09 ....G.CD..GICDAAHI..EFH...EFBB...... 23760 4050,3480,5920,4468,2452,1382,1016,672,288,32
09 ....G.CD..GHCDAAGH..EF....EFBB...... 19590 2025,1740,3665,3388,2512,2244,2032,1344,576,64
14 ..E.....E.GIAAF.GICDF.H.CDBBH....... 3836 564,720,816,284,68,28,36,124,272,336,242,124,110,88,24
13 ..E.....E..HAAF.GHCDF.G.CDBBG....... 3736 282,360,486,206,54,36,72,248,544,672,484,212,64,16
15 ..E.....EGHJAAFGHJCDF.I.CDBBI....... 12740 2520,1860,2344,1144,444,182,100,202,452,680,914,812,454,360,224,48
14 ..E.....EG.IAAFGHICDF.H.CDBBH....... 11980 1260,930,1406,812,320,160,160,404,904,1360,1828,1588,656,160,32
17 ..EG....EGIKAAFHIKCDFHJ.CDBBJ....... 10296 2634,1140,1624,1164,638,228,54,39,86,151,286,392,484,600,412,212,104,48
16 ..EG....EG.JAAFHIJCDFHI.CDBBI....... 9171 1317,570,968,806,453,171,58,78,172,302,572,784,944,1088,648,208,32
17 ..EG....EGHJAAFGHJCDF.I.CDBBI....... 7524 1956,570,860,734,462,192,66,64,124,152,208,256,348,540,516,244,136,96
16 ..EG....EG.IAAFGHICDF.H.CDBBH....... 7239 978,285,508,503,326,149,82,128,248,304,416,512,648,880,840,368,64
14 ..E.....E.FHAAE.FHCD..G.CDBBG....... 3664 696,774,690,176,96,48,16,56,136,184,180,168,220,176,48
13 ..E.....E..GAAE.FGCD..F.CDBBF....... 2944 348,387,384,123,78,56,32,112,272,368,360,264,128,32
15 ..E.....EFGIAAEFGICD..H.CDBBH....... 11620 2880,1722,1718,668,416,276,124,92,208,356,556,672,668,720,448,96
14 ..E.....EF.HAAEFGHCD..G.CDBBG....... 9360 1440,861,976,463,296,244,168,184,416,712,1112,1272,832,320,64
17 ..EF....EFHJAAEGHJCD.GI.CDBBI....... 8739 2676,948,1076,656,492,296,100,30,50,71,142,230,346,518,460,344,208,96
16 ..EF....EF.IAAEGHICD.GH.CDBBH....... 6924 1338,474,616,446,338,222,100,60,100,142,284,460,644,812,568,256,64
17 ..EF....EFGIAAEFGICD..H.CDBBH....... 6951 2184,474,562,410,356,264,116,36,51,70,120,186,310,516,504,328,272,192
16 ..EF....EF.HAAEFGHCD..G.CDBBG....... 5756 1092,237,320,276,241,208,132,72,102,140,240,372,524,632,624,416,128
05 ....D.....DEAA..DE.........BB....CC. 1089 27,108,315,369,222,48
07 ....E.....EF..AAEF...D.....DBB...CC. 3557 111,228,773,1035,842,442,114,12
08 ....F....DFGAA.DFG...E.....EBB...CC. 2701 99,120,470,728,582,342,194,122,44
05 ...D.....D.EAA.D.E........BB....CC.. 892 174,76,186,256,168,32
08 ....E.....EF..AAEF...D.....DBB...DCC 2234 84,48,212,396,620,560,256,54,4
07 ....E.....EF.AA.EF..D.....DBB....CC. 2717 93,210,545,684,581,356,184,64
08 ....F....EFG.AAEFG..D.....DBB....CC. 9461 390,474,1396,2025,2032,1592,988,452,112
10 ....G....EGH.AAEGH..DF....DFBB...CC. 7547 360,264,899,1547,1547,1124,744,510,352,168,32
06 ...E....DE.FAADE.F........BB....CC.. 2786 674,186,448,612,586,248,32
09 ....F.....FH.AAEGH..DEG...DEBB..CC.. 7550 760,256,840,1582,1838,1316,633,248,71,6
09 ....F.....FG.AAEFG..DE....DEBB..CC.. 6248 297,108,411,826,1256,1438,1098,574,204,36
08 ....F...D.FGAAD.FG..E.....EBB....CC. 1608 54,90,192,223,249,226,228,234,112
09 ....G...DFGHAADFGH..E.....EBB....CC. 5955 240,231,565,787,885,863,780,742,618,244
11 ....H...DFHIAADFHI..EG....EGBB...CC. 5029 243,141,409,732,843,710,515,388,364,356,248,80
06 ..DF....DF.GAAEF.G..E....BB.....CC.. 2034 534,116,270,362,424,268,60
10 ....G...D.GIAADFHI..EFH...EFBB..CC.. 4621 501,146,414,788,976,763,410,250,232,127,14
10 ....G...D.GHAADFGH..EF....EFBB..CC.. 4090 186,60,193,396,568,643,634,532,476,326,76
05 ..D.....D..EAAD..E.......BB....CC... 892 174,231,259,128,84,16
08 ....E.....EF.AA.EF..D.....DBB...DCC. 1298 66,75,86,81,213,351,278,116,32
06 ..D.....DE.FAADE.F.......BB....CC... 2786 674,437,597,436,414,196,32
09 ....F....EFG.AAEFG..D.....DBB...DCC. 4870 279,174,236,284,605,1028,1166,770,272,56
08 ..E.....E.HIAAFGHID.FG..DBBG....CC.. 17071 3843,789,1670,2322,2952,2855,1886,698,56
11 ....G....EGH.AAEGH..DF....DFBB..DCC. 4050 261,99,162,265,506,777,810,540,312,210,92,16
06 ..DE....DE.FAADE.F.......BB....CC... 1683 500,77,143,183,342,330,108
10 ....F.....FH.AAEGH..DEG...DEBB..DCC. 4167 548,102,194,352,667,982,832,358,99,31,2
10 ....F.....FG.AAEFG..DE....DEBB..DCC. 3427 213,42,82,159,298,641,913,669,294,100,16
08 ....F..D..FG.DAAFG...E.....EBB...CC. 7377 369,504,1455,1895,1682,1014,346,88,24
13 ...E.....E.HAA.FGH.D.FG..DBBG....CC. 4587 309,240,730,908,654,366,194,154,156,168,224,272,184,28
14 ...E.....EFHAA.EFH.D..G..DBBG...CC.. 4699 704,224,608,820,760,412,111,24,28,40,104,216,272,248,128
14 ...E.....E.GAA.EFG....F..DBBF..DCC.. 3910 276,96,316,444,620,560,256,90,68,64,144,328,388,212,48
08 ....F..D..FG.DAAFG..E.....EBB....CC. 6393 315,546,1135,1354,1247,852,568,312,64
09 ..E.....EFHIAAEFHID..G..DBBG...CC... 17477 4544,1601,2169,1831,2191,2005,1392,916,572,256
08 ..E.....E.GHAAEFGHD..F..DBBF...CC... 14679 4154,604,908,997,1706,2338,2264,1468,240
09 ....G..D..GH.DAAGH..EF....EFBB...CC. 19001 1278,1134,2556,3213,3380,3044,2384,1460,504,48
14 ...F....EF.IAAEGHI.D.GH..DBBH....CC. 12777 1116,588,1421,1841,1685,1196,756,542,508,528,648,836,760,324,28
15 ...F....EFGIAAEFGI.D..H..DBBH...CC.. 12787 2484,568,1264,1726,1838,1316,633,258,116,102,214,468,680,616,376,128
15 ...F....EF.HAAEFGH....G..DBBG..DCC.. 10994 963,240,625,910,1256,1438,1098,622,310,184,300,678,1062,888,372,48
13 ..E.....E..HAAF.GH.DF.G..DBBG....CC. 3578 174,234,360,301,303,250,228,338,408,400,344,188,42,8
14 ..E.....EG.IAAFGHI.DF.H..DBBH....CC. 11641 756,573,991,979,1005,935,792,846,958,972,1128,1084,514,92,16
04 .....D.....DAA...D.............BBBCC 41 1,4,12,12,12
05 .....E...D.EAA.D.E.............BBBCC 136 4,8,28,36,48,12
06 ...D.....DEFAA.DEF...........GBBBCCG 356 26,8,34,72,108,84,24
05 .....E..D..EAAD..E.............BBBCC 124 4,10,32,36,36,6
06 .....F..DE.FAADE.F.............BBBCC 412 16,20,72,100,138,54,12
07 ...E....DEFGAADEFG...........HBBBCCH 1088 104,20,80,168,284,276,132,24
16 ..EG....EG.JAAFHIJ.DFHI..DBBI....CC. 8561 741,339,667,846,909,758,527,388,364,400,416,384,516,652,464,176,14
17 ..EG....EGHJAAFGHJ.DF.I..DBBI...CC.. 7634 1571,350,650,852,976,763,410,250,232,144,62,84,218,348,336,200,124,64
17 ..EG....EG.IAAFGHI..F.H..DBBH..DCC.. 7214 582,144,303,432,568,643,634,544,500,356,140,120,276,544,680,522,202,24
05 .....E....DEAA..DE.............BBBCC 142 2,8,30,42,42,18
06 .....F...DEFAA.DEF.............BBBCC 490 8,16,68,116,156,102,24
05 ...D.....D.EAA.D.E...........FBBBCCF 97 13,4,14,24,30,12
06 .....F..D.EFAAD.EF.............BBBCC 408 8,20,76,112,120,60,12
07 .....G..DEFGAADEFG.............BBBCC 1432 32,40,168,296,428,312,132,24
14 ..E.....E.FHAAE.FH.D..G..DBBG..CC... 3560 584,639,591,250,334,302,134,72,80,94,122,106,110,106,36
06 ...E....DE.FAADE.F...........GBBBCCG 304 52,10,34,58,84,54,12
05 .....E.....EAA...E......D.....DBBBCC 156 4,14,42,42,42,12
06 .....F...E.FAA.E.F......D.....DBBBCC 494 16,28,96,120,162,60,12
14 ..E.....E..GAAE.FG....F..DBBF..DCC.. 2768 222,237,212,93,213,351,278,170,152,160,232,252,136,52,8
06 .....F..E..FAAE..F......D.....DBBBCC 452 16,36,112,120,120,42,6
07 .....G..EF.GAAEF.G......D.....DBBBCC 1412 64,72,248,320,444,192,60,12
15 ..E.....EFGIAAEFGI.D..H..DBBH..CC... 11563 2364,1346,1384,824,1106,1204,822,363,164,218,366,410,346,326,248,72
15 ..E.....EF.HAAEFGH....G..DBBG..DCC.. 9246 909,510,514,320,605,1028,1166,854,440,316,524,842,754,336,112,16
17 ..EF....EFHJAAEGHJ.D.GI..DBBI..CC... 8497 2042,707,825,710,998,1066,664,237,115,99,74,88,182,205,165,130,118,72
17 ..EF....EF.IAAEGHI...GH..DBBH..DCC.. 6656 807,273,314,289,506,777,810,570,348,234,148,132,234,408,400,286,104,16
06 .....F....EFAA..EF......D.....DBBBCC 530 8,28,104,144,144,84,18
07 .....G...EFGAA.EFG......D.....DBBBCC 1748 32,56,232,384,516,372,132,24
17 ..EF....EFGIAAEFGI.D..H..DBBH..CC... 7148 1780,274,350,376,667,982,832,358,99,38,22,39,108,207,288,308,244,176
07 .....G..E.FGAAE.FG......D.....DBBBCC 1432 32,72,264,368,384,228,72,12
17 ..EF....EF.HAAEFGH....G..DBBG..DCC.. 6013 687,114,148,171,298,641,913,669,294,118,52,50,120,302,516,596,276,48
08 .....H..EFGHAAEFGH......D.....DBBBCC 4736 128,144,576,944,1336,984,456,144,24
08 ....F.D...FGDAA.FG..E.....EBB....CC. 8729 369,732,1691,2032,1701,996,648,432,128
06 .....F.....FDAA..FD.....E.....EBBBCC 133 3,10,30,30,30,21,9
07 .....G...F.GDAAF.GD.....E.....EBBBCC 406 12,20,68,84,114,66,36,6
09 ....G.D..FGHDAAFGH..E.....EBB....CC. 28139 1512,1566,4074,5503,5472,4316,2868,1740,864,224
07 .....G....FGDAA.FGD.....E.....EBBBCC 448 6,20,74,102,102,84,48,12
11 ....H.D..FHIDAAFHI..EG....EGBB...CC. 20750 1341,834,2455,3789,3673,2796,2004,1550,1196,744,304,64
08 .....H...FGHDAAFGHD.....E.....EBBBCC 1426 24,40,164,268,360,306,180,72,12
10 ....G.D...GIDAAFHI..EFH...EFBB..CC.. 20721 2946,800,2240,3820,4460,3384,1772,796,359,132,12
10 ....G.D...GHDAAFGH..EF....EFBB..CC.. 17555 1143,336,1094,1978,3118,3760,3040,1766,872,376,72
13 ..E.....E..HAAF.GHD.F.G.DBB.G....CC. 4396 192,276,460,379,357,274,228,458,608,456,332,268,92,16
03 .....C.....CAA...C..........BB...... 76 4,16,48,8
04 .....D....CDAA..CE.....E....BB...... 414 20,80,208,100,6
03 ....C.....C.AA..D.....D....BB....... 72 6,24,36,6
04 ....CE....CEAA..DE....D....BB....... 264 6,24,108,111,15
03 ....C.....C.AA..C..........BB....... 54 3,12,27,12
04 ....CD....CDAA..CD.........BB....... 195 3,12,63,87,30
14 ..E.....EG.IAAFGHID.F.H.DBB.H....CC. 14957 834,681,1309,1347,1281,1115,852,966,1434,1552,1284,1156,832,270,44
05 .....D.....D..AA.D...C.....CBB...... 240 16,32,112,56,16,8
06 .....E....DE..AADF...C.F...CBB...... 1374 84,176,528,420,142,20,4
05 ....D.....D...AAE....CE....CBB...... 258 26,56,108,54,12,2
05 ....D.....D...AAD....C.....CBB...... 192 13,28,75,48,24,4
06 ....DE....DE..AADE...C.....CBB...... 677 13,28,159,267,146,56,8
03 ...C.....C..AA.D.....D....BB........ 72 20,24,24,4
06 .....E...C.EAA.C.E...D.....DBB...... 190 14,16,64,52,16,8,20
07 .....F...CEFAA.CEG...D.G...DBB...... 1132 80,96,336,368,178,40,18,16
06 ....E....CE.AA.CF....DF....DBB...... 230 26,32,80,68,12,4,8
06 ....E....CE.AA.CE....D.....DBB...... 169 13,16,52,50,14,8,16
07 ....EF...CEFAA.CEF...D.....DBB...... 581 13,16,100,206,160,38,16,32
03 ...C.....C..AA.C..........BB........ 54 16,12,18,8
06 .....D.....D..AA.D...C.....CBB...C.. 144 12,8,36,44,32,8,4
07 .....E....DE..AADF...C.F...CBB...C.. 860 64,48,192,272,196,76,10,2
06 ....D.....D...AAE....CE....CBB...C.. 169 20,16,48,56,24,4,1
06 ....D.....D...AAD....C.....CBB...C.. 126 10,8,30,40,28,8,2
07 ....DE....DE..AADE...C.....CBB...C.. 438 10,8,54,130,140,76,16,4
04 .....D..C..DAAC..D..........BB...... 240 16,40,128,52,4
05 .....E..C.DEAAC.DF.....F....BB...... 1170 76,184,504,318,84,4
05 ....D.....D..AA.E...C.E...CBB....... 192 22,52,72,30,8,8
06 ....DF....DF.AA.EF..C.E...CBB....... 680 22,52,228,243,91,24,20
05 ....D.....D..AA.D...C.....CBB....... 150 11,26,51,30,16,16
06 ....DE....DE.AA.DE..C.....CBB....... 523 11,26,129,177,92,48,40
06 .....E..C..E..CAAE...D.....DBB...... 768 64,80,288,188,100,40,8
06 .....F..CDEFAACDEG.....G....BB...... 4038 324,424,1272,1134,652,200,32
06 ....E....DE..AADF...C.F...CBB....... 738 98,132,224,166,68,34,16
07 ....EG...DEG.AADFG..C.F...CBB....... 2560 98,132,620,835,551,204,84,36
06 ....E....DE..AADE...C.....CBB....... 568 49,66,151,126,76,68,32
07 ....EF...DEF.AADEF..C.....CBB....... 1929 49,66,349,573,424,228,168,72
04 ...D....CD..AACE.....E....BB........ 258 86,68,68,32,4
08 .....F...D.F.AAD.F..CE....CEBB...... 616 56,40,160,140,70,36,46,56,12
09 .....G...DFG.AADFH..CE.H..CEBB...... 3440 316,240,816,944,646,240,100,80,46,12
08 ....F....DF..AADG...CEG...CEBB...... 700 102,80,176,196,80,20,20,20,6
08 ....F....DF..AADF...CE....CEBB...... 527 51,40,112,138,64,30,40,40,12
09 ....FG...DFG.AADFG..CE....CEBB...... 1739 51,40,232,474,474,202,78,84,80,24
04 ...D....CD..AACD..........BB........ 192 68,34,48,34,8
07 .....E.....E.AAD.E..CD....CDBB...... 464 48,20,88,104,80,64,40,20
08 .....F....EF.AADEG..CD.G..CDBB...... 2590 248,120,456,648,556,316,166,68,12
07 ....E.....E..AADF...CDF...CDBB...... 503 76,40,104,144,80,36,17,6
07 ....E.....E..AADE...CD....CDBB...... 388 38,20,64,100,68,52,34,12
08 ....EF....EF.AADEF..CD....CDBB...... 1298 38,20,124,292,360,224,140,76,24
03 ..C.....C...AAD.....D....BB......... 72 20,38,12,2
04 ..C..E..C..EAAD..E..D....BB......... 190 14,26,86,50,14
06 ....E...C.E.AAC.F...D.F...DBB....... 124 16,28,32,20,10,4,14
07 ....EG..C.EGAAC.FG..D.F...DBB....... 428 16,28,116,116,69,31,17,35
06 ....E...C.E.AAC.E...D.....DBB....... 104 8,14,22,14,10,8,28
07 ....EF..C.EFAAC.EF..D.....DBB....... 352 8,14,64,80,50,32,34,70
04 ..C.....CE..AADE....D....BB......... 258 86,88,52,28,4
07 ....F...CEF.AACEG...D.G...DBB....... 516 76,80,112,104,58,26,26,34
08 ....FH..CEFHAACEGH..D.G...DBB....... 1744 76,80,352,440,369,193,83,73,78
07 ....F...CEF.AACEF...D.....DBB....... 420 38,40,74,72,44,32,52,68
08 ....FG..CEFGAACEFG..D.....DBB....... 1382 38,40,194,294,258,150,106,146,156
09 .....G..CE.GAACE.G..DF....DFBB...... 501 49,26,102,90,60,22,19,39,48,46
10 .....H..CEGHAACEGI..DF.I..DFBB...... 2604 270,156,504,588,512,237,80,76,88,63,30
09 ....G...CEG.AACEH...DFH...DFBB...... 528 86,52,96,132,82,22,6,17,20,15
16 ..E.....EG.JAAFGIJD.FHI.DBBHI....CC. 11534 816,405,921,1268,1203,938,635,412,476,724,952,936,764,602,360,106,16
09 ....G...CEG.AACEG...DF....DFBB...... 413 43,26,60,90,59,19,12,34,40,30
10 ....GH..CEGHAACEGH..DF....DFBB...... 1315 43,26,138,270,329,194,59,38,78,80,60
04 ..CE....CE..AADE....D....BB......... 169 66,25,32,33,13
09 ..C..F..C..F..DAAF..DE.....EBB...E.. 374 42,13,55,61,46,29,34,58,28,8
09 .....G..C.FGAACEFH..DE.H..DEBB...... 1926 204,78,276,382,370,210,118,138,122,28
08 ....F...C.F.AACEG...DEG...DEBB...... 364 60,26,56,90,62,24,10,24,12
08 ....F...C.F.AACEF...DE....DEBB...... 297 30,13,34,61,44,23,20,48,24
09 ....FG..C.FGAACEFG..DE....DEBB...... 962 30,13,73,163,227,151,73,68,116,48
07 ..E.....E..HAAFG.HD.FG..DBBG....CC.. 6035 2118,373,760,812,978,718,260,16
03 ..C.....C...AAC..........BB......... 54 16,25,9,4
04 ..C..D..C..DAAC..D.......BB......... 144 12,18,60,36,18
06 ....D.....D..AA.E...C.E...CBB...C... 104 16,22,18,20,20,4,4
07 ....DF....DF.AA.EF..C.E...CBB...C... 356 16,22,84,74,78,60,12,10
06 ....D.....D..AA.D...C.....CBB...C... 80 8,11,12,13,20,8,8
07 ....DE....DE.AA.DE..C.....CBB...C... 272 8,11,45,49,55,60,24,20
04 ..C.....CD..AACD.........BB......... 192 68,57,33,26,8
06 ..C..E..C..E..CAAE...D.....DBB...... 464 48,36,128,94,90,56,12
07 ....E....DE..AADF...C.F...CBB...C... 420 72,58,62,80,76,48,16,8
08 ....EG...DEG.AADFG..C.F...CBB...C... 1408 72,58,236,266,314,264,140,40,18
07 ....E....DE..AADE...C.....CBB...C... 320 36,29,40,53,58,56,32,16
08 ....EF...DEF.AADEF..C.....CBB...C... 1060 36,29,127,173,213,206,160,80,36
09 .....F...D.F.AAD.F..CE....CEBB..C... 374 42,18,68,58,60,42,19,25,24,18
10 .....G...DFG.AADFH..CE.H..CEBB..C... 2026 236,108,324,368,432,310,124,47,42,29,6
09 ....F....DF..AADG...CEG...CEBB..C... 413 76,36,52,88,84,44,8,12,10,3
09 ....F....DF..AADF...CE....CEBB..C... 308 38,18,32,58,58,38,16,24,20,6
10 ....FG...DFG.AADFG..CE....CEBB..C... 990 38,18,86,154,232,208,114,38,50,40,12
04 ..CD....CD..AACD.........BB......... 126 52,16,18,24,16
09 ..C..E..C..E..CAAE...D.....DBB...D.. 282 36,9,36,38,47,54,30,18,8,6
03 .....C.....CAA...D.....D....BB...... 108 8,32,64,4
09 .....F....EF.AADEG..CD.G..CDBB..C... 1529 184,54,174,234,316,292,164,70,32,9
04 .....D....CDAA..CD..........BB...... 286 10,40,144,80,12
08 ....E.....E..AADF...CDF...CDBB..C... 297 56,18,30,58,64,48,12,8,3
05 .....D.....D..AA.E...C.E...CBB...... 336 32,64,160,68,8,4
08 ....E.....E..AADE...CD....CDBB..C... 228 28,9,18,38,43,46,24,16,6
06 .....E....DE..AADE...C.....CBB...... 958 42,88,352,304,124,40,8
09 ....EF....EF.AADEF..CD....CDBB..C... 744 28,9,45,92,157,167,138,60,36,12
06 .....E...C.EAA.C.F...D.F...DBB...... 260 28,32,96,72,18,4,10
04 ...C.....CE.AA.DE....D....BB........ 258 46,56,92,56,8
07 .....F...CEFAA.CEF...D.....DBB...... 800 40,48,216,256,132,40,36,32
06 .....D.....D..AA.E...C.E...CBB...C.. 202 24,16,56,64,36,4,2
04 ...C.....CD.AA.CD.........BB........ 192 36,28,60,52,16
06 .....E.C...E.CAA.E...D.....DBB...... 628 60,80,272,128,48,24,16
07 .....E....DE..AADE...C.....CBB...C.. 600 32,24,120,184,144,72,20,4
04 .....D..C..DAAC..E.....E....BB...... 336 32,80,176,46,2
07 .....F.C..EF.CAAEG...D.G...DBB...... 3138 300,416,1184,848,302,60,20,8
06 ....E..C..E..CAAF....DF....DBB...... 570 90,128,204,102,36,6,4
05 .....E..C.DEAAC.DE..........BB...... 818 38,92,344,248,88,8
16 ..E.....E.HJAAFGHJD.FGI.DBBGI...CC.. 10301 1725,416,918,1342,1354,871,410,250,360,477,470,418,386,392,352,144,16
06 .....E..C..E..CAAF...D.F...DBB...... 1056 128,160,416,238,90,20,4
06 ....E..C..E..CAAE....D.....DBB...... 448 45,64,143,104,72,12,8
07 ....EF.C..EF.CAAEF...D.....DBB...... 1477 45,64,335,511,314,168,24,16
11 ...D.....D..AA.E.F.C.E.F.CBB.F...... 398 46,32,112,52,16,8,20,32,16,32,16,16
06 .....F..CDEFAACDEF..........BB...... 2854 162,212,848,800,528,240,64
13 ...D.....DFGAA.EFG.C.E.H.CBB.H...... 1988 256,192,560,432,178,40,18,32,24,32,40,40,72,72
12 ...D.....DF.AA.EF..C.EG..CBBG....... 410 82,64,112,68,12,4,8,8,8,16,8,8,12
14 ...D.....DF.AA.EFH.C.EGH.CBBGH...... 1302 82,64,304,404,214,34,8,16,16,16,32,16,32,40,24
11 ...D.....D..AA.EF..C.EF..CBBF....... 325 41,32,76,50,14,8,16,16,16,32,16,8
13 ...D.....D..AA.EFG.C.EFG.CBBFG...... 993 41,32,172,278,160,38,16,32,32,32,64,32,48,16
11 ...D.....D..AA.D.E.C...E.CBB.E...... 320 44,16,60,44,32,8,4,16,8,24,32,32
08 .....F...D.F.AAD.G..CE.G..CEBB...... 824 112,80,240,200,94,36,28,28,6
13 ...D.....DEFAA.DEF.C...G.CBB.G...... 1660 224,96,304,304,196,76,10,10,12,20,40,80,144,144
05 ...D....CDF.AACEF....E....BB........ 852 188,148,232,204,72,8
12 ...D.....DE.AA.DE..C..F..CBBF....... 325 68,32,64,56,24,4,1,4,4,12,16,16,24
14 ...D.....DE.AA.DEG.C..FG.CBBFG...... 1038 68,32,160,248,188,68,8,2,8,8,24,32,64,80,48
11 ...D.....D..AA.DE..C..E..CBBE....... 258 34,16,42,40,28,8,2,8,8,24,32,16
09 .....G...DFG.AADFG..CE....CEBB...... 2470 158,120,528,640,462,188,118,140,92,24
13 ...D.....D..AA.DEF.C..EF.CBBEF...... 814 34,16,90,166,140,76,16,4,16,16,48,64,96,32
15 ..E.....E..IAAFGHID.FGH.DBBGH...CC.. 9681 642,171,429,684,832,853,742,568,648,898,940,884,780,444,146,20
06 ....E..C..E..CAAF...D.F...DBB....... 480 78,140,144,62,24,24,8
07 ....EG.C..EG.CAAFG..D.F...DBB....... 1608 78,140,564,483,187,72,64,20
06 ....E..C..E..CAAE...D.....DBB....... 398 39,70,103,74,48,48,16
07 ....EF.C..EF.CAAEF..D.....DBB....... 1319 39,70,313,361,224,144,128,40
07 .....E.....E.AAD.F..CD.F..CDBB...... 640 96,40,136,152,108,68,30,10
07 .....F.CD..F.CDAAF...E.....EBB...... 2064 240,216,736,412,252,120,72,16
05 ...D....CDE.AACDE.........BB........ 626 144,74,146,162,84,16
08 .....F....EF.AADEF..CD....CDBB...... 1832 124,60,288,432,392,248,168,96,24
04 ..C.....C.E.AAD.E...D....BB......... 192 36,66,56,30,4
05 ..C..F..C.EFAAD.EF..D....BB......... 582 30,54,202,166,102,28
07 ....F..C..F..CAAG...DEG...DEBB...... 1578 330,316,376,246,140,102,60,8
05 ..C.....CEF.AADEF...D....BB......... 738 162,168,176,156,68,8
06 ..C..G..CEFGAADEFG..D....BB......... 2124 132,132,516,492,440,292,120
08 ....FH.C..FH.CAAGH..DEG...DEBB...... 4992 330,316,1324,1363,831,420,256,136,16
07 ....F..C..F..CAAF...DE....DEBB...... 1304 165,158,259,202,180,204,120,16
09 .....G..CE.GAACE.H..DF.H..DFBB...... 648 98,52,152,132,84,29,22,32,24,23
10 .....H..CEGHAACEGH..DF....DFBB...... 1915 135,78,330,390,358,172,63,77,126,126,60
08 ....FG.C..FG.CAAFG..DE....DEBB...... 4061 165,158,733,957,692,540,512,272,32
12 ...E....DE..AADF.G.C.F.G.CBB.G...... 1352 184,88,304,140,70,36,46,88,124,80,112,48,32
09 ..C..F..C..F..DAAG..DE.G...EBB...E.. 502 84,26,84,90,66,38,42,54,14,4
05 ..CE....CEF.AADEF...D....BB......... 503 126,51,88,123,89,26
09 .....G..C.FGAACEFG..DE....DEBB...... 1394 102,39,177,251,256,151,92,126,144,56
14 ...E....DEGHAADFGH.C.F.I.CBB.I...... 6112 1004,528,1456,1072,646,240,100,96,118,100,136,152,144,200,120
13 ...E....DEG.AADFG..C.FH..CBBH....... 1260 318,176,240,196,80,20,20,28,30,40,56,24,20,12
15 ...E....DEG.AADFGI.C.FHI.CBBHI...... 3738 318,176,768,916,666,250,54,42,56,60,80,112,64,88,64,24
12 ...E....DE..AADFG..C.FG..CBBG....... 1035 159,88,160,138,64,30,40,56,60,80,112,40,8
14 ...E....DE..AADFGH.C.FGH.CBBGH...... 2967 159,88,424,618,474,202,78,84,112,120,160,224,112,96,16
04 ..C.....C.D.AAC.D........BB......... 150 32,47,33,30,8
05 ..C..E..C.DEAAC.DE.......BB......... 456 28,40,144,110,98,36
06 ..C..E..C..E..CAAF...D.F...DBB...... 640 96,72,184,127,107,48,6
05 ..C.....CDE.AACDE........BB......... 568 140,115,101,120,76,16
06 ..C..F..CDEFAACDEF.......BB......... 1640 120,94,352,312,362,284,116
14 ..E.....E.FHAAE.FHD...G.DBB.G..CC... 4460 676,753,715,282,334,302,134,112,106,74,160,200,252,264,96
12 ...E....DE..AADE.F.C...F.CBB.F...... 1072 176,44,160,104,80,64,40,36,56,48,104,96,64
09 .....F...D.F.AAD.G..CE.G..CEBB..C... 502 84,36,100,88,88,54,16,15,12,9
10 .....G...DFG.AADFG..CE....CEBB..C... 1450 118,54,216,238,292,222,103,63,74,58,12
14 ..E.....E..GAAE.FG....F.DBB.F.DCC... 3446 258,279,258,105,213,351,278,224,248,188,212,360,296,144,32
14 ...E....DEFGAADEFG.C...H.CBB.H...... 5030 856,264,776,712,556,316,166,76,48,48,100,184,288,400,240
13 ...E....DEF.AADEF..C..G..CBBG....... 963 252,88,136,144,80,36,17,10,12,24,52,48,40,24
09 ..C..E..C..E..CAAF...D.F...DBB...D.. 391 72,18,54,58,72,68,28,14,4,3
05 ..CD....CDE.AACDE........BB......... 388 108,34,48,82,84,32
09 .....F....EF.AADEF..CD....CDBB..C... 1078 92,27,114,150,209,208,138,78,44,18
15 ...E....DEF.AADEFH.C..GH.CBBGH...... 2874 252,88,400,552,508,260,100,38,20,24,48,104,128,176,128,48
12 ...E....DE..AADEF..C..F..CBBF....... 804 126,44,88,100,68,52,34,20,24,48,104,80,16
14 ...E....DE..AADEFG.C..FG.CBBFG...... 2394 126,44,220,364,360,224,140,76,40,48,96,208,224,192,32
06 .....E.C...E.CAA.F...D.F...DBB...... 852 120,160,384,144,24,12,8
12 ..D.....D.F.AAE.F..CE.G..CBBG....... 280 52,72,48,20,10,4,14,16,16,16,2,4,6
13 ..D..H..D.FHAAE.FH.CE.G..CBBG....... 896 52,72,264,164,69,31,17,43,48,48,42,10,18,18
11 ..D.....D...AAE.F..CE.F..CBBF....... 260 26,36,34,14,10,8,28,32,32,32,4,4
07 .....F.C..EF.CAAEF...D.....DBB...... 2242 150,208,800,624,284,120,40,16
12 ..D..G..D..GAAE.FG.CE.F..CBBF....... 826 26,36,142,116,50,32,34,86,96,96,84,16,12
12 ...D.....D.FAA.E.F.C.E.G.CBB.G...... 508 92,64,160,72,18,4,10,16,8,16,8,16,24
12 ...D.....DF.AA.EFG.C.E.G.CBB.G...... 1480 128,96,376,304,132,40,36,64,48,64,80,64,48
13 ..D.....DFG.AAEFG..CE.H..CBBH....... 1040 240,196,160,104,58,26,26,50,32,64,50,8,14,12
15 ...D.....DFHAA.EFH.C.EGI.CBBGI...... 1902 164,128,480,584,292,42,4,8,8,8,16,8,24,52,48,36
14 ...D.....D.GAA.EFG.C.EFH.CBBFH...... 1326 82,64,280,404,220,44,8,16,16,16,32,16,40,64,24
14 ..D..I..DFGIAAEFGI.CE.H..CBBH....... 3140 240,196,748,584,369,193,83,81,126,96,170,126,38,54,36
12 ...D.....D.EAA.D.E.C...F.CBB.F...... 434 88,32,88,64,36,4,2,8,4,12,16,32,48
12 ..D.....DF..AAEFG..CE.G..CBBG....... 940 120,98,110,72,44,32,52,100,64,128,100,12,8
12 ...D.....DE.AA.DEF.C...F.CBB.F...... 1192 112,48,200,208,144,72,20,20,24,40,80,128,96
15 ...D.....DEGAA.DEG.C..FH.CBBFH...... 1533 136,64,256,368,264,84,4,1,4,4,12,16,48,104,96,72
13 ..D..H..DF.HAAEFGH.CE.G..CBBG....... 2800 120,98,404,402,258,150,106,162,252,192,340,248,44,24
14 ...D.....D.FAA.DEF.C..EG.CBBEG...... 1122 68,32,148,248,200,88,8,2,8,8,24,32,80,128,48
14 ..DF....DF..AAEG.H.CEG.H.CBB.H...... 1149 161,62,210,90,60,22,19,39,48,110,96,96,80,36,20
15 ..E.....EFGIAAEFGID...H.DBB.H..CC... 15169 2764,1622,1744,1032,1170,1204,822,403,288,278,348,626,808,968,828,264
16 ..DF....DFHIAAEGHI.CEG.J.CBB.J...... 4656 846,372,968,652,512,237,80,76,88,95,110,80,136,106,100,126,72
15 ..DF....DFH.AAEGH..CEGI..CBBI....... 948 262,124,128,132,82,22,6,17,20,31,16,48,40,10,4,6
07 .....F.CD..F.CDAAG...E.G...EBB...... 2736 480,432,1040,474,206,60,36,8
17 ..DF....DFH.AAEGHJ.CEGIJ.CBBIJ...... 2678 262,124,500,516,478,267,67,19,39,40,62,32,96,80,36,28,20,12
14 ..DF....DF..AAEGH..CEGH..CBBH....... 825 131,62,84,90,59,19,12,34,40,62,32,96,80,20,4
16 ..DF....DF..AAEGHI.CEGHI.CBBHI...... 2251 131,62,270,342,329,194,59,38,78,80,124,64,192,160,72,48,8
14 ..DF....DF..AAEF.G.CE..G.CBB.G...... 894 154,31,109,61,46,29,34,58,28,40,48,64,80,72,40
16 ..DF....DFGHAAEFGH.CE..I.CBB.I...... 3714 684,186,508,414,370,210,118,138,122,44,40,48,104,132,200,252,144
13 ...E....DE.GAADF.G.C.F.H.CBB.H...... 1672 368,176,432,200,94,36,28,44,62,40,56,32,56,48
15 ..DF....DFG.AAEFG..CE.H..CBBH....... 672 188,62,72,90,62,24,10,24,12,8,8,32,40,20,8,12
15 ..E.....EF.HAAEFGH....G.DBB.G.DCC... 12018 1065,612,648,400,629,1028,1166,938,692,592,588,910,1274,960,428,88
17 ..DF....DFG.AAEFGI.CE.HI.CBBHI...... 1912 188,62,258,306,332,208,74,34,58,24,16,16,64,80,72,56,40,24
14 ..DF....DF..AAEFG..CE.G..CBBG....... 615 94,31,46,61,44,23,20,48,24,16,16,64,80,40,8
13 ...E....DEG.AADFGH.C.F.H.CBB.H...... 4670 502,264,992,736,462,188,118,172,236,200,272,288,160,80
16 ..DF....DF..AAEFGH.CE.GH.CBBGH...... 1754 94,31,139,199,227,151,73,68,116,48,32,32,128,160,144,96,16
08 ..E.....EF.HAAEF.HD..G..DBBG...CC... 6035 2118,732,1042,587,627,463,262,140,64
16 ...E....DEGIAADFGI.C.FHJ.CBBHJ...... 5418 636,352,1184,1352,940,338,60,26,28,30,40,56,40,92,124,84,36
15 ...E....DE.HAADFGH.C.FGI.CBBGI...... 3834 318,176,672,916,672,272,80,52,56,60,80,112,72,136,136,24
12 ..D.....D.E.AAD.E..C..F..CBBF....... 248 56,66,26,20,20,4,4,8,8,12,4,8,12
13 ..D..G..D.EGAAD.EG.C..F..CBBF....... 784 56,66,224,98,78,60,12,14,24,26,34,20,36,36
11 ..D.....D...AAD.E..C..E..CBBE....... 200 28,33,18,13,20,8,8,16,16,24,8,8
12 ..D..F..D..FAAD.EF.C..E..CBBE....... 636 28,33,117,67,55,60,24,28,48,52,68,32,24
13 ...E....DE.FAADE.F.C...G.CBB.G...... 1424 352,88,232,152,108,68,30,18,28,24,52,64,112,96
07 ..D..F.CD..F.CDAAF...E.....EBB...... 1264 180,110,364,200,190,144,52,24
13 ...E....DEF.AADEFG.C...G.CBB.G...... 3688 428,132,520,480,392,248,168,112,96,96,200,336,320,160
13 ..D.....DEF.AADEF..C..G..CBBG....... 880 240,158,86,80,76,48,16,16,16,36,40,16,28,24
14 ..D..H..DEFHAADEFH.C..G..CBBG....... 2620 240,158,560,338,314,264,140,44,42,50,102,112,76,108,72
16 ...E....DEFHAADEFH.C..GI.CBBGI...... 4215 504,176,624,832,728,356,116,29,10,12,24,52,80,184,248,168,72
12 ..D.....DE..AADEF..C..F..CBBF....... 712 120,79,58,53,58,56,32,32,32,72,80,24,16
13 ..D..G..DE.GAADEFG.C..F..CBBF....... 2128 120,79,295,227,213,206,160,88,84,100,204,216,88,48
15 ...E....DE.GAADEFG.C..FH.CBBFH...... 3210 252,88,352,552,520,304,152,58,20,24,48,104,144,272,272,48
14 ..DE....DE..AADF.G.C.F.G.CBB.G...... 838 138,46,152,58,60,42,19,25,24,50,64,56,56,28,20
17 ..E.....EFHJAAEFHJD..GI.DBBGI..CC... 11842 2426,869,1093,974,1110,1066,664,237,155,179,201,261,361,552,676,574,348,96
16 ..DE....DEGHAADFGH.C.F.I.CBB.I...... 3626 748,276,676,400,432,310,124,47,42,45,54,44,84,74,76,110,84
15 ..DE....DEG.AADFG..C.FH..CBBH....... 747 236,92,68,88,84,44,8,12,10,11,8,28,28,10,8,12
17 ..DE....DEG.AADFGI.C.FHI.CBBHI...... 2080 236,92,344,292,348,294,132,19,25,20,22,16,56,56,28,36,40,24
14 ..DE....DE..AADFG..C.FG..CBBG....... 600 118,46,44,58,58,38,16,24,20,22,16,56,56,20,8
16 ..DE....DE..AADFGH.C.FGH.CBBGH...... 1646 118,46,182,190,232,208,114,38,50,40,44,32,112,112,56,56,16
14 ..DE....DE..AADE.F.C...F.CBB.F...... 666 132,23,78,38,47,54,30,18,8,22,32,36,52,56,40
16 ..DE....DEFGAADEFG.C...H.CBB.H...... 3001 632,138,350,250,316,292,164,70,32,17,24,26,62,88,152,220,168
17 ..E.....EF.IAAEFHI...GH.DBBGH.DCC... 9202 957,333,414,401,554,777,810,600,468,418,358,430,596,730,716,440,168,32
15 ..DE....DEF.AADEF..C..G..CBBG....... 573 184,46,38,58,64,48,12,8,3,4,4,18,26,20,16,24
17 ..DE....DEF.AADEFH.C..GH.CBBGH...... 1610 184,46,176,172,238,236,144,30,18,6,8,8,36,52,56,72,80,48
14 ..DE....DE..AADEF..C..F..CBBF....... 472 92,23,24,38,43,46,24,16,6,8,8,36,52,40,16
16 ..DE....DE..AADEFG.C..FG.CBBFG...... 1352 92,23,93,110,157,167,138,60,36,12,16,16,72,104,112,112,32
15 ..DF....DF.HAAEG.H.CEG.I.CBB.I...... 1356 322,124,296,132,84,29,22,32,24,55,48,48,40,26,44,30
15 ..DF....DFH.AAEGHI.CEG.I.CBB.I...... 3699 423,186,670,438,358,172,63,77,126,190,220,160,272,196,100,48
07 ..E.....E..GAAEF.GD..F..DBBF...CC... 5058 2066,270,430,365,635,728,500,64
18 ..DF....DFHJAAEGHJ.CEGIK.CBBIK...... 3820 524,248,752,776,692,370,89,22,32,20,31,16,48,40,26,48,44,24,18
17 ..DF....DF.IAAEGHI.CEGHJ.CBBHJ...... 2786 262,124,416,516,478,270,78,44,64,40,62,32,96,80,52,92,68,12
15 ..DF....DF.GAAEF.G.CE..H.CBB.H...... 1146 308,62,156,90,66,38,42,54,14,20,24,32,40,52,88,60
15 ..DF....DFG.AAEFGH.CE..H.CBB.H...... 2826 342,93,347,275,256,151,92,126,144,88,80,96,208,232,200,96
18 ..DF....DFGIAAEFGI.CE.HJ.CBBHJ...... 2750 376,124,392,468,484,292,98,42,54,12,8,8,32,40,52,96,88,48,36
17 ..DF....DF.HAAEFGH.CE.GI.CBBGI...... 2254 188,62,216,306,332,214,96,84,108,24,16,16,64,80,104,184,136,24
16 ..E.....E.GIAAEFGID..FH.DBBFH..CC... 9718 2088,334,474,544,781,1018,832,358,147,160,186,316,504,642,754,482,98
06 ....E.C...E.CAA.F...D.F...DBB....... 636 90,184,216,82,24,24,16
07 ....EGC...EGCAA.FG..D.F...DBB....... 2184 90,184,768,717,245,72,68,40
06 ....E.C...E.CAA.E...D.....DBB....... 514 45,92,155,94,48,48,32
07 ....EFC...EFCAA.EF..D.....DBB....... 1741 45,92,431,533,280,144,136,80
07 ..D..F.CD..F.CDAAG...E.G...EBB...... 1686 360,220,508,239,209,112,26,12
16 ..E.....E..HAAEFGH...FG.DBBFG.DCC... 8057 807,138,200,249,334,641,913,669,432,390,360,520,846,850,512,172,24
07 ....F.C..EF.CAAEG...D.G...DBB....... 2274 390,440,632,426,184,106,64,32
15 ..DE....DE.GAADF.G.C.F.H.CBB.H...... 1046 276,92,212,88,88,54,16,15,12,25,32,28,28,18,32,30
08 ....FHC..EFHCAAEGH..D.G...DBB....... 7536 390,440,1952,2309,1405,544,268,156,72
15 ..DE....DEG.AADFGH.C.F.H.CBB.H...... 2746 374,138,476,262,292,222,103,63,74,90,108,88,168,140,92,56
18 ..DE....DEGIAADFGI.C.FHJ.CBBHJ...... 3038 472,184,504,448,520,420,174,16,15,10,11,8,28,28,18,40,58,48,36
07 ....F.C..EF.CAAEF...D.....DBB....... 1816 195,220,431,338,228,212,128,64
17 ..DE....DE.HAADFGH.C.FGI.CBBGI...... 2128 236,92,272,292,348,300,148,32,30,20,22,16,56,56,36,72,76,24
08 ....FGC..EFGCAAEFG..D.....DBB....... 5899 195,220,1091,1605,1128,668,536,312,144
15 ..DE....DE.FAADE.F.C...G.CBB.G...... 895 264,46,110,58,72,68,28,14,4,11,16,18,26,36,64,60
09 .....GC..E.GCAAE.G..DF....DFBB...... 1940 220,128,480,336,178,116,170,220,68,24
15 ..DE....DEF.AADEFG.C...G.CBB.G...... 2182 316,69,244,162,209,208,138,78,44,34,48,52,124,160,184,112
18 ..DE....DEFHAADEFH.C..GI.CBBGI...... 2377 368,92,260,268,360,344,188,28,14,3,4,4,18,26,36,80,116,96,72
17 ..DE....DE.GAADEFG.C..FH.CBBFH...... 1814 184,46,140,172,238,248,176,56,28,6,8,8,36,52,72,144,152,48
10 .....HC..EGHCAAEGI..DF.I..DFBB...... 9820 1220,768,2384,2336,1540,632,330,312,194,80,24
09 ....G.C..EG.CAAEH...DFH...DFBB...... 2010 390,256,464,464,188,64,70,68,34,12
09 ....G.C..EG.CAAEG...DF....DFBB...... 1575 195,128,300,328,158,98,140,136,68,24
10 ....GHC..EGHCAAEGH..DF....DFBB...... 4875 195,128,684,1228,1126,500,250,300,280,136,48
08 .....FC....FCAAE.F..DE....DEBB...... 1496 200,64,260,260,236,200,136,116,24
09 .....GC...FGCAAEFH..DE.H..DEBB...... 7670 1000,384,1312,1632,1448,928,526,288,128,24
08 ....F.C...F.CAAEG...DEG...DEBB...... 1479 300,128,272,352,216,112,53,34,12
08 ....F.C...F.CAAEF...DE....DEBB...... 1186 150,64,170,244,196,164,106,68,24
09 ....FGC...FGCAAEFG..DE....DEBB...... 3754 150,64,362,754,896,640,436,252,152,48
12 ..D.....D.F.AAE.F.C.E.G.CBB.G....... 332 56,84,64,20,10,4,14,32,8,16,4,8,12
13 ..D..H..D.FHAAE.FHC.E.G.CBB.G....... 1084 56,84,316,212,69,31,17,51,84,28,44,20,36,36
11 ..D.....D...AAE.F.C.E.F.CBB.F....... 304 28,42,46,14,10,8,28,64,16,32,8,8
12 ..D..G..D..GAAE.FGC.E.F.CBB.F....... 980 28,42,172,152,50,32,34,102,168,56,88,32,24
13 ..D.....DFG.AAEFG.C.E.H.CBB.H....... 1284 260,232,224,136,58,26,26,66,72,40,52,20,36,36
14 ..D..I..DFGIAAEFGIC.E.H.CBB.H....... 4016 260,232,920,808,465,193,83,89,178,180,116,144,96,144,108
12 ..D.....DF..AAEFG.C.E.G.CBB.G....... 1140 130,116,154,96,44,32,52,132,144,80,104,32,24
13 ..D..H..DF.HAAEFGHC.E.G.CBB.G....... 3490 130,116,502,558,330,150,106,178,356,360,232,280,120,72
06 ..D.....DF..AAEF..C.EG..CBBG........ 780 353,186,128,82,21,4,6
13 ..D..H..DF.HAAEF.HC.EG..CBBG........ 1385 173,74,262,138,60,22,19,47,92,170,172,72,66,18
14 ..D..I..DFHIAAEFHJC.EG.JCBBG........ 6024 918,444,1240,972,640,237,80,92,168,243,278,228,204,184,96
09 .....GC..E.GCAAE.H..DF.H..DFBB...... 2500 440,256,704,480,236,112,106,120,34,12
15 ..D.....DFH.AAEFH.C.EGI.CBBGI....... 1224 286,148,192,196,82,22,6,17,36,55,48,32,36,26,24,18
16 ..D..J..DFHJAAEFHJC.EGI.CBBGI....... 3662 286,148,636,772,670,267,67,19,47,84,122,108,80,110,102,90,54
14 ..D.....DF..AAEFH.C.EGH.CBBGH....... 1041 143,74,124,138,59,19,12,34,72,110,96,64,64,20,12
10 .....HC..EGHCAAEGH..DF....DFBB...... 7250 610,384,1576,1592,1102,508,402,520,348,160,48
15 ..D..I..DF.IAAEFHIC.EGH.CBBGH....... 2983 143,74,346,510,473,194,59,38,94,168,244,216,152,164,72,36
05 ..D.....D...AAEF..C.EF..CBBF........ 585 282,93,88,81,37,4
12 ..D..G..D..GAAEF.GC.EF..CBBF........ 1070 162,37,139,97,46,29,34,74,116,128,136,60,12
13 ..D..H..D.GHAAEFGIC.EF.ICBBF........ 4710 732,222,668,638,466,210,118,170,282,324,312,296,208,64
14 ..D.....D.G.AAEFG.C.EFH.CBBFH....... 860 204,74,112,138,62,24,10,24,44,40,40,24,20,32,12
15 ..D..I..D.GIAAEFGIC.EFH.CBBFH....... 2584 204,74,334,474,476,208,74,34,74,112,104,104,76,92,108,36
13 ..D.....D...AAEFG.C.EFG.CBBFG....... 769 102,37,70,97,44,23,20,48,88,80,80,48,24,8
14 ..D..H..D..HAAEFGHC.EFG.CBBFG....... 2282 102,37,181,307,335,151,73,68,148,224,208,208,136,80,24
08 .....FC....FCAAE.G..DE.G..DEBB...... 2024 400,128,392,384,312,208,110,78,12
09 .....GC...FGCAAEFG..DE....DEBB...... 5520 500,192,848,1088,1020,744,536,368,176,48
12 ..D.....D.E.AAD.E.C...F.CBB.F....... 304 64,78,34,20,20,4,4,16,4,12,8,16,24
13 ..D..G..D.EGAAD.EGC...F.CBB.F....... 980 64,78,268,122,78,60,12,18,42,16,38,40,72,72
11 ..D.....D...AAD.E.C...E.CBB.E....... 240 32,39,24,13,20,8,8,32,8,24,16,16
12 ..D..F..D..FAAD.EFC...E.CBB.E....... 776 32,39,141,85,55,60,24,36,84,32,76,64,48
13 ..D.....DEF.AADEF.C...G.CBB.G....... 1140 280,194,118,96,76,48,16,24,36,24,44,40,72,72
14 ..D..H..DEFHAADEFHC...G.CBB.G....... 3520 280,194,700,450,362,264,140,48,68,92,78,148,192,288,216
12 ..D.....DE..AADEF.C...F.CBB.F....... 896 140,97,80,65,58,56,32,48,72,48,88,64,48
13 ..D..G..DE.GAADEFGC...F.CBB.F....... 2764 140,97,371,305,249,206,160,96,136,184,156,280,240,144
06 ..D.....DE..AADE..C..F..CBBF........ 585 282,124,72,60,27,8,12
13 ..D..G..DE.GAADE.GC..F..CBBF........ 1070 162,58,196,82,60,42,19,29,46,82,118,68,72,36
14 ..D..H..DEGHAADEGIC..F.ICBBF........ 5066 892,348,884,560,496,310,124,55,82,123,168,222,302,308,192
15 ..D.....DEG.AADEG.C..FH.CBBFH....... 1041 284,116,100,120,84,44,8,12,18,23,28,26,42,52,48,36
16 ..D..I..DEGIAADEGIC..FH.CBBFH....... 3088 284,116,448,420,444,294,132,19,29,42,54,70,84,160,204,180,108
14 ..D.....DE..AADEG.C..FG.CBBFG....... 804 142,58,64,82,58,38,16,24,36,46,56,52,68,40,24
15 ..D..H..DE.HAADEGHC..FG.CBBFG....... 2342 142,58,238,274,304,208,114,38,58,84,108,140,152,208,144,72
05 ..D.....D...AADE..C..E..CBBE........ 444 228,62,48,54,44,8
12 ..D..F..D..FAADE.FC..E..CBBE........ 826 148,29,102,56,47,54,30,26,52,70,108,80,24
13 ..D..G..D.FGAADEFHC..E.HCBBE........ 3985 728,174,466,362,364,292,164,86,112,165,220,348,376,128
13 ..D..H..DF.HAAEF.IC.EG.ICBBG........ 1668 346,148,376,196,84,29,22,48,72,107,112,52,52,24
14 ..D.....D.F.AADEF.C..EG.CBBEG....... 769 216,58,58,82,64,48,12,8,19,20,28,28,40,64,24
07 ..D.....DFH.AAEFH.C.EG..CBBG........ 2010 639,334,368,374,195,54,22,24
15 ..D..H..D.FHAADEFHC..EG.CBBEG....... 2282 216,58,232,256,310,236,144,30,26,50,56,84,112,184,216,72
13 ..D.....D...AADEF.C..EF.CBBEF....... 612 108,29,36,56,43,46,24,16,38,40,56,56,48,16
14 ..D..I..DFHIAAEFHIC.EG..CBBG........ 4695 459,222,842,662,454,172,63,85,186,338,416,296,242,186,72
14 ..D..G..D..GAADEFGC..EF.CBBEF....... 1832 108,29,123,164,211,167,138,60,52,100,112,168,192,160,48
12 ..D..G..D..GAAEF.HC.EF.HCBBF........ 1382 324,74,204,138,66,38,42,86,110,108,120,56,16
06 ..D.....D.G.AAEFG.C.EF..CBBF........ 1479 486,167,224,283,209,94,16
13 ..D..H..D.GHAAEFGHC.EF..CBBF........ 3546 366,111,445,431,328,151,92,142,264,352,344,284,188,48
13 ..D..G..DE.GAADE.HC..F.HCBBF........ 1382 324,116,276,120,88,54,16,23,36,55,86,66,74,48
07 ..D.....DEG.AADEG.C..F..CBBF........ 1575 566,240,196,236,167,78,44,48
14 ..D..H..DEGHAADEGHC..F..CBBF........ 3730 446,174,616,374,340,222,103,67,104,166,226,224,272,252,144
12 ..D..F..D..FAADE.GC..E.GCBBE........ 1127 296,58,146,82,72,68,28,30,52,63,108,92,32
06 ..D.....D.F.AADEF.C..E..CBBE........ 1186 444,120,118,172,172,128,32
13 ..D..G..D.FGAADEFGC..E..CBBE........ 2854 364,87,320,240,245,208,138,86,104,170,220,280,296,96
07 ....F.CD..F.CDAAG...E.G...EBB....... 1812 330,552,496,202,72,72,72,16
08 ....FHCD..FHCDAAGH..E.G...EBB....... 5928 330,552,2152,1641,593,216,216,188,40
07 ....F.CD..F.CDAAF...E.....EBB....... 1538 165,276,359,274,144,144,144,32
08 ....FGCD..FGCDAAFG..E.....EBB....... 4997 165,276,1187,1253,796,432,432,376,80
08 ....G.CD..G.CDAAH...EFH...EFBB...... 5562 1350,1160,1200,722,424,318,236,136,16
09 ....GICD..GICDAAHI..EFH...EFBB...... 16848 1350,1160,4680,4273,2409,1248,816,576,304,32
08 ....G.CD..G.CDAAG...EF....EFBB...... 4728 675,580,835,638,588,636,472,272,32
09 ....G.DE..GHDEAAGH..F.....FBB....CC. 23289 1278,2082,3980,4642,4199,2612,1896,1656,816,128
09 ....GHCD..GHCDAAGH..EF....EFBB...... 14187 675,580,2575,3045,2140,1716,1632,1152,608,64
08 ..EF....EFGHAAEFGH.......BB....CCDD. 4817 868,66,139,234,578,1073,1163,596,100
13 ..E.....E.G.AAF.G.CDF.H.CDBBH....... 896 188,240,112,20,10,4,14,48,88,80,38,16,26,12
14 ..E..I..E.GIAAF.GICDF.H.CDBBH....... 2752 188,240,832,356,69,31,17,59,164,260,222,114,74,90,36
12 ..E.....E...AAF.G.CDF.G.CDBBG....... 892 94,120,82,14,10,8,28,96,176,160,76,20,8
13 ..E..H..E..HAAF.GHCDF.G.CDBBG....... 2750 94,120,442,260,50,32,34,118,328,520,444,216,68,24
07 ...F.....FGHAA.FGH.......EBB...ECCDD 5427 1121,152,408,736,1198,1180,572,60
14 ..E.....EGH.AAFGH.CDF.I.CDBBI....... 3112 840,620,368,136,58,26,26,82,168,216,278,128,66,76,24
15 ..E..J..EGHJAAFGHJCDF.I.CDBBI....... 8788 840,620,2228,1240,465,193,83,97,258,460,598,722,386,274,252,72
13 ..E.....EG..AAFGH.CDF.H.CDBBH....... 3020 420,310,262,96,44,32,52,164,336,432,556,244,56,16
14 ..E..I..EG.IAAFGHICDF.H.CDBBH....... 8540 420,310,1192,882,330,150,106,194,516,920,1196,1432,660,184,48
15 ..EG....EG..AAFH.ICDFH.ICDBB.I...... 3825 589,190,610,138,60,22,19,47,92,234,524,520,402,230,108,40
17 ..EG....EGIJAAFHIJCDFH.KCDBB.K...... 13092 2934,1140,2728,1164,640,237,80,92,168,275,486,612,564,634,440,382,372,144
16 ..EG....EGI.AAFHI.CDFHJ.CDBBJ....... 2652 878,380,288,196,82,22,6,17,36,71,128,128,204,124,48,32,12
18 ..EG....EGI.AAFHIKCDFHJKCDBBJK...... 6766 878,380,1428,1060,670,267,67,19,47,84,154,268,272,446,314,206,130,52,24
15 ..EG....EG..AAFHI.CDFHI.CDBBI....... 2493 439,190,196,138,59,19,12,34,72,142,256,256,400,216,56,8
08 ...G....FGHIAAFGHI.......EBB...ECCDD 15817 4061,396,960,1600,2776,3208,2100,656,60
10 ....H.DE..HIDEAAHI..FG....FGBB...CC. 64121 5049,4080,8381,9943,10348,9100,7280,5524,3216,1104,96
17 ..EG....EG..AAFHIJCDFHIJCDBBIJ...... 6239 439,190,766,726,473,194,59,38,94,168,308,536,536,836,496,260,104,16
15 ..EG....EG..AAFG.HCDF..HCDBB.H...... 3030 626,95,313,97,46,29,34,74,116,160,312,300,268,264,216,80
17 ..EG....EGHIAAFGHICDF..JCDBB.J...... 11010 2556,570,1412,734,466,210,118,170,282,340,416,496,448,468,528,764,744,288
16 ..EG....EGH.AAFGH.CDF.I.CDBBI....... 1920 652,190,160,138,62,24,10,24,44,48,80,80,148,148,60,28,24
18 ..EG....EGH.AAFGHJCDF.IJCDBBIJ...... 4952 652,190,730,618,476,208,74,34,74,112,120,184,188,348,372,268,152,104,48
16 ..EG....EG.IAAFH.ICDFH.JCDBB.J...... 4224 1178,380,840,196,84,29,22,48,72,139,288,276,220,138,112,142,60
15 ..EG....EG..AAFGH.CDF.H.CDBBH....... 1887 326,95,106,97,44,23,20,48,88,96,160,160,280,240,88,16
17 ..EG....EG..AAFGHICDF.HICDBBHI...... 5026 326,95,391,415,335,151,73,68,148,224,240,368,360,592,552,448,208,32
07 ..F.....F.GHAAF.GH.......EBB...ECCDD 5596 1086,1192,1300,548,720,574,164,12
16 ..EG....EGI.AAFHIJCDFH.JCDBB.J...... 11055 1467,570,1934,806,454,172,63,85,186,402,832,1064,962,1070,612,280,96
08 ..F.....FGHIAAFGHI.......EBB...ECCDD 16080 4026,2054,2450,1376,2112,2330,1368,340,24
19 ..EG....EGIKAAFHIKCDFHJLCDBBJL...... 9380 1756,760,2096,1544,948,370,89,22,48,68,99,160,164,292,266,248,236,112,66,36
13 ..E.....E.F.AAE.F.CD..G.CDBBG....... 856 232,258,58,20,20,4,4,24,44,48,36,32,52,24
14 ..E..H..E.FHAAE.FHCD..G.CDBBG....... 2576 232,258,832,194,78,60,12,22,82,134,144,128,148,180,72
12 ..E.....E...AAE.F.CD..F.CDBBF....... 696 116,129,42,13,20,8,8,48,88,96,72,40,16
13 ..E..G..E..GAAE.FGCD..F.CDBBF....... 2132 116,129,429,139,55,60,24,44,164,268,288,232,136,48
18 ..EG....EG.JAAFHIJCDFHIKCDBBIK...... 7162 878,380,1152,1060,670,270,78,44,96,136,198,320,312,488,332,276,300,148,24
16 ..EG....EG.HAAFG.HCDF..ICDBB.I...... 3786 1252,190,436,138,66,38,42,86,110,124,208,176,144,148,224,284,120
14 ..E.....EFG.AAEFG.CD..H.CDBBH....... 2840 960,574,190,96,76,48,16,32,84,116,180,136,132,152,48
15 ..E..I..EFGIAAEFGICD..H.CDBBH....... 7820 960,574,1912,666,362,264,140,52,108,234,340,520,492,548,504,144
13 ..E.....EF..AAEFG.CD..G.CDBBG....... 2328 480,287,134,65,58,56,32,64,168,232,360,248,112,32
16 ..EG....EGH.AAFGHICDF..ICDBB.I...... 8658 1278,285,991,503,328,151,92,142,264,384,552,684,668,824,760,560,192
14 ..E..H..EF.HAAEFGHCD..G.CDBBG....... 6552 480,287,995,467,249,206,160,104,216,468,680,1016,760,368,96
15 ..EF....EF..AAEG.HCD.G.HCDBB.H...... 2846 546,158,496,82,60,42,19,29,46,114,310,364,272,184,84,40
19 ..EG....EGHJAAFGHJCDF.IKCDBBIK...... 6982 1304,380,1080,916,676,292,98,42,86,108,104,144,144,272,300,280,328,224,132,72
17 ..EF....EFHIAAEGHICD.G.JCDBB.J...... 10858 2876,948,2132,656,496,310,124,55,82,139,280,450,506,586,432,290,328,168
16 ..EF....EFH.AAEGH.CD.GI.CDBBI....... 2247 892,316,148,120,84,44,8,12,18,31,68,78,142,122,76,64,24
18 ..EG....EG.IAAFGHICDF.HJCDBBHJ...... 6158 652,190,592,618,476,214,96,84,172,216,208,288,256,368,328,456,600,296,48
18 ..EF....EFH.AAEGHJCD.GIJCDBBIJ...... 5600 892,316,1096,564,444,294,132,19,29,42,70,150,188,360,352,280,220,104,48
15 ..EF....EF..AAEGH.CD.GH.CDBBH....... 1848 446,158,100,82,58,38,16,24,36,62,136,156,268,180,72,16
17 ..EF....EF..AAEGHICD.GHICDBBHI...... 4630 446,158,574,382,304,208,114,38,58,84,140,300,360,608,440,256,128,32
15 ..EF....EF..AAEF.GCD...GCDBB.G...... 2282 564,79,252,56,47,54,30,26,52,86,204,236,172,176,168,80
17 ..EF....EFGHAAEFGHCD...ICDBB.I...... 9305 2584,474,1090,410,364,292,164,86,112,173,276,466,510,372,360,580,656,336
16 ..EF....EFG.AAEFG.CD..H.CDBBH....... 1773 728,158,82,82,64,48,12,8,19,24,48,58,114,144,80,56,48
18 ..EF....EFG.AAEFGICD..HICDBBHI...... 4450 728,158,556,328,310,236,144,30,26,50,64,124,172,332,392,272,224,208,96
15 ..EF....EF..AAEFG.CD..G.CDBBG....... 1480 364,79,54,56,43,46,24,16,38,48,96,116,196,176,96,32
17 ..EF....EF..AAEFGHCD..GHCDBBGH...... 3912 364,79,291,218,211,167,138,60,52,100,128,248,312,456,400,368,256,64
04 .....D.....DAA...D..........BB....CC 360 16,64,192,80,8
05 ....DF....DFAA..EF....E....BB.....CC 1038 21,84,378,426,114,15
04 ....D.....D.AA..D..........BB....CC. 240 9,36,81,90,24
05 ....DE....DEAA..DE.........BB....CC. 840 9,36,189,288,258,60
06 .....E.....E..AA.E...D.....DBB....CC 1052 60,112,400,296,136,40,8
06 ....E.....E...AAE....D.....DBB...CC. 796 37,76,207,234,182,54,6
07 ....EF....EF..AAEF...D.....DBB...CC. 2724 37,76,435,792,750,498,124,12
07 .....F...D.FAA.D.F...E.....EBB....CC 728 44,48,192,184,112,64,64,20
07 ....F....DF.AA.DF....E.....EBB...CC. 617 33,40,130,162,108,72,50,22
08 ....FG...DFGAA.DFG...E.....EBB...CC. 2051 33,40,250,534,540,322,188,100,44
04 ...D.....D..AA.D..........BB....CC.. 240 74,36,54,60,16
07 .....E.....E..AA.E...D.....DBB...DCC 596 44,16,72,112,188,124,36,4
07 ....E.....E...AAE....D.....DBB...DCC 504 28,16,60,92,168,112,26,2
08 ....EF....EF..AAEF...D.....DBB...DCC 1702 28,16,108,272,392,528,296,58,4
16 ..EF....EF.HAAEG.HCD.G.ICDBB.I...... 3430 1092,316,676,120,88,54,16,23,36,71,182,214,174,126,76,106,60
05 .....E..D..EAAD..E..........BB....CC 1052 60,144,464,312,68,4
07 ....EG....EG.AA.FG..D.F...DBB.....CC 2490 73,166,726,858,434,133,80,20
06 ....E.....E..AA.E...D.....DBB....CC. 612 31,70,135,162,118,64,32
07 ....EF....EF.AA.EF..D.....DBB....CC. 2074 31,70,345,513,521,346,168,80
16 ..EF....EFH.AAEGHICD.G.ICDBB.I...... 8450 1438,474,1540,446,340,222,103,67,104,198,450,680,680,800,540,256,112
07 .....F..D..F..DAAF...E.....EBB....CC 3113 225,252,924,844,568,228,64,8
19 ..EF....EFHJAAEGHJCD.GIKCDBBIK...... 8134 1784,632,1560,832,648,420,174,16,23,34,49,102,150,318,382,348,294,164,132,72
18 ..EF....EF.IAAEGHICD.GHJCDBBHJ...... 5744 892,316,832,564,444,300,148,32,46,68,98,204,268,444,364,256,244,176,48
08 ....FH...EFH.AAEGH..D.G...DBB.....CC 8636 301,362,1710,2526,2082,1033,410,176,36
07 ....F....EF..AAEF...D.....DBB....CC. 2166 130,158,360,468,459,349,186,56
16 ..EF....EF.GAAEF.GCD...HCDBB.H...... 3047 1128,158,346,82,72,68,28,30,52,71,156,170,106,96,152,212,120
08 ....FG...EFG.AAEFG..D.....DBB....CC. 7165 130,158,834,1467,1640,1421,943,444,128
09 .....G...E.G.AAE.G..DF....DFBB....CC 2185 165,108,432,448,350,224,186,180,80,12
16 ..EF....EFG.AAEFGHCD...HCDBB.H...... 6822 1292,237,782,276,245,208,138,86,104,186,332,516,564,568,552,512,224
19 ..EF....EFGIAAEFGICD..HJCDBBHJ...... 6581 1456,316,796,492,456,344,188,28,30,51,60,116,186,362,400,264,300,328,264,144
18 ..EF....EF.HAAEFGHCD..GICDBBGI...... 5134 728,158,424,328,310,248,176,56,60,102,120,232,308,372,256,320,488,352,96
09 ....G....EG..AAEG...DF....DFBB...CC. 1767 120,88,241,364,309,235,180,138,76,16
05 .....E....DEAA..DE..........BB....CC 1269 37,148,540,404,128,12
10 ....GH...EGH.AAEGH..DF....DFBB...CC. 5660 120,88,505,1060,1305,999,679,436,284,152,32
07 .....F....EF..AAEF...D.....DBB....CC 3941 145,284,1168,1240,736,296,64,8
05 ...E....DE..AADE..........BB....CC.. 796 296,94,132,170,88,16
08 .....F.....F.AAE.F..DE....DEBB..CC.. 1777 165,36,158,226,366,396,270,134,26
08 .....G...DFGAA.DFG...E.....EBB....CC 2879 117,136,616,798,558,306,192,124,32
09 .....G....FG.AAEFH..DE.H..DEBB..CC.. 9016 872,256,976,1620,2032,1706,1008,433,107,6
08 ....F.....F..AAEG...DEG...DEBB..CC.. 1720 266,92,236,396,372,220,101,34,3
05 ...D.....DE.AA.DE.........BB....CC.. 796 148,76,168,224,148,32
08 .....F....EF..AAEF...D.....DBB...DCC 2356 108,48,240,428,616,560,296,56,4
08 ....F.....F..AAEF...DE....DEBB..CC.. 1442 99,36,113,200,314,346,223,93,18
09 ....FG....FG.AAEFG..DE....DEBB..CC.. 4707 99,36,221,539,844,1112,1034,577,209,36
06 .....F..D.EFAAD.EF..........BB....CC 3369 133,310,1172,1084,542,120,8
05 ..D..F..D..FAAE..F..E....BB.......CC 728 44,80,264,230,96,14
08 ....FH..D.FHAAD.GH..E.G...EBB.....CC 1350 44,74,302,336,242,140,67,110,35
07 ....F...D.F.AAD.F...E.....EBB....CC. 372 18,30,44,48,60,48,68,56
08 ....FG..D.FGAAD.FG..E.....EBB....CC. 1218 18,30,134,171,183,196,162,184,140
09 ....GI..DFGIAADFHI..E.H...EBB.....CC 5039 191,181,791,1074,1068,741,392,260,263,78
07 .....G..DEFGAADEFG..........BB....CC 10878 526,614,2514,2914,2442,1344,460,64
08 ....G...DFG.AADFG...E.....EBB....CC. 1401 80,77,137,177,198,199,193,218,122
09 ....GH..DFGHAADFGH..E.....EBB....CC. 4474 80,77,368,570,672,691,637,559,536,284
10 .....H..DF.HAADF.H..EG....EGBB....CC 1564 121,60,234,243,221,137,97,124,141,140,46
10 ....H...DFH.AADFH...EG....EGBB...CC. 1212 81,47,105,177,175,144,109,104,126,104,40
11 ....HI..DFHIAADFHI..EG....EGBB...CC. 3736 81,47,246,483,670,603,457,327,262,272,208,80
14 ..F.....F..IAAG.HIDEG.H.DEBBH....CC. 11574 633,789,1018,613,519,346,228,562,1272,1880,1860,1234,500,104,16
05 ..DF....DF..AAEF....E....BB.....CC.. 617 250,63,80,119,83,22
10 ..D..G..D..G..EAAG..EF.....FBB...FCC 1254 121,20,84,104,146,172,187,175,183,54,8
10 .....H...EGH.AAEGH..DF....DFBB....CC 8220 432,304,1342,1792,1638,1008,664,528,348,140,24
10 .....H..D.GHAADFGI..EF.I..EFBB..CC.. 5810 608,146,516,794,1022,894,638,510,447,221,14
09 ....G...D.G.AADFH...EFH...EFBB..CC.. 1078 177,53,112,205,203,125,64,72,60,7
09 ....G...D.G.AADFG...EF....EFBB..CC.. 970 62,20,51,98,130,147,152,128,144,38
10 ....GH..D.GHAADFGH..EF....EFBB..CC.. 3058 62,20,111,251,406,487,501,464,344,336,76
08 .....F.....F.AAE.G..DE.G..DEBB..CC.. 2366 378,92,312,434,510,386,188,63,3
06 ...E....DEF.AADEF.........BB....CC.. 2428 562,186,374,574,496,204,32
04 ..D.....D...AAD..........BB....CC... 240 74,101,27,30,8
05 ..D..E..D..EAAD..E.......BB....CC... 596 44,56,180,150,112,54
08 ....EG....EG.AA.FG..D.F...DBB...D.CC 1208 52,61,210,156,221,282,176,40,10
07 ....E.....E..AA.E...D.....DBB...DCC. 296 22,25,12,19,64,94,44,16
08 ....EF....EF.AA.EF..D.....DBB...DCC. 980 22,25,87,55,108,243,280,120,40
05 ..D.....DE..AADE.........BB....CC... 796 296,205,93,112,74,16
09 .....G....FG.AAEFG..DE....DEBB..CC.. 6697 393,108,516,870,1296,1434,1146,666,232,36
07 ..D..F..D..F..DAAF...E.....EBB.CC... 1777 165,98,331,291,363,329,170,30
09 ....FH...EFH.AAEGH..D.G...DBB...D.CC 4434 216,136,492,454,739,991,860,432,96,18
08 ....F....EF..AAEF...D.....DBB...DCC. 1128 93,58,40,68,165,275,285,116,28
07 ..F.....F.GHAAF.GH......EBB...ECCDD. 6681 1221,1361,1496,606,799,770,356,72
09 ....FG...EFG.AAEFG..D.....DBB...DCC. 3649 93,58,214,188,347,675,923,797,290,64
10 ..DE.G..DE.G..DAAG...F.....FBB.CC... 1254 121,42,147,123,191,209,156,90,81,58,36
06 ..D..G..D.FGAAE.FG..E....BB.......CC 2100 88,154,578,610,454,188,28
10 ....G....EG..AAEG...DF....DFBB..DCC. 960 87,33,32,67,127,189,183,108,84,42,8
11 ....GH...EGH.AAEGH..DF....DFBB..DCC. 3003 87,33,131,163,319,530,657,537,268,178,84,16
07 ..D..H..DFGHAAEFGH..E....BB.......CC 7072 356,321,1271,1501,1611,1254,632,126
08 ..F.....FGHIAAFGHI......EBB...ECCDD. 19870 4558,2384,2908,1642,2330,2798,2140,918,192
05 ..DE....DE..AADE.........BB....CC... 504 222,40,36,66,92,48
10 ..D..F..D..F..DAAF...E.....EBB.CCE.. 1022 121,14,51,41,85,213,268,131,55,25,18
09 ....F.....F..AAEG...DEG...DEBB..DCC. 970 192,37,45,99,169,224,148,40,15,1
09 ....F.....F..AAEF...DE....DEBB..DCC. 800 71,14,18,41,72,180,235,115,46,8
10 ....FG....FG.AAEFG..DE....DEBB..DCC. 2556 71,14,60,95,195,361,663,686,289,106,16
11 .....I..DFHIAADFHI..EG....EGBB....CC 5577 305,167,705,915,994,687,407,324,389,386,238,60
10 ..F.....FGIJAAFGIJ...H..EBBH..ECCDD. 12747 3198,1023,1396,968,1393,1656,1375,868,506,268,96
07 .....F.D...F.DAA.F...E.....EBB....CC 2560 216,272,928,640,312,104,72,16
06 ..DF....DFG.AAEFG...E....BB.....CC.. 1720 427,116,204,356,370,203,44
10 .....H..D.GHAADFGH..EF....EFBB..CC.. 4462 268,60,270,408,590,659,645,564,524,390,84
10 ..F.....F.HIAAFGHI...G..EBBG..ECCDD. 11633 3337,225,398,442,919,1622,2032,1648,750,236,24
07 ....F..D..F..DAAF....E.....EBB...CC. 1712 123,168,373,450,394,154,38,12
08 ....FG.D..FG.DAAFG...E.....EBB...CC. 5542 123,168,877,1422,1434,1062,356,76,24
12 ...E.....E..AA.F.G.D.F.G.DBB.G....CC 1444 144,96,336,208,136,64,64,100,64,80,80,64,8
05 ..D.....D.E.AAD.E........BB....CC... 612 134,173,93,112,84,16
06 ..D..F..D.EFAAD.EF.......BB....CC... 1750 96,117,396,330,381,322,108
07 ..D..F..D..F..DAAG...E.G...EBB.CC... 2366 378,232,558,353,423,313,100,9
15 ...E.....EG.AA.FGI.D.FHI.DBBHI....CC 4101 229,176,836,1162,738,262,94,52,56,48,80,80,104,112,68,4
06 ..D.....DEF.AADEF........BB....CC... 2166 548,370,256,382,382,196,32
12 ...E.....E..AA.FG..D.FG..DBBG....CC. 1111 103,80,190,186,120,72,50,54,48,72,80,48,8
14 ...E.....E..AA.FGH.D.FGH.DBBGH...CC. 3373 103,80,430,726,612,358,188,100,108,96,144,160,160,96,12
07 ..D..G..DEFGAADEFG.......BB....CC... 5861 381,234,817,729,1124,1308,942,326
15 ..F.....FH.JAAGHIJDEG.I.DEBBI....CC. 34701 2673,1836,2673,1923,1641,1331,888,1070,2142,3456,4588,5098,3748,1366,236,32
13 ...E.....E..AA.E.F.....F.DBB.F.DCC.. 1188 156,32,120,112,188,124,36,52,24,32,80,120,80,32
10 ..DE.G..DE.G..DAAH...F.H...FBB.CC... 1617 284,102,260,194,264,256,129,53,40,26,9
14 ...E.....EFGAA.EFG.D...H.DBB.H..CC.. 5726 814,224,716,852,876,572,178,34,28,40,104,216,352,456,264
13 ...E.....EF.AA.EF..D..G..DBBG...CC.. 1111 246,80,160,176,148,52,7,10,8,24,56,56,56,32
11 .....H...EGH.AAEGH..DF....DFBB..D.CC 4532 315,117,425,409,697,854,712,414,261,208,108,12
16 ...E.....EF.AA.EFH....GH.DBBGH.DCC.. 3342 212,64,320,532,604,516,208,56,38,16,32,80,152,200,184,96,32
13 ...E.....E..AA.EF.....F..DBBF..DCC.. 928 92,32,84,92,168,112,26,26,16,32,80,104,52,12
15 ...E.....E..AA.EFG....FG.DBBFG.DCC.. 2890 92,32,180,344,392,528,296,58,64,32,64,160,272,232,120,24
10 ..D..F..D..F..DAAG...E.G...EBB.CCE.. 1378 278,37,101,99,196,316,242,76,23,7,3
06 ..DE....DEF.AADEF........BB....CC... 1442 414,77,87,183,303,282,96
08 ....FH.D..FH.DAAGH..E.G...EBB.....CC 5580 249,434,1734,1668,813,320,222,120,20
07 ....F..D..F..DAAF...E.....EBB....CC. 1484 105,182,257,342,270,168,128,32
08 ....FG.D..FG.DAAFG..E.....EBB....CC. 4804 105,182,803,981,1085,780,460,328,80
08 .....G.DE..G.DEAAG...F.....FBB....CC 7754 810,668,2280,1808,1216,540,296,120,16
08 .....G.D..FG.DAAFG...E.....EBB....CC 8645 501,656,2556,2436,1496,672,224,88,16
13 ...E.....EG.AA.FGH.D.F.H.DBB.H....CC 5123 373,272,1072,990,630,330,192,204,176,176,240,264,184,20
09 ....GI.D..GI.DAAHI..EFH...EFBB....CC 16142 993,870,3630,4104,3069,1774,956,558,172,16
15 ...E.....E.HAA.FGH.D.FGI.DBBGI...CC. 4280 206,160,700,1102,846,390,136,50,54,48,72,80,112,184,124,16
08 ....G..D..G..DAAG...EF....EFBB...CC. 4554 426,378,600,748,825,751,562,240,24
13 ...E.....E.FAA.E.F.D...G.DBB.G..CC.. 1590 356,80,220,208,220,84,10,20,8,24,56,80,128,96
14 ...E.....EF.AA.EFG.....G.DBB.G.DCC.. 4264 368,96,400,476,616,560,296,128,76,64,144,312,392,248,88
09 ....GH.D..GH.DAAGH..EF....EFBB...CC. 14021 426,378,1734,2371,2614,2533,2021,1352,544,48
16 ...E.....EFHAA.EFH.D..GI.DBBGI..CC.. 4763 458,144,576,900,908,596,148,7,10,8,24,56,104,224,288,216,96
16 ...E.....E.GAA.EFG....FH.DBBFH.DCC.. 3772 184,64,296,520,636,664,270,44,38,16,32,80,168,276,284,164,36
13 ...F....EF..AAEG.H.D.G.H.DBB.H....CC 4504 540,240,828,520,422,224,186,260,344,268,288,244,124,16
17 ..FH....FH.KAAGIJKDEGIJ.DEBBJ....CC. 23461 2505,1047,1727,1610,1401,1082,671,412,476,768,1272,1816,2176,2490,2326,1280,374,28
16 ...F....EFH.AAEGHJ.D.GIJ.DBBIJ....CC 10853 831,436,1884,2354,2020,1066,404,204,174,172,204,288,284,268,188,72,4
13 ...F....EF..AAEGH..D.GH..DBBH....CC. 3205 372,196,343,400,339,241,180,170,168,192,264,244,88,8
15 ...F....EF..AAEGHI.D.GHI.DBBHI...CC. 9200 372,196,931,1384,1419,1089,697,436,348,336,384,528,552,360,156,12
14 ...F....EF..AAEF.G.....G.DBB.G.DCC.. 3673 585,80,290,226,366,396,270,194,146,100,164,302,318,176,60
15 ...F....EFGHAAEFGH.D...I.DBB.I..CC.. 16332 2960,568,1672,1764,2032,1706,1008,453,189,102,214,468,760,1036,992,408
18 ..FH....FHIKAAGHIKDEG.J.DEBBJ...CC.. 20352 5503,1072,1658,1534,1354,871,410,250,360,494,580,664,818,1272,1510,1068,518,288,128
14 ...F....EFG.AAEFG..D..H..DBBH...CC.. 3143 870,204,308,396,372,220,101,44,28,46,122,176,136,88,32
17 ...F....EFG.AAEFGI....HI.DBBHI.DCC.. 8774 744,160,720,1038,1322,1324,862,398,190,64,68,164,334,470,448,308,128,32
14 ...F....EF..AAEFG.....G..DBBG..DCC.. 2692 321,80,155,200,314,346,223,123,58,68,164,286,250,92,12
16 ...F....EF..AAEFGH....GH.DBBGH.DCC.. 7981 321,80,395,665,844,1112,1034,577,287,122,136,328,636,740,480,200,24
14 ...F....EFH.AAEGHI.D.G.I.DBB.I....CC 14847 1371,676,2542,2188,1830,1056,664,608,692,612,696,860,700,316,36
14 ..E..I..E.GIAAF.GI.DF.H..DBBH.....CC 2770 142,192,696,522,266,140,67,131,158,148,136,68,50,48,6
12 ..E.....E...AAF.G..DF.G..DBBG....CC. 860 58,78,68,60,72,48,68,108,104,104,72,16,4
13 ..E..H..E..HAAF.GH.DF.G..DBBG....CC. 2660 58,78,302,249,225,232,162,210,306,296,284,196,50,12
18 ..FH....FH.JAAGHIJD.G.I.DEBBI..ECC.. 20109 2040,441,771,792,832,853,742,604,720,952,1064,1216,1388,1636,2118,2106,1358,428,48
16 ...F....EF.IAAEGHI.D.GHJ.DBBHJ...CC. 11296 744,392,1470,2127,2056,1381,696,308,186,168,192,264,308,368,416,204,16
15 ..E..J..EGHJAAFGHJ.DF.I..DBBI.....CC 8905 603,449,1699,1506,1170,765,392,281,386,322,432,420,218,148,102,12
14 ...F....EF.GAAEF.G.D...H.DBB.H..CC.. 4884 1346,204,536,434,510,386,188,83,65,46,122,200,272,324,168
13 ..E.....EG..AAFGH..DF.H..DBBH....CC. 2889 252,191,203,201,228,205,193,270,270,264,360,208,36,8
14 ..E..I..EG.IAAFGHI.DF.H..DBBH....CC. 8500 252,191,776,780,756,781,655,585,702,708,716,924,538,112,24
15 ...F....EFG.AAEFGH.....H.DBB.H.DCC.. 12329 1329,240,940,954,1296,1434,1146,762,448,216,300,662,1026,940,492,144
15 ..EG....EG..AAFH.I.DFH.I.DBB.I....CC 3353 396,144,486,297,275,137,97,124,141,260,278,240,228,164,76,10
17 ...F....EFGIAAEFGI.D..HJ.DBBHJ..CC.. 12435 1614,364,1276,1810,2102,1712,838,249,62,28,46,122,224,392,612,576,312,96
18 ..EG....EGI.AAFHIK.DFHJK.DBBJK....CC 6719 562,257,1027,1128,1169,794,362,139,130,123,156,110,176,228,164,96,62,34,2
17 ...F....EF.HAAEFGH....GI.DBBGI.DCC.. 10134 642,160,630,1020,1342,1564,1179,523,194,64,68,164,350,586,732,596,284,36
15 ..EG....EG..AAFHI..DFHI..DBBI....CC. 2226 247,113,147,189,193,150,109,104,126,148,120,144,228,156,48,4
17 ..EG....EG..AAFHIJ.DFHIJ.DBBIJ...CC. 6088 247,113,486,615,712,657,475,327,262,272,296,240,288,456,352,200,84,6
15 ..F.....F.GIAAF.GIDE..H.DEBBH..CC... 11540 2356,2499,2071,378,334,302,134,152,334,432,490,532,558,564,332,72
16 ..EG....EG..AAFG.H..F..H.DBB.H.DCC.. 2676 429,48,168,104,146,172,187,187,207,108,88,96,148,224,208,116,40
15 ..F.....F..HAAF.GH.E..G.DEBBG.DCC... 8608 888,927,744,141,213,351,278,278,500,724,924,1056,892,492,168,32
17 ..EG....EGHIAAFGHI.DF..J.DBB.J..CC.. 10560 2028,350,956,858,1022,894,638,510,447,255,96,84,218,348,468,604,556,228
16 ..EG....EGH.AAFGH..DF.I..DBBI...CC.. 1939 555,127,144,205,203,125,64,72,60,24,14,56,106,96,44,28,16
19 ..EG....EGH.AAFGHJ..F.IJ.DBBIJ.DCC.. 5140 461,96,396,478,640,671,534,343,223,198,56,28,64,148,224,224,176,116,48,16
16 ..EG....EG..AAFGH...F.H..DBBH..DCC.. 1826 194,48,69,98,130,147,152,134,150,56,28,64,148,200,152,50,6
18 ..EG....EG..AAFGHI..F.HI.DBBHI.DCC.. 5194 194,48,213,305,406,487,501,464,362,354,112,56,128,296,448,432,268,108,12
16 ..EG....EGI.AAFHIJ.DFH.J.DBB.J....CC 10278 958,401,1443,1131,1126,711,407,324,389,506,590,460,580,620,424,186,22
13 ..E.....E.F.AAE.F..D..G..DBBG..CC... 846 204,224,52,52,84,52,16,22,20,30,28,18,26,18
14 ..E..H..E.FHAAE.FH.D..G..DBBG..CC... 2510 176,191,612,258,233,282,176,47,51,59,80,107,76,96,66
13 ..E.....E...AAE.F.....F..DBBF..DCC.. 656 74,79,18,19,64,94,44,40,40,44,76,40,20,4
16 ..F.....FGHJAAFGHJDE..I.DEBBI..CC... 34537 9276,4954,4452,1296,1170,1204,822,443,534,826,1298,1808,1910,1928,1664,808,144
14 ..E..G..E..GAAE.FG....F..DBBF..DCC.. 2038 74,79,255,73,108,243,280,132,118,114,138,218,130,64,12
18 ..EG....EG.JAAFHIJ.DFHIK.DBBIK...CC. 7053 494,226,746,951,1064,898,568,324,222,166,148,120,144,228,196,212,228,110,8
08 ..E..G.DE..G.DEAAG...F.....FBB.CC... 4490 594,308,982,691,688,635,402,130,60
16 ..EG....EG.HAAFG.H.DF..I.DBB.I..CC.. 3431 1012,127,318,211,237,198,170,170,107,51,48,56,106,136,184,204,96
14 ..E.....EFG.AAEFG..D..H..DBBH..CC... 2843 828,475,159,182,264,254,136,55,38,86,112,86,62,70,36
15 ..E..I..EFGIAAEFGI.D..H..DBBH..CC... 7892 708,396,1304,658,805,1003,860,439,137,109,190,307,338,248,258,132
14 ..E.....EF..AAEFG.....G..DBBG..DCC.. 2258 303,170,58,68,165,275,285,152,86,92,200,246,106,44,8
17 ..EG....EGH.AAFGHI..F..I.DBB.I.DCC.. 8332 890,144,534,444,590,659,645,588,584,474,200,152,276,520,672,568,300,92
15 ..E..H..EF.HAAEFGH....G..DBBG..DCC.. 6685 303,170,568,242,347,675,923,815,404,228,270,566,674,336,140,24
16 ..F.....FG.IAAFGHI.E..H.DEBBH.DCC... 26758 3537,1878,1654,508,629,1028,1166,1022,1052,1336,1864,2952,3634,2722,1320,392,64
15 ..EF....EF..AAEG.H.D.G.H.DBB.H.CC... 2639 396,114,363,165,233,209,156,90,81,98,144,180,140,146,84,40
19 ..EG....EGHJAAFGHJ.DF.IK.DBBIK..CC.. 7071 1016,223,698,863,1081,958,566,262,170,102,24,14,56,106,136,196,252,192,108,48
17 ..EF....EFHIAAEGHI.D.G.J.DBB.J.CC... 10549 2252,730,1680,766,1074,1164,769,311,146,132,137,118,182,205,219,271,267,126
16 ..EF....EFH.AAEGH..D.GI..DBBI..CC... 2166 720,251,119,172,232,212,94,40,35,29,16,56,70,49,27,26,18
19 ..EG....EG.IAAFGHI..F.HJ.DBBHJ.DCC.. 6240 388,96,330,472,634,720,668,514,362,260,56,28,64,148,248,352,394,334,154,18
18 ..EF....EFH.AAEGHJ.D.GIJ.DBBIJ.CC... 5611 602,205,700,452,694,871,764,354,102,75,56,38,72,140,146,100,108,92,40
16 ..EF....EF..AAEGH....GH..DBBH..DCC.. 1702 269,91,44,67,127,189,183,120,90,54,40,52,130,140,76,26,4
18 ..EF....EF..AAEGHI...GHI.DBBHI.DCC.. 4685 269,91,317,199,319,530,657,543,304,196,108,80,104,260,288,196,160,56,8
16 ..EF....EF..AAEF.G.....G.DBB.G.DCC.. 2168 429,38,123,41,85,213,268,131,55,49,74,80,68,158,180,136,40
17 ..EF....EFGHAAEFGH.D...I.DBB.I.CC... 9349 2146,274,650,376,694,1116,1074,560,175,63,46,48,108,207,340,482,594,396
16 ..EF....EFG.AAEFG..D..H..DBBH..CC... 1815 624,99,57,99,169,224,148,40,15,8,6,27,54,83,66,52,44
18 ..FG....FGIKAAFHIKDE.HJ.DEBBJ..CC... 23323 7606,2455,2445,1142,1110,1066,664,237,155,197,319,525,761,1150,1241,1010,716,380,144
19 ..EF....EFG.AAEFGI....HI.DBBHI.DCC.. 4709 532,76,266,178,317,597,820,565,167,77,50,24,26,68,158,196,232,208,120,32
08 ..E..G.DE..G.DEAAH...F.H...FBB.CC... 5914 1368,726,1602,633,718,576,222,51,18
16 ..EF....EF..AAEFG.....G..DBBG..DCC.. 1496 229,38,24,41,72,180,235,115,46,20,12,26,68,150,160,68,12
18 ..EF....EF..AAEFGH....GH.DBBGH.DCC.. 4288 229,38,138,113,195,361,663,686,289,106,46,24,52,136,316,376,344,152,24
18 ..FG....FG.JAAFHIJ.E.HI.DEBBI.DCC... 17860 2985,951,934,473,554,777,810,630,564,514,474,730,1170,1636,1932,1518,832,312,64
16 ..EF....EF.HAAEG.H.D.G.I.DBB.I.CC... 3313 930,274,604,194,264,256,129,53,40,62,79,86,70,65,77,85,45
16 ..EF....EFH.AAEGHI.D.G.I.DBB.I.CC... 8161 998,319,1043,529,793,866,712,414,261,248,256,256,284,426,392,256,108
19 ..EF....EFHJAAEGHJ.D.GIK.DBBIK.CC... 7954 1322,456,1116,708,1022,1234,932,321,53,35,29,16,56,70,65,89,131,139,106,54
19 ..EF....EF.IAAEGHI...GHJ.DBBHJ.DCC.. 5750 538,182,452,310,513,824,921,610,244,110,54,40,52,130,148,132,196,204,78,12
16 ..EF....EF.GAAEF.G.D...H.DBB.H.CC... 2956 990,99,225,99,196,316,242,76,23,21,30,36,54,99,126,174,150
17 ..EF....EFG.AAEFGH.....H.DBB.H.DCC.. 6945 961,114,379,171,320,670,904,694,326,170,138,116,120,294,512,568,384,104
19 ..EF....EFGIAAEFGI.D..HJ.DBBHJ.CC... 6746 1156,175,445,353,626,1020,1084,522,76,21,8,6,27,54,99,142,250,322,228,132
18 ..FG....FGHJAAFGHJDE..I.DEBBI..CC... 19952 6920,938,1006,616,781,1018,832,358,147,167,231,421,707,1091,1481,1356,914,616,352
19 ..EF....EF.HAAEFGH....GI.DBBGI.DCC.. 5443 458,76,200,178,308,605,960,768,246,74,26,12,26,68,166,240,352,432,212,36
08 ..G.....G.HIAAG.HI......EFBB..EFCCDD 18658 4350,4676,4886,1178,1323,1361,700,172,12
18 ..FG....FG.IAAFGHI.E..H.DEBBH.DCC... 16461 2649,390,422,285,334,641,913,669,432,408,438,670,1100,1396,1604,1722,1432,780,176
06 ....E.....EFAA..EF.........BB..CCDD. 1068 9,36,105,213,363,270,72
08 ....F.....FG..AAFG...E.....EBB.CCDD. 3298 33,60,211,471,885,956,518,148,16
09 ....G....EGHAA.EGH...F.....FBB.CCDD. 2187 21,24,94,220,440,582,440,206,104,56
09 ..G.....GHIJAAGHIJ......EFBB..EFCCDD 49654 15870,7762,8814,2952,3728,4632,3750,1718,404,24
07 ...E.....EFHAA.EFH........BBG.CCDDG. 2082 152,32,128,304,548,584,290,44
08 ....F.....FG.AA.FG..E.....EBB..CCDD. 2519 30,66,170,342,657,654,376,176,48
08 ....FHD...FHDAA.GH..E.G...EBB.....CC 7770 291,580,2408,2509,1147,371,244,180,40
07 ....F.D...F.DAA.F...E.....EBB....CC. 2000 123,244,401,498,334,176,160,64
08 ....FGD...FGDAA.FG..E.....EBB....CC. 6606 123,244,1133,1509,1563,962,496,416,160
09 ....G....FGH.AAFGH..E.....EBB..CCDD. 8336 111,114,343,787,1641,2138,1710,988,424,80
11 ....H....FHI.AAFHI..EG....EGBB.CCDD. 5800 72,48,161,395,864,1312,1236,790,462,306,134,20
09 ....G...E.GHAAE.GH..F.....FBB..CCDD. 1377 15,24,49,91,216,258,222,234,196,72
10 ....H...EGHIAAEGHI..F.....FBB..CCDD. 4832 57,45,108,235,571,869,861,758,700,484,144
12 ....I...EGIJAAEGIJ..FH....FHBB.CCDD. 3558 39,21,59,144,352,614,674,507,350,308,282,168,40
09 ....GID..FGIDAAFHI..E.H...EBB.....CC 24682 1173,1200,5332,6921,5239,2611,1150,644,340,72
07 ..E.....E.FHAAE.FH.......BB.G.CCDDG. 1297 131,146,159,116,227,286,184,48
08 ....G.D..FG.DAAFG...E.....EBB....CC. 6600 504,522,1010,1276,1269,953,602,352,112
08 ..E.....EFGIAAEFGI.......BB.H.CCDDH. 4487 510,284,356,348,654,928,852,453,102
07 ..EF....EF.GAAEF.G.......BB....CCDD. 1596 489,38,75,98,240,363,243,50
09 ....GHD..FGHDAAFGH..E.....EBB....CC. 21035 504,522,2576,4033,4402,3851,2567,1492,832,256
07 ....F.....FGAA..FG.......E.BB..ECCDD 2426 30,84,218,442,770,630,228,24
10 .....HD..F.HDAAF.H..EG....EGBB....CC 6605 637,342,1278,1096,900,616,588,656,352,116,24
09 ....G..E..GH.EAAGH...F.....FBB.CCDD. 6236 108,132,388,828,1568,1678,992,392,114,36
14 ...F.....F.IAA.GHI.E.GH..EBBH..CCDD. 3486 66,48,146,304,596,702,464,212,138,146,144,180,188,126,26
06 ...F.....F.GAA.F.G.......EBB...ECCDD 1847 625,88,184,288,410,228,24
15 ...F.....FGIAA.FGI....H..EBBH..ECCDD 3266 496,64,192,336,548,584,290,50,16,20,64,142,192,152,108,12
09 ....G..E..GH.EAAGH..F.....FBB..CCDD. 5277 99,168,343,635,1226,1236,792,478,236,64
10 ....H.D..FH.DAAFH...EG....EGBB...CC. 5026 447,278,633,868,749,621,524,434,304,136,32
11 ....HID..FHIDAAFHI..EG....EGBB...CC. 15277 447,278,1467,2686,3087,2415,1769,1252,916,624,272,64
10 ....H..E..HI.EAAHI..FG....FGBB.CCDD. 14948 360,276,622,1262,2638,3316,2816,2034,1168,400,56
09 .....GD....GDAAF.G..EF....EFBB..CC.. 5399 671,112,452,542,960,1086,808,502,230,36
10 .....HD...GHDAAFGI..EF.I..EFBB..CC.. 25592 3456,800,2732,3940,5032,4498,2858,1445,615,204,12
15 ...G....FG.JAAFHIJ.E.HI..EBBI..CCDD. 8995 225,108,255,521,1128,1528,1284,796,502,452,444,480,576,466,204,26
09 ....G.D...G.DAAFH...EFH...EFBB..CC.. 4893 1032,288,600,936,932,604,296,136,63,6
11 .....ID..FHIDAAFHI..EG....EGBB....CC 23274 1636,962,3948,4434,3922,2566,1886,1720,1236,660,256,48
07 ...G....FG.HAAFG.H.......EBB...ECCDD 5822 2348,236,480,644,1020,806,264,24
07 ..F.....F.GHAAF.GH......EBB...ECCDDD 2955 519,577,686,276,361,356,156,24
08 ..F.....FGHIAAFGHI......EBB...ECCDDD 8262 1858,916,1178,680,1002,1236,950,382,60
16 ...G....FGHJAAFGHJ....I..EBBI..ECCDD 8769 1713,160,400,660,1124,1360,988,466,146,58,114,284,456,436,272,120,12
09 ....G.D...G.DAAFG...EF....EFBB..CC.. 4171 381,112,290,466,814,936,647,319,170,36
10 ..F.....FGIJAAFGIJ...H..EBBH..ECCDDD 4507 1121,339,468,314,487,630,559,345,154,72,18
10 ....GHD...GHDAAFGH..EF....EFBB..CC.. 13003 381,112,626,1336,2012,2866,2772,1691,755,380,72
14 ..F.....F..IAAG.HI.EG.H..EBBH..CCDD. 2699 48,63,93,133,312,318,222,258,320,322,274,200,99,29,8
14 ..E..I..E.GIAAF.GID.F.H.DBB.H.....CC 3430 156,226,838,660,290,140,67,154,265,150,134,106,118,114,12
12 ..E.....E...AAF.G.D.F.G.DBB.G....CC. 1048 64,92,92,72,84,48,68,168,152,80,84,36,8
13 ..E..H..E..HAAF.GHD.F.G.DBB.G....CC. 3284 64,92,368,327,267,268,162,240,464,412,236,248,112,24
15 ..F.....FH.JAAGHIJ.EG.I..EBBI..CCDD. 8342 180,114,190,319,775,1025,885,782,830,818,728,740,607,267,66,16
09 .....GD....GDAAF.H..EF.H..EFBB..CC.. 7160 1542,288,876,1056,1336,1066,582,309,99,6
17 ..FH....FH.KAAGIJK.EGIJ..EBBJ..CCDD. 5463 120,51,97,186,460,710,698,507,350,314,334,310,268,346,374,236,89,13
10 .....HD...GHDAAFGH..EF....EFBB..CC.. 19209 1553,336,1472,2102,3212,3762,3226,2082,976,416,72
15 ..E..J..EGHJAAFGHJD.F.I.DBB.I.....CC 11631 663,533,2095,2054,1500,837,392,304,537,596,446,456,410,442,330,36
18 ..FH....FHIKAAGHIK..G.J..EBBJ..ECCDD 4905 997,96,204,304,512,618,493,333,242,170,46,36,108,204,238,162,82,54,6
13 ..E.....EG..AAFGH.D.F.H.DBB.H....CC. 3663 278,227,285,273,282,235,193,330,482,372,308,268,108,22
06 ..F.....F..GAAF..G.......EBB...ECCDD 2637 653,734,765,204,213,64,4
15 ..F.....F.GIAAF.GI....H..EBBH..ECCDD 2638 433,458,423,132,227,286,184,69,38,37,76,95,76,68,32,4
14 ..E..I..EG.IAAFGHID.F.H.DBB.H....CC. 11016 278,227,966,1086,996,955,745,615,916,1224,972,864,772,334,66
07 ..F.....FG.HAAFG.H.......EBB...ECCDD 6962 2376,1210,1438,532,750,516,132,8
14 ..E..I..EG.IAAFG.ID.FH..DBBH......CC 4183 430,172,606,423,317,161,97,146,261,442,516,312,183,99,18
16 ..F.....FGHJAAFGHJ....I..EBBI..ECCDD 8100 1650,844,852,388,654,928,852,474,149,89,171,280,299,226,168,68,8
18 ..FG....FGIKAAFHIK...HJ..EBBJ..ECCDD 5212 1201,386,437,292,489,666,574,297,127,81,44,33,79,123,131,115,79,52,6
17 ..E..K..EGIKAAFGIKD.FHJ.DBBHJ.....CC 9291 618,307,1305,1658,1619,890,410,139,152,243,334,340,272,307,317,227,135,18
15 ..E.....EG..AAFGI.D.FHI.DBBHI....CC. 2937 272,135,217,285,235,192,121,104,182,288,304,240,188,122,44,8
18 ..FG....FGHJAAFGHJ.E..I..EBBI..CCDD. 4850 1217,76,114,114,258,526,734,606,245,47,12,13,40,98,180,232,186,124,28
16 ..E..J..EG.JAAFGIJD.FHI.DBBHI....CC. 8325 272,135,622,915,1018,795,601,363,290,440,652,684,576,474,330,134,24
07 ....F.....FGAA..FG......E..BB.ECCDD. 3676 33,114,319,647,1111,972,408,72
06 ..E.....E...AAFG..D.FG..DBBG....CC.. 2034 1034,222,204,291,207,72,4
13 ..E..H..E..HAAFG.HD.FG..DBBG....CC.. 3378 461,57,213,170,206,214,205,219,333,408,368,350,150,24
14 ..E..I..E.HIAAFGHJD.FG.JDBBG....CC.. 13894 2200,416,1252,1354,1430,1050,662,566,779,989,966,918,844,412,56
15 ..E.....E.H.AAFGH.D.FGI.DBBGI...CC.. 2542 609,151,224,325,251,125,64,72,132,141,116,106,70,88,60,8
16 ..E..J..E.HJAAFGHJD.FGI.DBBGI...CC.. 7150 507,114,510,748,970,869,636,379,237,306,366,304,342,294,320,212,36
09 ....G.....GH..AAGH...F..E..FBBECCDD. 10693 120,186,616,1356,2554,2933,1918,794,200,16
14 ..E.....E...AAFGH.D.FGH.DBBGH...CC.. 2405 214,57,105,158,184,189,164,134,224,290,232,244,140,60,10
15 ..E..I..E..IAAFGHID.FGH.DBBGH...CC.. 7062 214,57,276,473,622,667,627,500,402,600,732,608,660,408,186,30
10 ....H....FHIAA.FHI...G..E..GBBECCDD. 6731 75,72,261,595,1197,1623,1352,800,456,244,56
15 ..E..J..EGIJAAFGIJD.FH..DBBH......CC 13428 1048,479,1813,1647,1450,831,455,346,553,928,1184,1016,769,555,300,54
13 ..E.....E.F.AAE.F.D...G.DBB.G..CC... 1048 236,264,68,52,84,52,16,44,10,30,44,40,60,48
14 ..E..H..E.FHAAE.FHD...G.DBB.G..CC... 3176 204,225,726,312,245,282,176,54,83,64,79,158,172,228,168
09 ....G.E...GHEAA.GH..F.....FBB..CCDD. 7463 108,210,476,904,1705,1704,1096,700,416,144
13 ..E.....E...AAE.F.....F.DBB.F.DCC... 808 86,93,24,19,64,94,44,64,68,28,80,80,48,16
14 ..E..G..E..GAAE.FG....F.DBB.F.DCC... 2552 86,93,303,91,108,243,280,144,190,180,102,256,268,160,48
06 ...D.....DEFAA.DEF........BB...CCC.. 2307 277,76,212,498,692,456,96
08 ..E..G..E..G..EAAG......D..FBBDCCF.. 5399 671,361,1157,804,825,833,598,144,6
14 ..E.....EFG.AAEFG.D...H.DBB.H..CC... 3663 968,573,219,214,264,254,136,77,90,58,128,162,172,216,132
13 ..E..H..E..HAAFG.ID.FG.IDBBG....CC.. 4301 1084,151,414,337,303,210,170,226,327,345,332,270,116,16
07 ..E.....E.H.AAFGH.D.FG..DBBG....CC.. 4893 1643,373,504,800,838,533,188,14
15 ..E..I..EFGIAAEFGID...H.DBB.H..CC... 10538 828,476,1588,850,931,1039,860,446,183,198,207,356,596,708,804,468
14 ..E..I..E.HIAAFGHID.FG..DBBG....CC.. 10946 968,171,681,708,860,863,765,656,744,1014,1100,982,894,462,78
14 ..E.....EF..AAEFG.....G.DBB.G.DCC... 2888 355,204,80,80,165,275,285,188,180,152,160,302,270,148,44
07 ...E....DEFGAADEFG........BB...CCC.. 6290 978,154,394,924,1544,1470,710,116
15 ..E..H..EF.HAAEFGH....G.DBB.G.DCC... 8775 355,204,692,320,383,675,923,833,536,480,406,516,940,892,488,132
07 ..E.....EF..AAEF..D..G..DBBG...CC... 2034 1034,394,166,173,145,72,34,16
14 ..E..H..EF.HAAEF.HD..G..DBBG...CC... 3378 461,140,453,219,263,221,156,97,119,162,257,336,220,190,84
10 ....H.E..GHIEAAGHI..F.....FBB..CCDD. 22991 396,354,926,1974,4040,5147,4244,2922,1844,904,240
15 ..E..I..EFHIAAEFHJD..G.JDBBG...CC... 14353 2654,898,2128,1054,1202,1164,769,329,237,305,399,595,825,890,648,256
08 ...F....DFGHAADFGH........EBB...ECCC 3600 590,69,158,357,675,859,648,220,24
16 ..E.....EFH.AAEFH.D..GI.DBBGI..CC... 2937 856,309,175,228,232,212,94,40,57,57,63,79,107,138,140,102,48
10 ..D.....D..EAAD..E.....F.BB..FCCC..F 238 30,30,60,10,2,6,6,22,30,30,12
06 ..D.....D.EFAAD.EF.......BB...CCC... 1684 248,269,271,169,317,314,96
12 ..D.....D.EGAAD.EG.....H.BB.FHCCC.FH 526 35,35,70,7,1,3,9,19,55,97,107,69,19
17 ..E..J..EFHJAAEFHJD..GI.DBBGI..CC... 8049 714,251,878,630,856,919,788,354,109,113,120,151,232,332,510,534,378,180
11 ..D.....DE.FAADE.F.....G.BB..GCCC..G 660 110,50,100,15,3,9,17,45,92,110,83,26
16 ..E.....EF..AAEFH....GH.DBBGH.DCC... 2292 319,111,64,91,127,189,183,132,132,114,106,142,176,194,136,60,16
07 ..D.....DEFGAADEFG.......BB...CCC... 5431 949,489,516,396,848,1188,835,210
13 ..D.....DEFHAADEFH.....I.BB.GICCC.GI 1829 140,70,140,12,2,6,22,50,139,288,393,344,181,42
12 ..D.....DE.GAADE.G.....H.BBF.HCCCF.H 395 75,20,40,5,1,3,7,17,44,70,67,39,7
08 ..D.....DEGHAADEGH.......BBF..CCCF.. 3689 706,220,237,193,450,758,741,348,36
17 ..E..I..EF.IAAEFHI...GH.DBBGH.DCC... 6591 319,111,397,283,391,530,657,549,358,326,268,258,388,508,572,432,196,48
14 ..D.....DEGIAADEGI.....J.BBFHJCCCFHJ 1365 115,35,70,5,1,3,13,31,82,185,284,287,183,63,8
06 ..E.....E...AAEF..D..F..DBBF...CC... 1683 944,149,87,140,203,144,16
12 ....I.E..GIJEAAGIJ..FH....FHBB.CCDD. 15028 252,144,414,932,2013,2969,2782,1984,1438,1092,658,290,60
14 ..E..G..E..GAAEF.G...F..DBBF..DCC... 2740 487,46,153,59,85,213,268,143,131,167,200,348,296,126,18
15 ..E.....E.GHAAEFGH...F..DBBF.IDCC..I 12366 2478,334,830,544,814,1176,1098,580,293,327,444,784,1226,1034,356,48
15 ..E.....E.G.AAEFG.D..FH.DBBFH..CC... 2405 732,121,87,141,181,224,148,40,43,50,54,116,116,152,160,40
08 ..E..G..E..G..EAAH.....HD..FBBDCCF.. 7160 1542,852,1894,744,872,839,372,42,3
17 ..E..I..E.GIAAEFGI...FH.DBBFH.DCC... 6581 624,92,334,262,389,597,820,571,221,195,174,162,292,424,538,544,288,54
07 ...E.....EFGAA.EFG.......DBB...DCCC. 4350 958,156,316,584,880,840,476,140
15 ..E.....E...AAEFG....FG.DBBFG.DCC... 1964 269,46,36,59,72,180,235,115,106,110,92,184,222,158,68,12
16 ..E..H..E..HAAEFGH...FG.DBBFG.DCC... 5824 269,46,174,167,249,361,663,686,319,294,288,276,568,696,516,216,36
14 ..F.....F..IAAG.HIE.G.H.EBB.H..CCDD. 3475 51,72,117,175,408,378,222,282,420,476,348,232,186,84,24
14 ..E..H..EF.HAAEF.ID..G.IDBBG...CC... 4301 1084,338,764,258,264,256,129,71,95,125,215,251,219,168,64
08 ..E.....EFH.AAEFH.D..G..DBBG...CC... 5026 1890,703,431,579,575,418,230,136,64
15 ..F.....FH.JAAGHIJE.G.I.EBB.I..CCDD. 11289 192,132,250,447,1063,1373,1029,806,984,1218,1176,942,786,579,248,64
15 ..E..I..EFHIAAEFHID..G..DBBG...CC... 10972 1175,391,1303,721,937,926,736,421,313,388,497,654,744,826,640,300
08 ...F....EFGHAAEFGH.......DBB...DCCC. 12356 3380,356,628,1098,1940,2304,1726,760,164
17 ..F.....FH.KAAGHJKE.GIJ.EBBIJ..CCDD. 7727 129,60,133,272,652,1022,914,555,374,436,614,710,638,500,379,233,86,20
14 ..E.....E..GAAEF.G...F..DBBF.HDCC..H 3737 1122,121,287,141,214,328,242,96,101,129,212,360,282,90,12
07 ..E.....E.G.AAEFG.D..F..DBBF...CC... 4171 1676,270,206,365,562,632,400,60
06 ..F.....F..GAAF..G......EBB...ECCDD. 3046 728,833,857,214,262,128,24
09 ...G....EGHIAAEGHI.......DFBB..DFCCC 7283 2041,173,276,445,881,1293,1240,696,214,24
15 ..E..H..E.GHAAEFGH...F..DBBF..DCC... 9141 1111,138,473,249,356,670,904,712,462,446,500,664,952,982,450,72
15 ..F.....F.GIAAF.GI....H.EBB.H.ECCDD. 3259 493,528,499,148,227,286,184,90,55,29,86,154,184,172,100,24
07 ..F.....FG.HAAFG.H......EBB...ECCDD. 8274 2666,1394,1668,590,842,732,318,64
19 ..E.....E.FHAAE.FH.D..GI.DBBGICCC..I 1050 117,117,234,25,3,5,13,19,55,97,107,73,23,6,16,24,36,36,28,16
17 ..E.....E.GIAAEFGI...FH.DBBFHJDCC..J 9428 1356,213,571,519,776,1068,1108,522,96,99,116,188,396,594,806,702,262,36
20 ..E.....EFGIAAEFGI.D..HJ.DBBHJCCC..J 3147 456,222,444,40,6,10,30,50,139,288,393,348,185,56,28,56,84,108,100,72,32
16 ..F.....FGHJAAFGHJ....I.EBB.I.ECCDD. 10388 1892,990,1040,484,686,928,852,495,217,130,159,373,584,658,550,286,64
09 ..F.....FG.IAAFG.I...H..EBBH..ECCDD. 4988 1801,561,779,344,484,470,291,150,76,32
18 ..F.....FGIKAAFGIK...HJ.EBBHJ.ECCDD. 7016 1397,462,557,396,537,666,574,297,148,121,100,129,221,336,403,350,212,90,20
09 ..F.....F..HAAFG.H...G..EBBG..ECCDD. 4398 1938,133,228,184,391,602,566,264,84,8
18 ..F.....F.HJAAFGHJ...GI.EBBGI.ECCDD. 6427 1399,92,150,170,324,562,734,606,263,101,89,139,295,414,473,382,176,52,6
07 ...E.....EFGAA.EFG......D.BB..DCCC.. 7651 1135,230,582,1308,2004,1656,640,96
08 ....G.....GHAA..GH......EF.BB.EFCCDD 9087 111,288,723,1463,2563,2403,1204,308,24
10 ....H..F..HI.FAAHI...G..E..GBBECCDD. 21936 396,444,1238,2598,4912,5554,3826,1934,764,234,36
15 ...G.....G.JAA.HIJ.F.HI.EFBBI.ECCDD. 11565 237,156,443,889,1743,2085,1484,836,588,576,566,612,644,490,190,26
08 ...F....EFGHAAEFGH......D.BB..DCCC.. 18536 3920,468,1016,2148,3670,3902,2458,838,116
09 ....GIDE..GIDEAAHI..F.H...FBB.....CC 19896 1017,1664,6432,5602,2527,968,682,664,300,40
08 ....G.DE..G.DEAAG...F.....FBB....CC. 5474 426,694,864,1220,870,472,512,352,64
09 ....GHDE..GHDEAAGH..F.....FBB....CC. 17389 426,694,2946,3292,3771,2456,1364,1384,896,160
10 ....H.EF..HIEFAAHI..G.....GBB..CCDD. 17604 360,576,1074,1890,3577,3639,2486,1776,1310,724,192
09 ..E.....E.HIAAFGHI..FG..DBBG..DCCC.. 9463 2236,202,374,693,1255,1671,1573,988,410,61
19 ..E.....E.FHAAE.FHD...GIDBB.GICCC..I 1343 137,137,274,29,3,7,17,19,55,97,107,77,21,6,23,43,75,96,76,44
20 ..E.....EFGIAAEFGID...HJDBB.HJCCC..J 4180 536,262,524,48,6,14,42,58,139,288,393,352,191,52,35,93,177,282,328,244,116
19 ..E.....EF.HAAEF.HD..G.IDBBG.ICCC..I 997 286,72,144,19,3,7,11,17,44,70,67,43,9,6,23,39,51,46,26,14
09 ..E.....EFHIAAEFHID..G..DBBG..CCC... 9351 2687,794,807,386,723,1157,1287,946,356,208
22 ..E.....EFHJAAEFHJD..GIKDBBGIKCCC..K 2770 421,125,250,19,3,7,25,39,82,185,284,287,187,65,14,23,47,95,150,178,164,86,34
11 ....I.EF..IJEFAAIJ..GH....GHBB.CCDD. 46032 1296,924,1876,3536,7230,8836,7514,6074,4650,2856,1072,168
10 ....HJDE..HJDEAAIJ..FGI...FGBB....CC 52668 3951,3148,12628,12734,8711,5010,2824,2030,1224,376,32
08 ...F.....FGHAA.FGH......DEBB..DECCC. 15664 4012,512,948,1586,2586,2916,2068,896,140
09 ....H.DE..H.DEAAH...FG....FGBB...CC. 15688 1683,1360,1887,2354,2559,2203,1818,1248,528,48
10 ....HIDE..HIDEAAHI..FG....FGBB...CC. 46750 1683,1360,5967,7348,8044,7675,5921,4520,2952,1184,96
16 ...H....GH.KAAGIJK.F.IJ.EFBBJ.ECCDD. 25860 792,348,730,1352,2883,3719,2986,2020,1582,1548,1600,1724,1812,1538,906,294,26
15 ..G.....G..JAAH.IJEFH.I.EFBBI..CCDD. 7918 165,204,259,301,696,558,222,306,616,1082,1334,1114,665,294,86,16
16 ..G.....GI.KAAHIJKEFH.J.EFBBJ..CCDD. 22434 612,360,510,699,1675,1841,1101,830,1186,1926,2688,3072,2893,1995,810,204,32
09 ...G....FGHIAAFGHI......DEBB..DECCC. 41186 13896,1164,1824,2688,4836,6444,5748,3310,1112,164
18 ..GI....GI.LAAHJKLEFHJK.EFBBK..CCDD. 13618 399,156,251,398,976,1310,986,555,374,442,684,1004,1270,1386,1407,1171,619,204,26
19 ..GI....GIJLAAHIJLE.H.K.EFBBK..FCCDD 12279 3442,294,534,568,800,828,529,333,302,406,445,421,486,660,862,733,362,180,82,12
07 ..G.....G..HAAG..H......EFBB..EFCCDD 9785 2693,2954,2995,366,462,251,60,4
17 ..G.....G.HJAAG.HJ....I.EFBBI.EFCCDD 7868 1657,1722,1499,196,227,286,184,111,156,166,215,325,385,375,242,94,24,4
08 ..G.....GH.IAAGH.I......EFBB..EFCCDD 24244 9660,4710,5414,988,1424,1294,606,140,8
10 ...H....FHIJAAFHIJ......DEGBB.DEGCCC 22590 8015,544,768,955,1835,2921,3347,2592,1290,299,24
18 ..G.....GHIKAAGHIK....J.EFBBJ.EFCCDD 22306 6210,3052,2840,604,686,928,852,516,327,346,505,868,1193,1314,1131,646,228,52,8
15 ..F..J..F.HJAAG.HJDEG.I.DEBBI.....CC 8428 516,646,2218,1254,362,140,67,175,466,738,712,465,299,253,105,12
13 ..F.....F...AAG.H.DEG.H.DEBBH....CC. 2842 211,263,164,108,120,48,68,220,440,544,412,194,42,8
14 ..F..I..F..IAAG.HIDEG.H.DEBBH....CC. 8521 211,263,953,561,393,376,162,266,722,1284,1500,1130,546,130,24
20 ..F.....F.GIAAF.GIDE..HJDEBBHJCCC..J 3242 467,467,934,107,9,13,29,19,55,97,107,81,41,24,51,96,154,195,164,106,26
20 ..GH....GHJLAAGIJL...IK.EFBBK.EFCCDD 13444 4369,1330,1357,468,537,666,574,297,148,130,151,228,357,566,683,647,481,294,121,34,6
20 ..GH....GHIKAAGHIK.F..J.EFBBJ.ECCDD. 12308 4553,260,342,194,324,562,734,606,263,104,106,174,358,574,782,834,668,486,268,88,28
21 ..F.....FGHJAAFGHJDE..IKDEBBIKCCC..K 8715 1776,842,1684,164,18,26,66,58,139,288,393,356,211,78,99,202,362,539,614,482,266,52
16 ..F..K..FHIKAAGHIKDEG.J.DEBBJ.....CC 24663 2133,1439,5125,3398,1818,909,392,325,738,1280,1636,1987,1517,1007,701,234,24
14 ..F.....FH..AAGHI.DEG.I.DEBBI....CC. 8887 891,612,483,345,372,253,193,382,814,1148,1404,1322,554,98,16
15 ..F..J..FH.JAAGHIJDEG.I.DEBBI....CC. 24923 891,612,2319,1716,1248,1225,799,641,1174,2224,3076,3698,3450,1500,302,48
16 ..FH....FH..AAGI.JDEGI.JDEBB.J....CC 10691 1448,444,1422,597,491,161,97,146,261,562,1180,1368,1099,779,456,160,20
19 ..FH....FHJ.AAGIJLDEGIKLDEBBKL....CC 16829 1902,793,2955,2408,1865,962,410,139,152,243,394,636,704,967,997,685,383,166,64,4
06 ..F.....F..GAAF..G......EBB...ECCDDD 1406 330,374,414,94,126,60,8
15 ..F.....F.GIAAF.GI....H.EBB.H.ECCDDD 1326 189,203,212,66,97,124,78,35,27,13,38,68,72,60,36,8
07 ..F.....FG.HAAFG.H......EBB...ECCDDD 3568 1162,570,710,252,372,340,142,20
16 ..FH....FH..AAGIJ.DEGIJ.DEBBJ....CC. 6396 835,349,343,321,289,210,121,104,182,332,536,656,768,810,426,106,8
16 ..F.....FGHJAAFGHJ....I.EBB.I.ECCDDD 3988 696,346,388,188,276,384,356,201,85,56,69,160,239,240,186,98,20
09 ..F.....FG.IAAFG.I...H..EBBH..ECCDDD 1830 674,196,272,116,180,190,127,47,22,6
18 ..F.....FGIKAAFGIK...HJ.EBBHJ.ECCDDD 2308 447,143,176,122,175,232,210,107,48,44,35,50,89,119,127,102,56,22,4
18 ..FH....FH..AAGIJKDEGIJKDEBBJK...CC. 16230 835,349,1390,1311,1144,957,655,363,290,440,740,1148,1408,1634,1746,1106,532,170,12
17 ..FH....FH..AAGH.ID.G..IDEBB.I.ECC.. 8458 1699,147,483,170,206,214,205,255,405,498,580,722,574,600,740,576,304,80
17 ..FH....FHJ.AAGIJKDEGI.KDEBB.K....CC 29710 3350,1237,4195,2319,1870,903,455,346,553,1048,1968,2664,2549,2555,2118,1150,386,44
18 ..FH....FHIJAAGHIJDEG..KDEBB.K..CC.. 30192 7584,1072,2660,1546,1430,1050,662,566,779,1023,1172,1288,1276,1292,1346,1668,1910,1412,456
17 ..FH....FHI.AAGHI.DEG.J.DEBBJ...CC.. 5453 1943,389,320,325,251,125,64,72,132,158,192,200,314,440,310,120,66,32
20 ..FH....FHI.AAGHIKD.G.JKDEBBJK.ECC.. 12956 1617,294,1122,964,970,869,636,415,345,396,396,392,498,590,896,968,696,480,268,112,32
17 ..FH....FH..AAGHI.D.G.I.DEBBI..ECC.. 5289 680,147,159,158,184,189,164,152,242,308,320,400,436,612,638,382,106,12
19 ..FH....FH.KAAGIJKDEGIJLDEBBJL...CC. 17627 1670,698,2082,1975,1676,1234,724,348,278,378,504,728,876,1012,1072,804,734,596,222,16
16 ..G.....G.HJAAG.HJ.F..I.EFBBI.ECCDDD 3113 627,653,628,90,97,124,78,44,72,78,97,145,150,124,76,26,4
17 ..FH....FH.IAAGH.IDEG..JDEBB.J..CC.. 10875 4024,389,890,337,303,210,170,226,327,379,504,488,360,408,494,628,546,192
19 ..FH....FH..AAGHIJD.G.IJDEBBIJ.ECC.. 14140 680,147,600,635,622,667,627,500,456,654,768,784,972,1000,1338,1526,1212,700,228,24
17 ..G.....GHIKAAGHIK.F..J.EFBBJ.ECCDDD 8330 2268,1066,1064,236,276,384,356,210,133,150,215,378,495,475,360,196,60,8
19 ..GH....GHJLAAGIJL.F.IK.EFBBK.ECCDDD 4389 1401,413,436,146,175,232,210,107,48,47,52,83,136,204,234,212,144,77,26,6
05 ....D.....DEAA..DE.........BB...CCC. 837 18,72,210,291,198,48
07 ....E.....EF..AAEF...D.....DBB..CCC. 2585 72,144,492,753,670,350,96,8
08 ....F....DFGAA.DFG...E.....EBB..CCC. 1728 60,72,282,474,412,222,110,72,24
05 ...D.....D.EAA.D.E........BB...CCC.. 633 129,28,66,174,188,48
18 ..FH....FHI.AAGHIJD.G..JDEBB.J.ECC.. 24174 3316,441,1527,816,860,863,765,728,924,1194,1360,1530,1630,1630,1986,2116,1548,756,184
07 ....E.....EF.AA.EF..D.....DBB...CCC. 1940 60,132,340,504,462,266,128,48
08 ....F....EFG.AAEFG..D.....DBB...CCC. 6377 243,276,811,1357,1492,1144,678,304,72
14 ..F.....F.G.AAF.G.DE..H.DEBBH..CC... 2818 824,876,116,52,84,52,16,66,112,116,126,112,118,112,36
15 ..F..I..F.GIAAF.GIDE..H.DEBBH..CC... 7898 708,747,2328,690,281,282,176,61,149,264,334,428,452,458,408,132
20 ..FH....FHIKAAGHIKDEG.JLDEBBJL..CC.. 17605 3560,683,1926,1689,1591,1150,590,262,226,322,334,372,420,628,836,754,728,724,468,246,96
14 ..F.....F...AAF.G..E..G.DEBBG.DCC... 2084 296,309,42,19,64,94,44,88,168,216,264,244,160,60,16
10 ....G....EGH.AAEGH..DF....DFBB..CCC. 4421 207,144,483,909,1006,716,414,274,182,74,12
06 ...E....DE.FAADE.F........BB...CCC.. 1831 471,58,132,322,480,310,58
15 ..F..H..F..HAAF.GH.E..G.DEBBG.DCC... 6228 296,309,969,145,108,243,280,156,298,496,630,784,762,508,196,48
09 ....F.....FH.AAEGH..DEG...DEBB.CCC.. 4847 507,96,304,718,1200,1128,605,219,62,8
09 ....F.....FG.AAEFG..DE....DEBB.CCC.. 4100 183,48,179,398,868,1104,798,382,124,16
08 ....F...D.FGAAD.FG..E.....EBB...CCC. 989 30,48,98,137,168,154,136,138,80
09 ..F..H.EF..H.EFAAH......D..GBBDCCG.. 15930 2490,1210,3772,2441,1926,1771,1394,614,300,12
09 ....G...DFGHAADFGH..E.....EBB...CCC. 3415 126,111,263,423,541,547,478,422,352,152
11 ....H...DFHIAADFHI..EG....EGBB..CCC. 2441 114,63,177,342,441,395,265,174,174,170,98,28
07 ...F....DF.GAADF.G........EBB...ECCC 1119 310,27,58,129,233,246,104,12
10 ....G...D.GIAADFHI..EFH...EFBB.CCC.. 2502 280,42,112,260,464,523,386,189,129,99,18
10 ....G...D.GHAADFGH..EF....EFBB.CCC.. 2277 96,21,65,145,314,428,420,296,258,198,36
20 ..FH....FH.JAAGHIJD.G.IKDEBBIK.ECC.. 16262 1360,294,906,952,964,960,800,556,490,644,660,680,800,760,824,972,1174,1198,906,326,36
05 ..D.....D..EAAD..E.......BB...CCC... 623 127,142,143,71,104,36
11 ..D.....D.EFAAD.EF.....G.BB..GCCC..G 713 65,65,130,17,3,9,21,47,101,125,98,32
07 ..D.....D.EGAAD.EG.......BB.F.CCC.F. 1087 121,127,110,56,141,244,217,71
06 ..D.....DE.FAADE.F.......BB...CCC... 1819 469,239,268,168,316,281,78
12 ..D.....DEFGAADEFG.....H.BB..HCCC..H 2244 250,120,240,27,5,15,45,109,259,416,425,263,70
08 ..D.....DEFHAADEFH.......BB.G.CCC.G. 3800 480,250,224,144,362,713,876,593,158
07 ..D.....DE.GAADE.G.......BBF..CCCF.. 1140 321,97,117,79,171,215,128,12
13 ..D.....DEGHAADEGH.....I.BBF.ICCCF.I 1498 190,55,110,10,2,6,20,48,126,245,309,246,113,18
10 ....G....EGIAADEHI..DFH...DFBBCCC... 2818 385,123,114,88,217,449,619,512,233,66,12
15 ..F.....FGH.AAFGH.DE..I.DEBBI..CC... 8857 3252,1747,351,214,264,254,136,99,210,266,450,452,398,396,296,72
06 ....E.....EFAA..EF.......D.BB..DCCC. 2033 60,168,436,614,501,206,48
08 ....F..D..FG.DAAFG...E.....EBB..CCC. 5239 234,312,898,1296,1205,774,364,132,24
16 ..F..J..FGHJAAFGHJDE..I.DEBBI..CC... 22428 2772,1460,4636,1558,1153,1075,860,453,249,430,672,1120,1548,1594,1504,1080,264
13 ...E.....E.HAA.FGH.D.FG..DBBG...CCC. 2916 186,144,438,606,460,222,110,90,88,96,128,168,152,28
06 ...E.....E.FAA.E.F.......DBB...DCCC. 1370 470,60,104,212,292,176,56
15 ...E.....EFHAA.EFH....G..DBBG..DCCC. 3088 488,96,256,428,580,408,127,17,8,10,38,112,188,192,112,28
15 ..F.....FG..AAFGH..E..H.DEBBH.DCC... 6742 1179,626,134,80,165,275,285,224,322,436,612,972,806,446,148,32
14 ...E.....E.GAA.EFG....F..DBBF..DCCC. 2636 174,48,158,240,472,472,198,34,16,20,76,216,304,180,28
08 ....F.....FG.AA.FG..E....DEBB..DCCC. 4434 198,336,686,925,903,618,408,264,96
16 ..F..I..FG.IAAFGHI.E..H.DEBBH.DCC... 18837 1179,626,2012,482,383,675,923,851,692,918,1190,1756,2766,2420,1392,476,96
16 ..FG....FG..AAFH.IDE.H.IDEBB.I.CC... 8461 1542,396,1221,369,413,221,156,97,119,202,501,888,956,626,460,214,80
09 ....G....FGH.AAFGH..E....DEBB..DCCC. 12501 783,660,1463,2088,2289,1996,1572,1062,492,96
09 ..F..H.EF..H.EFAAI.....ID..GBBDCCG.. 20968 5760,2856,6088,1749,1742,1628,812,237,90,6
18 ..FG....FGIJAAFHIJDE.H.KDEBB.K.CC... 30355 8552,2534,5496,1246,1202,1164,769,329,237,341,637,1087,1345,1488,1267,981,810,618,252
17 ..FG....FGI.AAFHI.DE.HJ.DEBBJ..CC... 6292 2684,871,259,228,232,212,94,40,57,75,145,179,307,320,257,184,112,36
14 ...F....EF.IAAEGHI.D.GH..DBBH...CCC. 7409 639,324,765,1107,1090,728,414,292,264,254,324,448,472,260,28
07 ...F....EF.GAAEF.G.......DBB...DCCC. 4211 1727,140,230,404,704,640,298,68
19 ..FG....FGI.AAFHIKDE.HJKDEBBJK.CC... 14347 2238,713,2324,960,1042,955,788,354,109,113,140,251,408,636,946,926,684,468,212,80
16 ...F....EFGIAAEFGI....H..DBBH..DCCC. 7989 1653,216,456,766,1200,1128,605,222,73,28,58,187,390,481,352,146,28
15 ...F....EF.HAAEFGH....G..DBBG..DCCC. 6972 585,108,273,434,868,1104,798,388,146,56,116,366,700,686,304,40
17 ..FG....FG..AAFHI..E.HI.DEBBI.DCC... 4778 995,317,100,91,127,189,183,144,162,138,174,306,422,600,480,250,84,16
13 ..E.....E..HAAF.GH.DF.G..DBBG...CCC. 2169 96,126,186,191,204,166,136,186,240,240,220,136,34,8
19 ..FG....FG..AAFHIJ.E.HIJDEBBIJDCC... 12087 995,317,1051,391,391,530,657,555,406,416,328,394,716,1000,1392,1180,776,400,160,32
14 ..E.....EG.IAAFGHI.DF.H..DBBH...CCC. 6607 396,279,465,543,613,571,478,470,530,528,616,672,354,76,16
16 ..EG....EG.JAAFHIJ.DFHI..DBBI...CCC. 4149 348,153,291,408,477,407,265,174,174,188,170,160,224,308,260,128,14
08 ...G....EG.HAAEG.H.......DFBB..DFCCC 2696 1157,71,114,173,351,440,284,94,12
17 ..FG....FG..AAFG.H.E...HDEBB.HDCC... 6812 1779,130,405,59,85,213,268,143,131,191,316,590,634,420,486,494,328,140
18 ..EG....EGHJAAFGHJ..F.I..DBBI..DCCC. 4071 884,102,176,276,464,523,386,189,129,102,26,12,44,118,198,210,150,68,14
17 ..EG....EG.IAAFGHI..F.H..DBBH..DCCC. 3943 300,51,103,157,314,428,420,296,258,204,52,24,88,236,392,384,198,38
14 ..E.....E.FHAAE.FH.D..G..DBBG.CCC... 2309 407,417,326,64,141,244,217,83,28,34,68,92,64,76,48
18 ..FG....FGHIAAFGHIDE...JDEBB.J.CC... 27243 8614,938,2074,616,814,1176,1098,580,293,341,535,973,1465,1483,1135,1224,1544,1548,792
17 ..FG....FGH.AAFGH.DE..I.DEBBI..CC... 5385 2428,339,123,141,181,224,148,40,43,57,85,159,233,351,393,216,136,88
15 ..E.....EFGIAAEFGI.D..H..DBBH.CCC... 7125 1572,778,616,160,362,713,876,605,190,70,150,255,278,204,200,96
17 ..FG....FG.IAAFH.IDE.H.JDEBB.J.CC... 10519 3630,950,1988,258,264,256,129,71,95,161,417,579,539,366,275,251,200,90
20 ..FG....FGH.AAFGHJ.E..IJDEBBIJDCC... 12139 2064,260,862,334,389,597,820,571,221,207,234,264,406,546,832,1028,894,662,516,312,120
17 ..EF....EFHJAAEGHJ.D.GI..DBBI.CCC... 4619 1199,361,290,96,217,449,619,512,233,70,24,22,56,97,114,120,76,64
17 ..FG....FG..AAFGH..E..H.DEBBH.DCC... 4262 883,130,54,59,72,180,235,115,106,122,134,250,344,444,500,402,188,44
19 ..FG....FG..AAFGHI.E..HIDEBBHIDCC... 11316 883,130,444,221,249,361,663,686,319,294,318,372,700,940,1104,1168,1112,816,448,88
05 .....E.....EAA...E..........BB..CCDD 396 12,48,144,120,64,8
06 ....EG....EGAA..FG....F....BB...CCDD 861 12,48,216,297,189,84,15
05 ....E.....E.AA..E..........BB..CCDD. 249 3,12,27,66,105,36
17 ..FG....FGI.AAFHIJDE.H.JDEBB.J.CC... 23615 3780,1109,3493,1129,1273,962,736,421,313,428,781,1406,1832,1870,1904,1338,624,216
06 ....EF....EFAA..EF.........BB..CCDD. 816 3,12,63,114,225,309,90
07 .....F.....F..AA.F...E.....EBB..CCDD 1090 42,72,264,312,268,100,28,4
07 ....F.....F...AAF....E.....EBB.CCDD. 781 11,20,57,138,269,208,70,8
08 ....FG....FG..AAFG...E.....EBB.CCDD. 2506 11,20,117,258,503,833,584,164,16
08 .....G...E.GAA.E.G...F.....FBB..CCDD 668 24,24,96,132,168,116,56,44,8
08 ....G....EG.AA.EG....F.....FBB.CCDD. 533 7,8,26,62,134,146,84,38,28
09 ....GH...EGHAA.EGH...F.....FBB.CCDD. 1647 7,8,50,122,238,432,436,222,76,56
07 ...E.....EFGAA.EFG........BB.HCCDD.H 2630 186,32,136,312,604,748,488,124
06 ...E.....EF.AA.EF.........BBG.CCDDG. 502 60,16,48,104,156,100,18
06 .....F..E..FAAE..F..........BB..CCDD 1100 44,104,336,356,204,52,4
20 ..FG....FGIKAAFHIKDE.HJLDEBBJL.CC... 20500 4922,1584,3612,1284,1214,1234,932,321,71,90,110,234,355,643,882,935,797,564,360,248,108
08 ....FH....FH.AA.GH..E.G...EBB...CCDD 2008 41,92,402,579,463,250,126,45,10
07 ....F.....F..AA.F...E.....EBB..CCDD. 596 10,22,42,102,198,130,68,24
08 ....FG....FG.AA.FG..E.....EBB..CCDD. 1913 10,22,108,186,375,612,366,174,60
06 ...E.....E.FAA.E.F......D.BB..DCCC.. 2199 545,86,184,462,594,280,48
08 .....G..E..G..EAAG...F.....FBB..CCDD 3062 154,156,584,788,780,400,160,36,4
08 ....F.....FHAA.EGH...EG.D..EBBDCCC.. 5978 590,144,480,1018,1578,1352,642,162,12
08 ....F.....FGAA.EFG...E..D..EBBDCCC.. 5037 210,72,291,558,1242,1476,896,268,24
09 ....GI...FGI.AAFHI..E.H...EBB...CCDD 6415 152,160,768,1389,1633,1230,664,303,102,14
08 ....G....FG..AAFG...E.....EBB..CCDD. 2004 37,38,89,228,500,530,358,184,40
20 ..FG....FG.JAAFHIJ.E.HIKDEBBIKDCC... 14366 1990,634,1468,582,609,824,921,646,412,360,224,284,550,802,1064,932,724,626,446,220,48
09 ....GH...FGH.AAFGH..E.....EBB..CCDD. 6295 37,38,203,426,893,1634,1582,954,436,92
10 .....H...F.H.AAF.H..EG....EGBB..CCDD 1904 88,52,208,300,400,320,215,164,121,34,2
08 ....F.D...FGDAA.FG..E.....EBB...CCC. 6164 234,456,1042,1492,1362,762,432,288,96
10 ....H....FH..AAFH...EG....EGBB.CCDD. 1437 24,16,43,112,262,350,270,166,122,62,10
11 ....HI...FHI.AAFHI..EG....EGBB.CCDD. 4339 24,16,91,214,456,888,1082,772,402,250,124,20
17 ..FG....FG.HAAFG.HDE...IDEBB.I.CC... 9532 4122,339,723,141,214,328,242,96,101,143,289,487,435,305,345,430,492,300
09 ...F.....FGH.AAFGH..E.....EBBICCDD.I 7158 666,72,286,612,1212,1680,1484,827,277,42
06 ..E..G..E..GAAF..G..F....BB.....CCDD 690 30,54,178,222,148,48,10
09 ....GI..E.GIAAE.HI..F.H...FBB...CCDD 1019 23,38,154,214,199,139,85,97,55,15
08 ....G...E.G.AAE.G...F.....FBB..CCDD. 333 5,8,11,26,67,54,58,68,36
09 ....GH..E.GHAAE.GH..F.....FBB..CCDD. 1039 5,8,35,50,110,221,174,170,176,90
10 ....HJ..EGHJAAEGIJ..F.I...FBB...CCDD 3476 88,72,316,538,704,627,426,293,249,137,26
09 ....H...EGH.AAEGH...F.....FBB..CCDD. 1188 19,15,26,67,176,220,198,205,190,72
10 ....HI..EGHIAAEGHI..F.....FBB..CCDD. 3625 19,15,71,127,288,615,713,602,549,458,168
11 .....I..EG.IAAEG.I..FH....FHBB..CCDD 1245 60,27,105,151,204,160,120,108,108,118,76,8
18 ..FG....FGH.AAFGHI.E...IDEBB.IDCC... 19975 3843,390,1241,285,356,670,904,712,462,482,682,1038,1470,1520,1522,1590,1476,964,368
11 ....I...EGI.AAEGI...FH....FHBB.CCDD. 903 13,7,15,41,108,169,152,106,94,104,74,20
12 ....IJ..EGIJAAEGIJ..FH....FHBB.CCDD. 2642 13,7,36,77,177,386,545,467,302,224,220,148,40
09 ....G.D..FGHDAAFGH..E.....EBB...CCC. 18731 927,906,2341,3679,4008,3100,1970,1128,528,144
10 ...G....EGHIAAEGHI..F.....FBBJCCDD.J 4274 428,40,146,280,534,730,713,569,443,297,94
20 ..FG....FGHJAAFGHJDE..IKDEBBIK.CC... 17622 4492,599,1403,639,776,1068,1108,522,96,99,123,219,439,711,1021,1051,792,824,824,552,264
06 ..E..F..E..FAAE..F.......BB....CC.DD 596 32,38,120,144,130,96,36
06 ..E.....E.F.AAE.F........BB.G.CCDDG. 315 51,57,18,32,67,66,24
08 ..E..G..E..G..EAAG...F.....FBB.CC.DD 1670 112,57,188,239,328,327,281,120,18
07 ..E.....EFG.AAEFG........BB.H.CCDDH. 1114 201,114,53,99,186,234,176,51
11 ..EF.H..EF.H..EAAH...G.....GBB.CC.DD 1043 64,19,64,77,144,157,182,141,81,58,38,18
20 ..FG....FG.IAAFGHI.E..HJDEBBHJDCC... 14085 1766,260,628,334,380,605,960,768,324,310,276,366,722,960,944,824,858,1028,1020,620,132
06 ..EF....EF..AAEF.........BB....CCDD. 514 238,24,18,42,94,82,16
10 ...F.....FGH.AAFGH..E.....EBBICCEDDI 3910 480,28,80,106,268,587,885,838,468,147,23
11 ....H.D..FHIDAAFHI..EG....EGBB..CCC. 11924 756,450,1299,2205,2350,1748,1150,852,616,346,128,24
06 .....F....EFAA..EF..........BB..CCDD 1284 24,96,360,408,280,104,12
06 .....F.....FAA...F.......E..BB.ECCDD 1058 42,120,360,312,168,48,8
08 .....G....FG..AAFG...E.....EBB..CCDD 3746 86,152,660,996,988,604,212,44,4
07 ....FH....FHAA..GH....G..E.BB..ECCDD 1949 40,112,480,624,420,200,58,15
06 ....F.....F.AA..F........E.BB..ECCDD 575 10,28,54,140,226,105,12
07 ....FG....FGAA..FG.......E.BB..ECCDD 1841 10,28,138,232,474,662,267,30
08 .....G.E...G.EAA.G...F.....FBB..CCDD 2424 144,168,576,624,528,208,112,52,12
09 .....H...EGHAA.EGH...F.....FBB..CCDD 2390 52,56,260,440,552,500,294,144,80,12
07 ...F....EF.GAAEF.G......D.BB..DCCC.. 5849 1961,180,352,770,1206,948,374,58
06 ...E.....E.FAA.E.F........BB.GCCDD.G 726 94,16,56,112,204,184,60
08 ...E.....EFHAA.EFH........BBGICCDDGI 1946 92,16,80,200,392,548,440,162,16
08 ....G..E..G..EAAG....F.....FBB.CCDD. 1515 36,44,100,248,482,371,168,48,18
07 .....G..E.FGAAE.FG..........BB..CCDD 3261 85,196,756,980,786,358,92,8
09 ....GH.E..GH.EAAGH...F.....FBB.CCDD. 4685 36,44,232,448,892,1470,1021,402,104,36
13 ...F.....F..AA.G.H.E.G.H.EBB.H..CCDD 1242 78,48,168,180,240,116,56,80,68,56,64,56,24,8
10 ....G.D...GIDAAFHI..EFH...EFBB.CCC.. 13065 1959,288,768,1602,2640,2630,1726,876,396,156,24
16 ...F.....FH.AA.GHJ.E.GIJ.EBBIJ..CCDD 2626 88,64,304,504,550,438,206,56,54,42,48,64,72,68,48,16,4
13 ...F.....F..AA.GH..E.GH..EBBH..CCDD. 882 22,16,38,86,182,158,84,44,50,46,52,60,36,8
15 ...F.....F..AA.GHI.E.GHI.EBBHI.CCDD. 2582 22,16,86,170,322,576,472,222,88,100,92,104,136,104,62,10
10 ....G.D...GHDAAFGH..EF....EFBB.CCC.. 11301 693,144,456,888,1938,2566,2156,1364,736,312,48
08 .....H..EFGHAAEFGH..........BB..CCDD 9888 306,316,1352,2184,2568,1882,952,292,36
05 ...F.....F..AA.F.........EBB...ECCDD 613 303,56,48,128,70,8
15 ...F.....FGHAA.FGH.....I.EBB.I.ECCDD 4236 622,64,216,344,604,748,488,136,16,20,64,142,216,296,240,20
14 ...F.....FG.AA.FG.....H..EBBH..ECCDD 846 196,32,64,104,156,100,18,6,4,12,40,46,36,28,4
07 .....G..F..GAAF..G.......E..BB.ECCDD 2958 154,284,888,912,512,164,40,4
13 ..E.....E..HAAF.GHD.F.G.DBB.G...CCC. 2725 108,150,238,245,240,178,136,250,376,304,212,196,76,16
11 .....I...FHI.AAFHI..EG....EGBB..CCDD 6517 187,120,540,936,1302,1228,945,588,393,216,58,4
09 ....GI....GI.AA.HI..F.H..EFBB..ECCDD 4253 135,232,922,1126,854,472,270,157,65,20
08 ....G..E..G..EAAG...F.....FBB..CCDD. 1276 33,56,77,194,373,257,162,92,32
09 ....GH.E..GH.EAAGH..F.....FBB..CCDD. 3968 33,56,245,340,702,1139,715,424,234,80
09 .....H.EF..H.EFAAH...G.....GBB..CCDD 6912 528,400,1368,1620,1520,740,420,228,76,12
08 ...F.....F.G.AAF.G..E.....EBBHCCDD.H 2065 345,36,122,218,406,470,316,131,21
09 ...F....EFGIAAEFGI........BBHJCCDDHJ 5050 321,36,164,394,798,1192,1166,698,244,37
14 ..E.....EG.IAAFGHID.F.H.DBB.H...CCC. 8669 444,333,615,751,793,667,502,534,800,912,768,724,576,210,40
07 ..E..H..E.GHAAF.GH..F....BB.....CCDD 1873 53,92,350,502,478,278,100,20
08 ..E..I..EGHIAAFGHI..F....BB.....CCDD 5909 193,153,627,1043,1401,1260,834,342,56
10 ....HJ...GHJ.AAGIJ..F.I..EFBB..ECCDD 11388 492,384,1608,2320,2512,1844,1094,673,329,114,18
16 ..E.....EG.JAAFGIJD.FHI.DBBHI...CCC. 5650 387,183,401,606,645,491,289,174,230,370,468,466,400,302,176,54,8
09 ....H..E..H..EAAH...FG....FGBB.CCDD. 3708 120,92,146,372,815,817,674,460,184,28
12 .....J..EGIJAAEGIJ..FH....FHBB..CCDD 4073 121,61,261,445,659,628,515,369,324,318,256,108,8
08 ..E.....E..HAAFG.H..FG..DBBG..DCCC.. 3320 1250,82,148,267,477,550,369,154,23
10 ....HI.E..HI.EAAHI..FG....FGBB.CCDD. 11120 120,92,422,680,1432,2613,2403,1776,1102,420,60
09 ...G....EG.HAAEG.H..F.....FBBICCDD.I 1295 236,20,64,98,168,198,179,154,125,53
14 ...G....FG..AAFH.I.E.H.I.EBB.I..CCDD 3632 286,116,400,432,592,320,215,200,265,238,194,192,124,46,12
16 ..E.....E.HJAAFGHJD.FGI.DBBGI..CCC.. 5623 986,120,248,454,704,655,410,189,153,252,262,252,270,252,260,136,20
07 ..E..G..E.FGAAE.FG.......BB....CC.DD 1603 61,70,231,265,317,335,252,72
15 ..E.....E..IAAFGHID.FGH.DBBGH..CCC.. 5428 336,60,145,253,506,572,456,296,306,504,524,504,516,316,118,16
08 ..E..H..EFGHAAEFGH.......BB....CC.DD 5074 220,113,384,477,786,1022,1122,740,210
17 ...G....FGI.AAFHIK.E.HJK.EBBJK..CCDD 6661 309,152,654,1010,1288,1052,656,305,160,151,140,170,208,184,130,68,20,4
14 ..E.....E.FHAAE.FHD...G.DBB.G.CCC... 2903 475,489,386,72,141,244,217,95,38,26,85,147,156,200,132
14 ...G....FG..AAFHI..E.HI..EBBI..CCDD. 2328 75,36,61,148,346,374,270,172,150,152,140,184,152,60,8
16 ...G....FG..AAFHIJ.E.HIJ.EBBIJ.CCDD. 6592 75,36,169,286,588,1140,1154,772,414,306,304,280,384,360,222,92,10
07 ..EF....EFG.AAEFG........BB....CCDD. 1349 388,38,39,98,226,328,200,32
06 ...G....FG..AAFG.........EBB...ECCDD 2065 1167,156,118,290,244,82,8
07 .....G....FGAA..FG.......E..BB.ECCDD 3142 82,232,852,948,660,280,76,12
15 ..E.....EFGIAAEFGID...H.DBB.H.CCC... 9246 1844,922,744,200,378,713,876,617,228,88,147,355,526,604,656,348
08 ..E.....EF.HAAEF.HD..G..DBBG..CCC... 3320 1272,361,423,156,290,368,308,86,56
20 ..E.....EFHIAAEFHID..G.JDBBG.JCCC..J 3382 707,197,394,38,6,14,36,56,126,245,309,250,123,28,35,93,165,204,194,110,52
16 ...G....FGHIAAFGHI.....J.EBB.J.ECCDD 11780 2216,160,490,668,1212,1680,1484,839,323,90,114,284,480,640,696,376,28
09 .....H.E..GH.EAAGH...F.....FBB..CCDD 7592 288,344,1384,1872,1812,1100,488,216,76,12
15 ...G....FGH.AAFGH.....I..EBBI..ECCDD 2356 678,80,120,210,326,280,156,56,18,22,70,128,108,68,32,4
17 ..E.....EFHJAAEFHJD..GI.DBBGI.CCC... 6195 1415,433,358,128,233,449,619,512,245,96,60,105,195,273,378,362,232,102
07 ..F..H..F..HAAG..H..G....EBB...ECCDD 1865 105,157,495,589,356,121,35,7
15 ..F..J..F.HJAAG.HJ.EG.I..EBBI...CCDD 1998 73,98,354,376,274,154,85,109,123,108,93,63,43,27,12,6
14 ...F.....FH.AA.GHI.E.G.I.EBB.I..CCDD 4052 166,112,452,608,744,572,294,180,176,140,160,200,160,68,20
13 ..F.....F...AAG.H..EG.H..EBBH..CCDD. 671 16,21,17,38,97,54,58,80,92,80,66,38,10,4
14 ..F..I..F..IAAG.HI.EG.H..EBBH..CCDD. 2012 16,21,80,74,158,311,174,176,222,248,214,174,101,31,12
16 ...F.....F.IAA.GHI.E.GHJ.EBBHJ.CCDD. 2834 44,32,140,294,526,668,436,158,44,50,46,52,76,92,98,66,12
14 ...F.....F.GAA.F.G.....H.EBB.H.ECCDD 1300 322,32,88,112,204,184,60,12,4,12,40,54,80,88,8
06 ...F.....FG.AA.FG........EBB...ECCDD 1565 499,88,144,280,362,172,20
17 ...F.....FGIAA.FGI....HJ.EBBHJ.ECCDD 2854 300,32,128,232,392,548,440,162,22,4,12,40,62,116,168,120,72,4
16 ..F..K..FHIKAAGHIK.EG.J..EBBJ...CCDD 5871 276,180,680,844,929,690,426,305,317,270,267,257,201,121,66,30,12
08 .....H..F.GHAAF.GH.......E..BB.ECCDD 7751 289,516,1876,2220,1714,792,268,68,8
14 ..F.....FH..AAGHI..EG.I..EBBI..CCDD. 2128 60,38,38,91,242,232,198,217,252,208,200,214,106,24,8
15 ..F..J..FH.JAAGHIJ.EG.I..EBBI..CCDD. 6154 60,38,152,175,384,813,749,608,595,636,526,510,537,273,74,24
16 ..FH....FH..AAGI.J.EGI.J.EBB.J..CCDD 2438 195,65,219,235,318,160,120,108,108,166,212,168,144,122,68,24,6
19 ..FH....FHJ.AAGIJL.EGIKL.EBBKL..CCDD 3810 187,82,326,468,651,549,394,216,129,100,114,102,84,128,122,76,46,26,8,2
16 ..FH....FH..AAGIJ..EGIJ..EBBJ..CCDD. 1456 40,17,21,53,144,181,152,106,94,110,114,82,104,130,78,26,4
09 .....I..FGHIAAFGHI.......E..BB.ECCDD 19724 1020,784,3012,4096,4564,3180,1804,880,324,60
18 ..FH....FH..AAGIJK.EGIJK.EBBJK.CCDD. 3967 40,17,72,101,225,494,581,467,302,224,232,228,164,208,268,192,106,41,5
18 ..FH....FHIJAAGHIJ..G..K.EBB.K.ECCDD 7058 1406,96,270,304,534,730,713,569,443,315,136,36,108,204,274,346,362,198,14
17 ..FH....FHI.AAGHI...G.J..EBBJ..ECCDD 1352 397,48,54,98,146,126,89,68,66,20,6,24,60,72,42,20,14,2
05 ..F.....F...AAF..........EBB...ECCDD 800 312,354,30,72,30,2
07 ..F..G..F..GAAF..G.......EBB...ECCDD 1608 112,125,384,417,300,183,75,12
15 ...G....FGI.AAFHIJ.E.H.J.EBB.J..CCDD 11055 595,268,1024,1320,1770,1348,945,624,573,540,474,548,548,330,120,28
14 ..F.....F.G.AAF.G.....H..EBBH..ECCDD 673 169,179,26,32,67,66,24,12,8,12,28,18,16,14,2
16 ..F..I..F.GIAAF.GI....H..EBBH..ECCDD 1796 95,100,313,217,189,189,214,125,37,28,33,57,62,65,48,18,6
06 ..F.....FG..AAFG.........EBB...ECCDD 2342 1176,633,97,183,187,62,4
09 ..F..H.EF..H.EFAAH...G.....GBB.CC.DD 3804 384,178,558,602,658,526,474,268,114,42
17 ...G....FG.JAAFHIJ.E.HIK.EBBIK.CCDD. 7023 150,72,266,495,988,1438,1208,670,280,160,152,140,200,232,242,216,102,12
15 ..F.....FGH.AAFGH.....I..EBBI..ECCDD 2156 651,338,73,99,186,234,176,63,17,34,61,89,55,46,30,4
17 ..F..J..FGHJAAFGHJ....I..EBBI..ECCDD 5293 348,168,534,410,538,559,729,643,311,82,75,137,200,207,184,114,42,12
15 ...G....FG.HAAFG.H.....I.EBB.I.ECCDD 3863 1181,80,210,218,406,470,316,143,55,22,70,136,172,220,152,12
17 ..FG....FG..AAFH.I...H.I.EBB.I.ECCDD 2015 208,53,166,149,246,157,182,141,81,70,84,112,116,84,84,57,20,5
07 ...G....FGH.AAFGH........EBB...ECCDD 4807 1845,236,318,636,922,630,200,20
07 ...F.....F.GAA.F.G......DEBB..DECCC. 5188 2034,200,318,576,924,736,344,56
18 ..FG....FGIJAAFHIJ...H.K.EBB.K.ECCDD 6908 1439,424,944,354,598,834,727,358,130,99,86,81,79,123,151,169,181,119,12
17 ..FG....FGI.AAFHI....HJ..EBBJ..ECCDD 1458 490,159,51,81,137,162,108,48,31,19,6,21,37,43,30,19,14,2
20 ..FG....FGI.AAFHIK...HJK.EBBJK.ECCDD 3264 221,68,221,193,347,366,497,467,261,91,54,30,22,56,84,88,81,66,39,10,2
18 ...G....FGHJAAFGHJ....IK.EBBIK.ECCDD 7407 1035,80,280,450,798,1192,1166,698,250,50,22,70,144,216,336,344,196,76,4
16 ...F.....FGIAA.FGI....H.DEBBH.DECCC. 10526 1978,312,760,1130,1578,1352,642,174,42,30,114,354,636,720,480,196,28
08 ..F..I..F.HIAAG.HI..G....EBB...ECCDD 4336 178,255,903,1155,989,554,217,68,17
18 ..FG....FGHIAAFGHI.E...J.EBB.J.CCDD. 6611 1594,76,180,114,268,587,885,838,468,153,40,22,40,98,192,286,358,316,96
17 ..FG....FGH.AAFGH..E..I..EBBI..CCDD. 1346 482,38,19,38,88,162,180,86,19,5,2,9,22,50,62,44,32,8
15 ...F.....F.HAA.FGH....G.DEBBG.DECCC. 9077 684,156,473,642,1242,1476,896,292,84,60,228,684,1056,812,264,28
06 ....F.....F.AA..F.......E..BB.ECCDD. 865 11,38,81,202,323,174,36
07 ....FG....FGAA..FG......E..BB.ECCDD. 2800 11,38,195,344,687,967,468,90
09 ..F..J..FHIJAAGHIJ..G....EBB...ECCDD 11650 636,402,1470,2008,2442,2046,1483,800,297,66
08 ....G.....G...AAG....F..E..FBBECCDD. 2562 40,62,164,400,779,680,333,96,8
09 ....GH....GH..AAGH...F..E..FBBECCDD. 8091 40,62,350,740,1452,2428,1942,845,216,16
17 ..FH....FHJ.AAGIJK.EGI.K.EBB.K..CCDD 6966 382,147,535,661,923,676,515,369,324,366,440,372,312,378,320,172,60,14
09 ....G.D...GHDAA.GH..F....EFBB..ECCC. 15946 783,1254,2351,3103,3053,2010,1368,1128,704,192
19 ..FH....FH.KAAGIJK.EGIJL.EBBJL.CCDD. 4007 80,34,110,175,392,661,668,473,266,166,130,114,82,104,138,126,130,107,45,6
09 ....H....FH.AA.FH....G..E..GBBECCDD. 1665 25,24,71,168,366,414,287,174,108,28
10 ....HI...FHIAA.FHI...G..E..GBBECCDD. 5041 25,24,143,330,645,1185,1248,779,390,216,56
17 ..FH....FH.IAAGH.I..G..J.EBB.J.ECCDD 2477 806,48,120,98,168,198,179,154,125,71,24,24,60,84,102,128,82,6
20 ..FH....FHIKAAGHIK..G.JL.EBBJL.ECCDD 3969 600,48,150,206,366,540,556,409,248,142,56,6,24,60,84,106,146,122,62,36,2
06 ..F.....F.G.AAF.G........EBB...ECCDD 1565 481,533,120,152,197,76,6
08 ..F..H..F.GHAAF.GH.......EBB...ECCDD 3633 207,225,713,694,633,546,423,162,30
07 ..F.....FGH.AAFGH........EBB...ECCDD 4807 1827,971,282,430,629,498,158,12
09 ....GIE...GIEAA.HI..F.H...FBB...CCDD 5911 153,302,1248,1633,1256,674,340,195,90,20
08 ....G.E...G.EAA.G...F.....FBB..CCDD. 1792 36,70,112,274,512,344,224,148,72
09 ....GHE...GHEAA.GH..F.....FBB..CCDD. 5635 36,70,322,488,987,1576,986,608,382,180
17 ..FG....FG.IAAFH.I...H.J.EBB.J.ECCDD 2495 728,197,422,109,190,230,143,48,34,37,48,69,37,49,49,55,45,5
18 ..FG....FGI.AAFHIJ...H.J.EBB.J.ECCDD 5692 429,121,387,342,593,519,661,595,375,228,192,172,160,196,256,245,156,53,12
20 ..FG....FGIKAAFHIK...HJL.EBBJL.ECCDD 4233 711,227,522,245,408,610,606,335,96,31,19,6,21,37,49,53,75,89,59,32,2
17 ..FG....FG.HAAFG.H.E...I.EBB.I.CCDD. 2293 859,38,85,38,98,207,261,180,68,19,14,18,22,54,80,102,110,40
20 ..FG....FGHJAAFGHJ.E..IK.EBBIK.CCDD. 4019 735,38,95,76,170,376,610,644,404,127,13,2,9,22,54,84,130,182,148,84,16
10 ....HJE..GHJEAAGIJ..F.I...FBB...CCDD 17363 561,510,2286,3703,4124,3012,1648,875,446,170,28
09 ....H.E..GH.EAAGH...F.....FBB..CCDD. 5633 132,118,230,576,1238,1264,937,650,368,120
10 ....HIE..GHIEAAGHI..F.....FBB..CCDD. 17226 132,118,584,1072,2208,3997,3772,2555,1636,876,276
11 .....IE..G.IEAAG.I..FH....FHBB..CCDD 5443 329,160,596,764,1061,768,558,546,431,176,50,4
10 ....H.D..GHIDAAGHI..F....EFBB..ECCC. 41509 3024,2340,4716,6360,6891,5984,4884,3794,2380,944,192
11 ....I.E..GI.EAAGI...FH....FHBB.CCDD. 3815 84,48,106,264,616,780,623,468,402,264,130,30
12 ....IJE..GIJEAAGIJ..FH....FHBB.CCDD. 11129 84,48,250,510,1057,2061,2408,1787,1172,886,546,260,60
10 ...G..E..GHIEAAGHI..F.....FBBJCCDD.J 18966 2546,224,796,1480,2916,4072,3602,2068,852,326,84
15 ..F..J..F.HJAAG.HJE.G.I.EBB.I...CCDD 2507 79,114,422,466,325,163,85,123,190,150,118,84,80,66,30,12
13 ..F.....F...AAG.H.E.G.H.EBB.H..CCDD. 861 17,24,23,50,127,54,58,92,136,120,60,60,28,12
14 ..F..I..F..IAAG.HIE.G.H.EBB.H..CCDD. 2597 17,24,95,98,206,401,174,182,262,364,316,168,166,88,36
08 ...G....FG.HAAFG.H......DEBB..DECCC. 15209 7395,468,696,1006,1876,1990,1264,446,68
16 ..F..K..FHIKAAGHIKE.G.J.EBB.J...CCDD 7793 299,211,833,1121,1211,831,450,319,410,464,404,336,301,273,204,96,30
14 ..F.....FH..AAGHI.E.G.I.EBB.I..CCDD. 2861 64,44,54,127,332,304,198,229,326,370,284,222,188,87,32
15 ..F..J..FH.JAAGHIJE.G.I.EBB.I..CCDD. 8364 64,44,186,247,528,1107,965,614,647,844,924,722,592,513,271,96
15 ..F..J..FH.JAAGH.JE.GI..EBBI....CCDD 3155 211,77,271,310,393,208,120,121,178,281,382,296,158,102,41,6
17 ...G....FGHJAAFGHJ....I.DEBBI.DECCC. 24337 6501,696,1280,1762,2640,2630,1726,888,432,212,192,514,1113,1526,1303,680,214,28
12 .....JE..GIJEAAGIJ..FH....FHBB..CCDD 17562 686,368,1534,2352,3261,2950,2280,1628,1279,770,342,104,8
18 ..F..L..FHJLAAGHJLE.GIK.EBBIK...CCDD 5319 203,97,411,655,882,717,490,216,142,170,227,264,214,189,182,128,87,39,6
16 ..F.....FH..AAGHJ.E.GIJ.EBBIJ..CCDD. 2039 43,20,31,77,204,265,176,106,106,168,226,210,162,122,81,32,10
17 ..F..K..FH.KAAGHJKE.GIJ.EBBIJ..CCDD. 5645 43,20,91,149,321,698,833,539,308,268,390,504,470,378,295,210,98,30
16 ...G....FG.IAAFGHI....H.DEBBH.DECCC. 21357 2241,348,772,1008,1938,2566,2156,1388,808,424,384,1004,1994,2280,1486,496,64
15 ..F.....F.IJAAGHIJE.GH..EBBH.KCCDD.K 9662 1526,114,354,496,840,1012,821,589,585,723,755,647,596,415,163,26
09 ...G..E..G.HEAAG.H..F.....FBBICCDD.I 5835 1349,112,340,522,1002,1164,784,378,142,42
05 ..F.....F...AAF.........EBB...ECCDD. 914 346,400,30,76,50,12
07 ..F..G..F..GAAF..G......EBB...ECC.DD 1875 125,142,435,474,350,205,108,36
14 ..F.....F.G.AAF.G.....H.EBB.H.ECCDD. 825 193,207,34,32,67,66,24,24,4,12,32,42,40,36,12
14 ..F.....F..IAAG.HIDEG.H.DEBBH...CCC. 7037 351,429,532,407,348,214,136,298,704,1112,1184,846,372,88,16
16 ..F..I..F.GIAAF.GI....H.EBB.H.ECC.DD 2241 107,114,359,259,219,183,214,128,51,38,30,72,113,146,124,60,24
06 ..F.....FG..AAFG........EBB...ECCDD. 2727 1311,724,121,187,230,122,32
09 ..F..H..F..H..FAAH...G..E..GBBECC.DD 4623 431,205,647,707,786,608,615,420,186,18
15 ..F.....FGH.AAFGH.....I.EBB.I.ECCDD. 2727 749,398,101,115,186,234,176,75,46,23,65,127,152,142,106,32
17 ..F..J..FGHJAAFGHJ....I.EBB.I.ECC.DD 6912 394,194,624,508,652,589,729,646,331,126,102,144,293,436,504,388,186,66
08 ..F.....FG..AAFG.....H..EBBH..ECCDD. 1805 962,324,87,117,148,98,39,20,10
16 ..F..I..FG.IAAFG.I...H..EBBH..ECC.DD 2581 237,63,200,185,294,169,182,144,97,99,130,196,205,156,128,72,24
16 ..F..J..FGIJAAFGIK...H.KEBBH..ECCDD. 9164 1664,508,1160,482,662,834,727,367,175,179,201,336,486,588,469,254,72
17 ..F.....FGI.AAFGI....HJ.EBBHJ.ECCDD. 1921 572,191,75,105,137,162,108,48,43,32,27,45,75,94,97,66,34,10
19 ..F..K..FGIKAAFGIK...HJ.EBBHJ.ECC.DD 4523 253,80,265,249,431,414,521,467,264,107,83,76,104,163,252,288,246,164,72,24
08 ..F.....F...AAFG.....G..EBBG..ECCDD. 1596 965,87,39,80,155,169,77,22,2
17 ..F.....F.HIAAFGHI...G..EBBG.JECCDDJ 8675 1816,92,228,170,340,647,909,844,506,249,201,335,617,778,585,264,82,12
17 ..F.....F.H.AAFGH....GI.EBBGI.ECCDD. 1745 556,46,29,56,100,162,180,86,31,27,21,63,95,110,107,56,18,2
15 ..F.....FH.JAAGHIJDEG.I.DEBBI...CCC. 19759 1413,906,1267,1111,1009,739,502,582,1146,1916,2540,2982,2444,970,200,32
16 ..F..K..FHJKAAGHJKE.GI..EBBI....CCDD 9414 414,174,668,903,1205,892,611,382,420,621,836,834,601,424,290,121,18
07 ....G.....G.AA..G.......EF.BB.EFCCDD 2171 37,96,177,466,755,483,145,12
08 ....GH....GHAA..GH......EF.BB.EFCCDD 6879 37,96,465,764,1575,2248,1297,367,30
14 ..F.....F..IAAGH.IE.GH..EBBH.JCCDD.J 3232 872,57,156,164,252,246,179,174,227,275,237,201,136,48,8
17 ..F.....F.IKAAGHIKE.GHJ.EBBHJLCCDD.L 5627 654,57,198,332,588,786,700,433,268,244,259,217,213,206,205,175,80,12
17 ..FH....FH.KAAGIJKDEGIJ.DEBBJ...CCC. 11393 1188,477,759,804,753,527,289,174,230,388,600,842,1016,1142,1150,756,270,28
06 ..F.....F.G.AAF.G.......EBB...ECCDD. 1847 539,607,144,156,229,136,36
08 ..F..H..F.GHAAF.GH......EBB...ECC.DD 4384 232,256,814,805,739,608,546,288,96
09 ...H....FH.IAAFH.I......DEGBB.DEGCCC 9351 4849,232,342,389,813,1120,955,510,129,12
08 ..F..H..F..H..FAAI...G.IE..GBBECCDD. 5913 1355,670,1439,468,614,716,465,174,12
07 ..F.....FGH.AAFGH.......EBB...ECCDD. 5822 2060,1122,362,482,684,668,348,96
09 ..F..I..FGHIAAFGHI......EBB...ECC.DD 12375 825,399,1291,1311,1704,1701,2070,1820,954,300
09 ....H..F..H..FAAH....G..E..GBBECCDD. 5388 132,148,314,784,1511,1297,752,324,108,18
20 ..FH....FHIKAAGHIK..G.J.DEBBJ.DECCC. 10873 3166,312,448,502,704,655,410,189,153,255,279,286,336,457,700,742,585,396,202,82,14
10 ....HI.F..HI.FAAHI...G..E..GBBECCDD. 16416 132,148,758,1400,2802,4639,3639,1900,738,224,36
15 ..F..I..FG.IAAFG.J...H.JEBBH..ECCDD. 3179 839,237,518,141,190,230,143,57,61,63,111,186,164,136,79,24
09 ..F.....FGI.AAFGI....H..EBBH..ECCDD. 3979 1534,515,222,330,441,438,267,130,72,30
17 ..F..J..FGIJAAFGIJ...H..EBBH..ECC.DD 7594 490,143,465,434,725,579,685,598,397,289,296,352,431,488,520,414,216,72
19 ..FH....FH.JAAGHIJ..G.I.DEBBI.DECCC. 10940 1062,156,263,289,506,572,456,296,306,510,558,572,648,726,994,1188,992,584,224,38
16 ..F.....F..HAAFG.H...G..EBBG.IECCDDI 2901 973,46,107,56,116,219,261,186,94,63,87,177,227,176,83,26,4
14 ...G.....G..AA.HI..F.HI.EFBBI.ECCDD. 2973 79,52,113,252,534,474,293,198,192,192,182,200,148,56,8
09 ..F.....F.H.AAFGH....G..EBBG..ECCDD. 3593 1521,133,88,184,363,545,479,212,62,6
19 ..F.....F.HJAAFGHJ...GI.EBBGIKECCDDK 5422 843,46,121,114,224,424,634,644,410,153,57,75,173,295,392,407,270,106,30,4
15 ..F.....F.GIAAF.GIDE..H.DEBBH.CCC... 7385 1633,1659,1250,96,141,244,217,107,114,160,237,366,385,390,308,78
16 ...G.....G..AA.HIJ.F.HIJEFBBIJECCDD. 8513 79,52,269,498,939,1695,1428,797,438,384,384,364,448,392,250,86,10
16 ..F.....FGHJAAFGHJDE..I.DEBBI.CCC... 20911 6156,2942,2232,248,378,713,876,629,308,274,497,941,1271,1300,1212,778,156
18 ..FG....FGIKAAFHIKDE.HJ.DEBBJ.CCC... 12373 4453,1283,982,152,233,449,619,512,245,100,88,171,311,499,683,681,512,296,104
10 ....HJE...HJEAA.IJ..G.I..FGBB..FCCDD 14192 510,824,3162,3606,2678,1444,796,597,375,160,40
09 ....H.EF..H.EFAAH...G.....GBB..CCDD. 4308 120,192,230,586,1082,769,531,418,284,96
10 ....HIEF..HIEFAAHI..G.....GBB..CCDD. 13176 120,192,806,1004,2079,3295,2173,1449,1096,722,240
17 ...G.....G.JAA.HIJ.F.HIKEFBBIKECCDD. 9114 158,104,434,863,1527,1965,1365,630,260,192,192,182,248,316,326,246,94,12
11 ....IKE..HIKEAAHJK..G.J..FGBB..FCCDD 34806 1836,1324,5304,6968,7146,4980,2920,2045,1363,686,198,36
10 ....I.EF..I.EFAAI...GH....GHBB.CCDD. 11619 432,308,420,1052,2240,2141,1826,1532,1096,488,84
11 ....IJEF..IJEFAAIJ..GH....GHBB.CCDD. 33981 432,308,1344,1908,3954,7090,6287,4922,3842,2598,1116,180
15 ...H....GH..AAGIJ..F.IJ.EFBBJ.ECCDD. 6861 264,116,166,384,892,876,629,492,498,528,544,588,492,296,88,8
17 ...H....GH..AAGIJK.F.IJKEFBBJKECCDD. 18735 264,116,514,750,1495,2895,2696,1805,1220,1078,1074,1088,1224,1128,850,402,126,10
16 ..G..K..G.IKAAH.IKEFH.J.EFBBJ...CCDD 5781 254,319,1097,997,580,214,85,135,297,456,461,351,240,163,81,39,12
14 ..G.....G...AAH.I.EFH.I.EFBBI..CCDD. 2007 55,68,41,86,217,54,58,104,228,360,358,228,108,34,8
15 ..G..J..G..JAAH.IJEFH.I.EFBBI..CCDD. 5856 55,68,245,170,350,671,174,188,326,656,974,944,605,302,104,24
18 ...H....GH.KAAGIJK.F.IJLEFBBJLECCDD. 19223 528,232,796,1300,2495,3517,2771,1620,920,646,558,544,636,708,758,646,394,142,12
17 ..G..L..GIJLAAHIJLEFH.K.EFBBK...CCDD 15431 948,570,2030,2102,1946,1026,450,331,517,810,1009,1153,975,754,465,225,96,24
15 ..G.....GI..AAHIJ.EFH.J.EFBBJ..CCDD. 5877 204,120,90,199,530,340,198,241,424,684,864,866,708,309,84,16
16 ..G..K..GI.KAAHIJKEFH.J.EFBBJ..CCDD. 16353 204,120,450,391,816,1701,1073,620,711,1156,1778,2186,2183,1813,847,256,48
17 ..GI....GI..AAHJ.KEFHJ.KEFBB.K..CCDD 7226 697,199,637,580,765,208,120,121,178,329,674,888,754,532,329,150,53,12
20 ..GI....GIK.AAHJKMEFHJLMEFBBLM..CCDD 9199 626,251,933,1105,1362,861,490,216,142,170,251,394,450,497,548,424,263,140,55,17,4
17 ..GI....GI..AAHJK.EFHJK.EFBBK..CCDD. 3765 133,52,49,113,312,301,176,106,106,174,284,388,438,448,405,208,64,8
19 ..GI....GI..AAHJKLEFHJKLEFBBKL.CCDD. 9720 133,52,205,221,465,1022,941,539,308,268,402,620,826,930,955,910,564,265,84,10
19 ..GI....GIJKAAHIJKE.H..LEFBB.L.FCCDD 18514 5116,294,750,568,840,1012,821,589,585,741,857,817,782,843,843,892,1012,820,304,28
18 ..GI....GIJ.AAHIJ.E.H.K.EFBBK..FCCDD 3603 1374,147,120,164,212,138,89,68,106,134,121,129,166,248,217,98,46,22,4
18 ..GI....GIK.AAHJKLEFHJ.LEFBB.L..CCDD 18801 1323,450,1544,1587,2057,1036,611,382,420,669,1176,1686,1669,1470,1318,863,381,131,28
06 ..G.....G...AAG.........EFBB..EFCCDD 3070 1310,1448,54,132,96,28,2
08 ..G..H..G..HAAG..H......EFBB..EFCCDD 5776 444,485,1470,1549,1000,489,234,93,12
16 ..G.....G.H.AAG.H.....I.EFBBI.EFCCDD 2077 651,677,58,32,67,66,24,36,48,40,72,88,92,78,36,10,2
18 ..G..J..G.HJAAG.HJ....I.EFBBI.EFCCDD 5140 355,368,1133,709,459,213,214,131,77,115,131,172,235,290,275,161,72,24,6
07 ..G.....GH..AAGH........EFBB..EFCCDD 8650 4884,2525,211,321,406,233,66,4
10 ..G..I.FG..I.FGAAI...H..E..HBBECC.DD 12318 1500,666,2048,2082,1942,1146,1115,919,612,246,42
20 ..GI....GI.LAAHJKLEFHJKMEFBBKM.CCDD. 9225 266,104,306,383,812,1261,980,521,278,236,300,400,508,566,580,575,454,357,234,92,12
18 ..GI....GI.JAAHI.JE.H..KEFBB.K.FCCDD 7236 3048,147,336,164,252,246,179,174,227,293,321,299,246,256,268,326,316,126,12
17 ..G.....GHI.AAGHI.....J.EFBBJ.EFCCDD 6256 2463,1226,161,115,186,234,176,87,99,100,182,277,314,303,217,90,22,4
19 ..G..K..GHIKAAGHIK....J.EFBBJ.EFCCDD 13587 1284,600,1866,1246,1294,655,729,649,357,213,271,414,661,866,973,815,442,186,54,12
21 ..GI....GIJLAAHIJLE.H.KMEFBBKM.FCCDD 9232 2068,147,414,404,588,786,700,433,268,244,268,253,251,316,413,439,430,394,238,124,50,4
19 ..GH....GH..AAGI.J...I.JEFBB.JEFCCDD 5905 780,181,554,437,660,169,182,144,97,111,212,424,593,556,310,245,153,67,25,5
07 ..G.....G.H.AAG.H.......EFBB..EFCCDD 5427 1961,2125,336,260,395,264,80,6
20 ..GH....GHJKAAGIJK...I.LEFBB.LEFCCDD 18562 5335,1460,3112,578,662,834,727,367,175,197,306,564,805,818,769,645,513,373,221,89,12
09 ..G..I..G.HIAAG.HI......EFBB..EFCCDD 11641 799,853,2659,2450,1881,1196,960,567,246,30
19 ..GH....GHJ.AAGIJ....IK.EFBBK.EFCCDD 4014 1788,549,111,105,137,162,108,48,43,41,60,78,145,178,182,142,88,37,10,2
22 ..GH....GHJ.AAGIJL...IKLEFBBKLEFCCDD 7642 793,232,733,537,833,450,521,467,264,107,89,110,170,257,412,474,447,363,223,109,37,12,2
09 ..G..I.FG..I.FGAAJ...H.JE..HBBECCDD. 16114 4776,2185,4523,978,974,1181,872,425,173,27
08 ..G.....GHI.AAGHI.......EFBB..EFCCDD 15817 7347,3751,764,796,1136,1167,654,190,12
20 ..GH....GHIJAAGHIJ.F...KEFBB.KECCDD. 17241 6134,260,576,194,340,647,909,844,506,255,236,406,716,938,906,794,836,834,558,256,96
19 ..GH....GHI.AAGHI..F..J.EFBBJ.ECCDD. 3700 1812,130,41,56,100,162,180,86,31,30,32,76,132,192,226,180,132,70,24,8
05 .....E.....EAA...E..........BB.CCDDD 188 4,16,48,56,56,8
06 ....EG....EGAA..FG....F....BB..CCDDD 351 3,12,54,93,105,69,15
07 .....F.....F..AA.F...E.....EBB.CCDDD 486 14,24,88,128,140,72,16,4
08 .....G...E.GAA.E.G...F.....FBB.CCDDD 256 8,8,32,52,64,44,28,12,8
06 .....F..E..FAAE..F..........BB.CCDDD 518 14,32,104,140,168,56,4
08 ....FH....FH.AA.GH..E.G...EBB..CCDDD 823 10,22,96,171,222,176,81,35,10
08 .....G..E..G..EAAG...F.....FBB.CCDDD 1349 49,48,180,288,384,256,112,28,4
09 ....GI...FGI.AAFHI..E.H...EBB..CCDDD 2482 37,38,182,385,580,578,397,195,76,14
10 .....H...F.H.AAF.H..EG....EGBB.CCDDD 718 28,16,64,108,153,126,89,67,45,20,2
09 ....GI..E.GIAAE.HI..F.H...FBB..CCDDD 424 5,8,32,54,86,87,55,42,40,15
10 ....HJ..EGHJAAEGIJ..F.I...FBB..CCDDD 1352 19,15,65,128,223,265,234,160,126,91,26
11 .....I..EG.IAAEG.I..FH....FHBB.CCDDD 454 16,7,27,44,73,69,50,40,48,44,28,8
19 ..GH....GH.JAAGI.J...I.KEFBB.KEFCCDD 7521 2754,679,1402,141,190,230,143,57,61,81,198,348,417,226,195,163,121,75,35,5
08 .....G.E...G.EAA.G...F.....FBB.CCDDD 1040 48,56,192,264,288,128,40,16,8
20 ..GH....GHJ.AAGIJK...I.KEFBB.KEFCCDD 14824 1573,413,1287,974,1493,615,685,598,397,301,390,648,951,1076,1026,975,733,431,181,65,12
13 ...F.....F..AA.G.H.E.G.H.EBB.H.CCDDD 466 26,16,56,76,88,44,28,24,24,24,20,24,12,4
16 ...F.....FH.AA.GHJ.E.GIJ.EBBIJ.CCDDD 878 22,16,76,150,192,160,80,32,16,16,18,20,28,24,18,8,2
09 ....GI.E..GI.EAAHI..F.H...FBB..CCDDD 1707 33,56,222,354,448,314,150,80,40,10
22 ..GH....GHJLAAGIJL...IKMEFBBKMEFCCDD 10315 2581,781,1710,437,472,610,606,335,105,58,54,102,174,310,422,461,389,289,203,137,61,16,2
09 .....H.EF..H.EFAAH...G.....GBB.CCDDD 2928 168,124,424,616,804,448,216,80,40,8
10 ....HJ.E..HJ.EAAIJ..FGI...FGBB.CCDDD 4304 120,92,384,688,974,866,590,356,180,50,4
19 ..GH....GH.IAAGH.I.F...JEFBB.JECCDD. 6755 3393,130,275,56,116,219,261,186,94,69,116,226,300,262,228,238,266,190,90,40
14 ...G....FG..AAFH.I.E.H.I.EBB.I.CCDDD 1339 91,36,124,168,225,126,89,79,85,88,74,68,56,24,6
17 ...G....FGI.AAFHIK.E.HJK.EBBJK.CCDDD 2213 75,36,154,288,420,389,258,129,71,51,52,56,72,72,50,28,10,2
22 ..GH....GHIKAAGHIK.F..JLEFBBJLECCDD. 9441 2741,130,301,138,224,424,634,644,410,153,60,86,186,332,478,556,514,468,408,310,176,52,16
15 ..F..J..F.HJAAG.HJ.EG.I..EBBI..CCDDD 818 16,21,75,105,155,117,55,45,57,57,46,34,17,9,6,3
06 .....F....EFAA..EF..........BB.CCDDD 587 7,28,108,164,176,92,12
08 .....G....FG..AAFG...E.....EBB.CCDDD 1617 25,44,196,364,452,348,152,32,4
16 ..F..K..FHIKAAGHIK.EG.J..EBBJ..CCDDD 2236 60,38,142,221,352,325,234,163,143,143,112,114,97,47,24,15,6
09 .....H...EGHAA.EGH...F.....FBB.CCDDD 887 15,16,76,154,210,190,122,64,28,12
16 ..FH....FH..AAGI.J.EGI.J.EBB.J.CCDDD 868 52,17,57,74,121,75,50,40,48,56,68,64,52,46,32,13,3
07 .....G..E.FGAAE.FG..........BB.CCDDD 1484 24,54,212,348,444,298,96,8
19 ..FH....FHJ.AAGIJL.EGIKL.EBBKL.CCDDD 1250 40,17,67,116,196,202,162,95,49,46,42,34,30,40,46,34,19,10,4,1
11 .....I...FHI.AAFHI..EG....EGBB.CCDDD 2388 52,32,146,300,467,480,377,247,163,90,30,4
12 .....J..EGIJAAEGIJ..FH....FHBB.CCDDD 1455 29,14,60,118,209,242,218,149,128,136,100,44,8
06 .....F.....FAA...F......E...BBECCDDD 663 15,52,156,184,184,64,8
07 ....FH....FHAA..GH....G.E..BB.ECCDDD 1166 11,38,168,286,326,236,86,15
08 .....G.....G..AA.G...F..E..FBBECCDDD 1600 52,76,272,388,424,260,96,28,4
09 .....H...F.HAA.F.H...G..E..GBBECCDDD 797 29,24,92,144,180,132,100,56,32,8
09 .....H.E..GH.EAAGH...F.....FBB.CCDDD 3164 84,100,412,708,860,616,272,80,24,8
14 ...F.....FH.AA.GHI.E.G.I.EBB.I.CCDDD 1480 48,32,132,226,282,214,122,76,56,56,56,68,68,34,10
07 .....G..F..GAAF..G......E...BBECCDDD 1700 52,106,332,432,512,216,46,4
09 ....GIE...GIEAA.HI..F.H...FBB..CCDDD 2370 36,70,288,474,590,456,222,129,75,30
09 .....H..F..H..FAAH...G..E..GBBECCDDD 4018 180,154,546,814,1052,716,364,152,36,4
10 ....HJE..GHJEAAGIJ..F.I...FBB..CCDDD 6560 132,118,526,1012,1434,1362,930,541,311,152,42
15 ...G....FGI.AAFHIJ.E.H.J.EBB.J.CCDDD 3980 166,72,278,456,647,528,377,259,215,190,178,184,204,150,62,14
11 .....IE..G.IEAAG.I..FH....FHBB.CCDDD 1982 100,48,178,270,370,284,218,200,171,101,36,6
17 ..FH....FHJ.AAGIJK.EGI.K.EBB.K.CCDDD 2446 92,34,124,190,317,278,218,149,128,148,152,132,112,126,126,81,32,7
07 ..F..H..F..HAAG..H..G...EBB...ECCDDD 981 29,46,144,204,313,181,54,10
15 ..F..J..F.HJAAG.HJE.G.I.EBB.I..CCDDD 1028 17,24,88,126,182,147,55,48,71,82,62,38,34,24,18,12
16 ..F..K..FHIKAAGHIKE.G.J.EBB.J..CCDDD 2981 64,44,172,283,442,430,282,166,163,202,188,147,126,107,78,57,30
15 ..F..J..FH.JAAGH.JE.GI..EBBI...CCDDD 1122 55,20,70,95,148,102,50,43,64,99,126,115,74,38,17,6
18 ..F..L..FHJLAAGHJLE.GIK.EBBIK..CCDDD 1738 43,20,84,157,259,277,210,95,52,62,85,92,81,67,55,45,33,15,6
05 ..F.....F...AAF.........EBB...ECCDDD 442 168,195,15,38,22,4
07 .....G....FGAA..FG......E...BBECCDDD 2004 26,90,344,520,560,350,102,12
14 ..F.....F.G.AAF.G.....H.EBB.H.ECCDDD 358 82,89,17,16,32,28,8,12,2,6,16,18,16,12,4
06 ..F.....FG..AAFG........EBB...ECCDDD 1227 603,311,56,88,107,52,10
11 ..F..H..F..H..FAAH...G..E..GBBECCDDD 1910 128,54,162,186,216,131,122,204,319,268,114,6
09 .....H....GH..AAGH...F..E..FBBECCDDD 5168 92,138,598,1082,1334,1092,584,200,44,4
15 ..F.....FGH.AAFGH.....I.EBB.I.ECCDDD 1109 302,152,42,52,84,102,70,28,20,11,31,58,61,52,34,10
10 .....I...FHIAA.FHI...G..E..GBBECCDDD 2690 54,48,218,424,576,540,388,246,128,56,12
08 ..F.....FG..AAFG.....H..EBBH..ECCDDD 675 366,116,29,44,59,40,13,6,2
08 .....H..F.GHAAF.GH......E...BBECCDDD 4544 88,176,660,1024,1270,888,350,80,8
17 ..F.....FGI.AAFGI....HJ.EBBHJ.ECCDDD 656 194,63,25,36,50,60,38,14,16,11,10,20,29,33,29,18,8,2
09 .....I..FGHIAAFGHI......E...BBECCDDD 11864 312,272,1112,1992,2802,2546,1708,824,260,36
09 .....H.F...H.FAA.H...G..E..GBBECCDDD 3696 180,192,644,868,940,516,220,88,40,8
12 .....JE..GIJEAAGIJ..FH....FHBB.CCDDD 6244 184,96,404,746,1100,1072,852,650,513,363,186,66,12
14 ...G.....G..AA.H.I.F.H.IEFBB.IECCDDD 1563 95,52,176,228,264,144,100,104,92,92,72,76,44,20,4
08 ..F..I..F.HIAAG.HI..G...EBB...ECCDDD 2328 46,70,252,398,624,540,276,96,26
09 ..F..J..FHIJAAGHIJ..G...EBB...ECCDDD 6166 164,110,418,718,1221,1314,1104,706,334,77
17 ...G.....GI.AA.HIK.F.HJKEFBBJKECCDDD 2781 79,52,238,448,558,474,258,128,78,60,66,66,88,80,62,32,12,2
16 ..F..K..FHJKAAGHJKE.GI..EBBI...CCDDD 3300 98,40,154,252,407,380,266,152,150,223,296,301,239,164,111,49,18
06 ..F.....F.G.AAF.G.......EBB...ECCDDD 862 250,284,72,78,110,56,12
10 ....HJEF..HJEFAAIJ..G.I...GBB..CCDDD 5542 120,192,734,1106,1352,946,452,280,210,120,30
08 ..F..H..F..H..FAAI...G.IE..GBBECCDDD 2363 559,259,550,169,217,290,227,89,3
07 ..F.....FGH.AAFGH.......EBB...ECCDDD 2537 905,463,158,224,319,300,138,30
10 .....I.FG..I.FGAAI...H..E..HBBECCDDD 9740 624,428,1412,1952,2464,1452,756,388,200,56,8
09 ..F.....FGI.AAFGI....H..EBBH..ECCDDD 1443 560,179,74,116,169,174,103,42,20,6
11 ....IKEF..IKEFAAJK..GHJ...GHBB.CCDDD 12740 432,308,1228,2036,2716,2296,1484,1000,682,404,142,12
10 .....I.F..HI.FAAHI...G..E..GBBECCDDD 10920 312,340,1368,2288,2744,2104,1108,448,152,48,8
15 ...H....GH..AAGI.J.F.I.JEFBB.JECCDDD 4134 328,116,382,474,610,308,218,248,315,337,288,230,160,84,30,6
15 ...G.....GI.AA.HIJ.F.H.JEFBB.JECCDDD 4820 174,104,414,676,828,648,400,294,236,212,204,220,220,126,54,10
18 ...H....GHJ.AAGIJL.F.IKLEFBBKLECCDDD 6086 264,116,470,800,1084,932,572,324,228,185,187,192,216,208,162,92,40,12,2
07 ..DF....DFHIAAEGHI..EG...BBCC....... 784 51,26,100,166,202,157,74,8
07 ..DF....DFGHAAEFGH..E....BBCC....... 747 46,13,54,109,179,202,128,16
07 ..DE....DEGHAADFGH...F...BBCC....... 651 46,18,62,98,147,156,108,16
07 ..DE....DEFGAADEFG.......BBCC....... 669 44,9,33,63,124,188,176,32
16 ..G..K..G.IKAAH.IKEFH.J.EFBBJ..CCDDD 2315 55,68,232,294,404,252,55,51,97,173,220,183,105,60,36,24,6
17 ..G..L..GIJLAAHIJLEFH.K.EFBBK..CCDDD 5712 204,120,424,583,850,631,282,169,189,303,412,460,423,309,176,105,60,12
17 ..GI....GI..AAHJ.KEFHJ.KEFBB.K.CCDDD 2483 181,52,166,191,298,126,50,43,64,111,202,287,282,200,127,71,26,6
20 ..GI....GIK.AAHJKMEFHJLMEFBBLM.CCDDD 2959 133,52,192,289,445,373,210,95,52,62,91,126,151,167,169,157,106,54,25,8,2
15 ..G.....G.H.AAG.H..F..I.EFBBI.ECCDDD 876 272,285,29,16,32,28,8,18,24,20,36,38,34,24,10,2
16 ...H....GHJ.AAGIJK.F.I.KEFBB.KECCDDD 11572 592,232,852,1274,1700,1276,864,698,705,695,670,650,616,438,220,76,14
12 ..G..I.FG..I.FGAAI...H..E..HBBECCDDD 4898 444,182,546,642,744,386,230,336,530,490,248,108,12
16 ..G.....GHI.AAGHI..F..J.EFBBJ.ECCDDD 2480 984,466,66,52,84,102,70,34,45,44,86,127,125,103,64,24,4
08 ..EG....EGHIAAFGHI..F....BBCC...DD.. 2856 183,33,136,291,547,740,634,260,32
20 ..GH....GH..AAGI.J.F.I.JEFBB.JECCDDD 2045 233,51,153,153,180,57,33,42,79,78,39,38,47,111,204,242,120,95,60,25,5
08 ..EF....EFHIAAEGHI...G...BBCC..DD... 2469 183,60,185,255,435,565,510,244,32
08 ..EF....EFGHAAEFGH.......BBCC..DD... 2786 197,23,76,135,313,590,788,568,96
19 ..GH....GHJKAAGIJK.F.I.LEFBB.LECCDDD 6184 1806,464,976,146,180,262,281,191,97,71,103,195,278,280,262,209,173,133,65,12
18 ..GH....GHJ.AAGIJ..F.IK.EFBBK.ECCDDD 1362 608,181,37,36,50,60,38,14,16,14,21,31,54,66,61,42,23,8,2
23 ..GH....GHJ.AAGIJL.F.IKLEFBBKLECCDDD 2419 185,51,153,153,180,57,111,108,153,192,128,45,36,29,45,72,128,162,163,132,83,39,12,2
04 .....D.....DAA...D..........BB...CCC 284 12,48,144,72,8
05 ....DF....DFAA..EF....E....BB....CCC 774 15,60,270,315,99,15
04 ....D.....D.AA..D..........BB...CCC. 186 6,24,54,78,24
05 ....DE....DEAA..DE.........BB...CCC. 645 6,24,126,201,228,60
06 .....E.....E..AA.E...D.....DBB...CCC 780 44,80,288,240,96,28,4
06 ....E.....E...AAE....D.....DBB..CCC. 580 24,48,132,186,140,46,4
07 ....EF....EF..AAEF...D.....DBB..CCC. 1981 24,48,276,525,604,388,108,8
07 .....F...D.FAA.D.F...E.....EBB...CCC 474 30,32,128,132,72,32,40,8
07 ....F....DF.AA.DF....E.....EBB..CCC. 392 20,24,78,112,76,40,30,12
08 ....FG...DFGAA.DFG...E.....EBB..CCC. 1316 20,24,150,328,380,230,100,60,24
04 ...D.....D..AA.D..........BB...CCC.. 171 55,12,18,62,24
18 ..GI....GIK.AAHJKLEFHJ.LEFBB.L.CCDDD 6390 314,104,358,480,743,500,266,152,150,235,384,541,587,526,451,340,181,64,14
05 .....E..D..EAAD..E..........BB...CCC 770 42,96,312,228,80,12
07 ....EG....EG.AA.FG..D.F...DBB....CCC 1751 50,110,480,585,336,120,50,20
06 ....E.....E..AA.E...D.....DBB...CCC. 441 20,44,84,132,93,44,24
07 ....EF....EF.AA.EF..D.....DBB...CCC. 1479 20,44,216,336,420,269,114,60
07 .....F.....F..AA.F...E....DEBB..DCCC 2130 154,160,592,588,400,180,48,8
08 ....FH...EFH.AAEGH..D.G...DBB....CCC 5706 199,222,1050,1611,1422,760,298,116,28
07 ....F....EF..AAEF...D.....DBB...CCC. 1464 81,92,209,342,338,240,126,36
08 ....FG...EFG.AAEFG..D.....DBB...CCC. 4832 81,92,485,894,1198,1044,650,304,84
09 ..G..I.FG..I.FGAAJ...H.JE..HBBECCDDD 6346 1944,848,1746,380,346,466,386,170,54,6
09 .....G...E.G.AAE.G..DF....DFBB...CCC 1301 105,64,256,284,219,134,105,96,34,4
09 ....G....EG..AAEG...DF....DFBB..CCC. 1027 69,48,129,226,209,136,96,74,34,6
10 ....GH...EGH.AAEGH..DF....DFBB..CCC. 3325 69,48,273,586,822,677,392,224,154,68,12
05 ...E....DE..AADE..........BB...CCC.. 527 207,26,36,120,110,28
08 .....F.....F.AAE.F..DE....DEBB.CCC.. 1152 112,16,70,122,280,294,178,72,8
09 .....G....FG.AAEFH..DE.H..DEBB.CCC.. 5882 592,96,360,744,1340,1406,876,366,94,8
08 ....F.....F..AAEG...DEG...DEBB.CCC.. 1111 179,32,80,192,294,212,89,29,4
18 ..GH....GH.JAAGI.J.F.I.KEFBB.KECCDDD 2659 1013,232,475,36,55,82,71,37,23,27,67,123,146,80,64,53,45,25,5
08 ....F.....F..AAEF...DE....DEBB.CCC.. 946 61,16,49,100,246,258,150,58,8
09 ....FG....FG.AAEFG..DE....DEBB.CCC.. 3093 61,16,97,247,484,870,782,388,132,16
06 .....F..D..FAAD..F........E.BB..ECCC 452 24,42,138,120,84,38,6
21 ..GH....GHJ.AAGIJK.F.I.KEFBB.KECCDDD 4994 418,102,306,306,360,114,144,150,232,280,201,116,119,169,294,398,382,373,284,169,65,12
08 ....FH..D.FHAAD.GH..E.G...EBB....CCC 817 25,40,160,174,152,123,53,55,35
07 ....F...D.F.AAD.F...E.....EBB...CCC. 233 10,16,22,34,41,34,36,40
08 ....FG..D.FGAAD.FG..E.....EBB...CCC. 746 10,16,70,91,124,131,108,96,100
08 .....G..D..G..DAAG...F....EFBB..ECCC 1254 88,70,254,265,265,202,86,20,4
21 ..GH....GHJLAAGIJL.F.IKMEFBBKMECCDDD 3149 793,232,501,110,125,178,198,129,49,22,18,34,61,105,132,136,119,95,65,33,12,2
09 ....GI..DFGIAADFHI..E.H...EBB....CCC 2815 103,89,383,518,562,481,307,165,143,64
08 ....G...DFG.AADFG...E.....EBB...CCC. 812 42,37,63,105,127,128,114,120,76
05 .....E....DEAA..DE..........BB...CCC 983 27,108,396,324,116,12
09 ....GH..DFGHAADFGH..E.....EBB...CCC. 2561 42,37,174,276,396,436,400,324,296,180
10 .....H..DF.HAADF.H..EG....EGBB...CCC 767 60,28,108,113,107,87,55,60,73,58,18
07 .....F....EF..AAEF...D.....DBB...CCC 2879 103,196,816,936,564,216,44,4
10 ....H...DFH.AADFH...EG....EGBB..CCC. 587 38,21,45,87,98,80,52,46,64,42,14
11 ....HI..DFHIAADFHI..EG....EGBB..CCC. 1816 38,21,108,213,332,337,251,152,110,142,84,28
06 ...F....DF..AADF..........EBB...ECCC 345 147,13,16,53,69,43,4
08 .....G...DFGAA.DFG...E.....EBB...CCC 1855 77,88,400,542,378,182,104,72,12
10 .....H..D.GHAADFGI..EF.I..EFBB.CCC.. 3144 342,42,144,266,498,600,496,323,246,169,18
09 ....G...D.G.AADFH...EFH...EFBB.CCC.. 592 101,14,28,70,116,110,70,29,45,9
09 ....G...D.G.AADFG...EF....EFBB.CCC.. 544 32,7,17,37,86,100,99,58,90,18
05 ...D.....DE.AA.DE.........BB...CCC.. 561 107,28,60,154,164,48
10 ....GH..D.GHAADFGH..EF....EFBB.CCC.. 1701 32,7,38,88,179,318,338,293,156,216,36
04 ..D.....D...AAD..........BB...CCC... 171 55,64,9,31,12
09 ..D.....D...AAD........E.BB..ECCC..E 410 30,30,90,48,12,20,24,72,72,12
06 .....F..D.EFAAD.EF..........BB...CCC 2432 92,206,780,756,434,144,20
07 ..D.....D.EFAAD.EF.......BB..GCCC..G 1582 150,159,339,105,204,315,246,64
06 ..D.....D.E.AAD.E........BB.F.CCC.F. 251 43,46,9,19,48,60,26
11 ..D.....D.E.AAD.E......G.BB.FGCCC.FG 793 35,35,105,21,3,9,27,57,151,208,123,19
05 ..D.....DE..AADE.........BB...CCC... 527 207,112,27,69,86,26
11 ..D..F..D..F..DAAF.........EBBCCCE.. 1140 110,50,150,63,15,29,57,153,262,201,44,6
08 ..D.....DEFGAADEFG.......BB..HCCC..H 4996 572,287,619,215,492,927,1076,665,143
07 ..D.....DEF.AADEF........BB.G.CCC.G. 886 170,90,22,50,123,197,176,58
12 ..D.....DEF.AADEF......H.BB.GHCCC.GH 2744 140,70,210,36,6,18,66,150,385,664,658,299,42
08 .....G....FG..AAFG...E....DEBB..DCCC 7369 353,382,1576,1940,1684,994,372,64,4
06 ..D.....DE..AADE.........BBF..CCCF.. 345 147,48,14,34,57,41,4
14 ..DE.G..DE.G..DAAG.........FBBCCCF.. 696 75,20,60,15,3,9,21,51,118,149,88,45,18,18,6
09 ....G....EG.AADEH...DFH...DFBBCCC... 659 135,44,13,31,73,127,132,72,26,6
13 ..D.....DEG.AADEG......I.BBFHICCCFHI 2024 115,35,105,15,3,9,39,93,228,430,497,320,115,20
05 ....E.....E.AA..E........D.BB..DCCC. 462 20,56,108,172,82,24
10 .....H...EGH.AAEGH..DF....DFBB...CCC 4855 267,176,776,1078,1013,638,379,290,174,56,8
06 ....EF....EFAA..EF.......D.BB..DCCC. 1551 20,56,276,410,509,220,60
07 .....F.D...F.DAA.F...E.....EBB...CCC 1860 156,192,656,512,220,72,44,8
08 .....F.....F.AAE.G..DE.G..DEBB.CCC.. 1554 264,32,108,218,390,330,160,48,4
07 ....F..D..F..DAAF....E.....EBB..CCC. 1218 78,104,230,328,266,140,60,12
06 ...E....DEF.AADEF.........BB...CCC.. 1598 386,58,110,296,428,264,56
08 ....FG.D..FG.DAAFG...E.....EBB..CCC. 3943 78,104,542,902,1057,744,356,136,24
09 .....G....FG.AAEFG..DE....DEBB.CCC.. 4361 261,48,228,438,892,1100,814,424,140,16
12 ...E.....E..AA.F.G.D.F.G.DBB.G...CCC 934 98,64,224,156,72,32,40,60,36,48,48,48,8
15 ...E.....EG.AA.FGI.D.FHI.DBBHI...CCC 2587 147,112,532,758,476,144,38,32,32,28,48,48,72,72,44,4
12 ...E.....E..AA.FG..D.FG..DBBG...CCC. 700 62,48,114,136,76,40,30,30,28,40,48,40,8
14 ...E.....E..AA.FGH.D.FGH.DBBGH..CCC. 2154 62,48,258,448,452,230,100,60,60,56,80,96,112,80,12
07 .....G..D.FGAAD.FG........E.BB..ECCC 1297 49,82,304,316,291,185,62,8
05 ...E.....E..AA.E.........DBB...DCCC. 424 208,28,24,88,60,16
13 ...E.....E..AA.E.F.....F.DBB.F.DCCC. 796 112,16,60,68,156,104,16,12,4,12,52,88,72,24
15 ...E.....EFGAA.EFG.....H.DBB.H.DCCC. 3870 578,96,304,448,672,544,200,20,8,10,38,112,216,300,244,80
14 ...E.....EF.AA.EF.....G..DBBG..DCCC. 736 172,32,64,104,136,60,7,3,2,6,26,44,44,28,8
08 .....H..DFGHAADFGH........E.BB..ECCC 4045 191,159,625,747,872,795,472,152,32
16 ...E.....EF.AA.EFH....GH.DBBGH.DCCC. 2180 144,32,160,284,416,436,164,14,6,4,12,52,104,144,132,64,12
13 ...E.....E..AA.EF.....F..DBBF..DCCC. 624 58,16,42,52,140,92,14,6,4,12,52,80,48,8
15 ...E.....E..AA.EFG....FG.DBBFG.DCCC. 1954 58,16,90,178,252,452,244,28,12,8,24,104,192,192,92,12
11 .....I..DFHIAADFHI..EG....EGBB...CCC 2719 149,77,321,415,466,382,244,170,193,188,94,20
08 ....FH.D..FH.DAAGH..E.G...EBB....CCC 3849 168,286,1136,1131,618,264,136,90,20
07 ...F....DFG.AADFG.........EBB...ECCC 962 248,27,44,123,215,207,90,8
07 ....F.....F..AA.F...E....DEBB..DCCC. 1039 66,112,154,250,193,124,92,48
10 .....H..D.GHAADFGH..EF....EFBB.CCC.. 2438 142,21,93,157,322,436,419,308,266,238,36
08 ....FG....FG.AA.FG..E....DEBB..DCCC. 3329 66,112,490,611,791,563,338,238,120
08 .....G.D...G.DAA.G...F....EFBB..ECCC 5202 546,424,1448,1240,836,424,196,72,16
06 ..D.....D..EAAD..E.......BB..FCCC..F 544 72,78,162,50,77,81,24
05 ..D.....D.E.AAD.E........BB...CCC... 424 98,110,30,62,92,32
10 ..D.....D.E.AAD.E......F.BB..FCCC..F 1175 65,65,195,69,15,29,69,159,279,198,32
08 ..D.....D.EGAAD.EG.......BB.FHCCC.FH 1119 78,81,171,37,93,200,255,166,38
08 ..D..F..D..F..DAAG.....G...EBBCCCE.. 1522 262,127,271,95,191,287,225,61,3
06 ..D.....DEF.AADEF........BB...CCC... 1403 377,202,67,153,283,251,70
11 ..D.....DEF.AADEF......G.BB..GCCC..G 3706 250,120,360,99,21,47,141,357,763,931,541,76
09 ..D.....DEFHAADEFH.......BB.GICCC.GI 3887 310,160,342,94,239,550,860,826,422,84
11 ..DE.G..DE.G..DAAH.....H...FBBCCCF.. 917 174,49,105,31,78,151,172,103,33,9,9,3
07 ..D.....DEG.AADEG........BBF..CCCF.. 972 282,92,33,79,164,200,110,12
10 ..D.....DEGIAADEGI.......BBFHJCCCFHJ 2885 250,79,171,57,144,340,587,652,431,152,22
09 ....GI.D..GI.DAAHI..EFH...EFBB...CCC 10490 651,538,2234,2613,2056,1256,648,362,124,8
08 ....G....FG..AAFG...E....DEBB..DCCC. 3000 261,220,341,528,536,480,372,214,48
09 ....GH...FGH.AAFGH..E....DEBB..DCCC. 9240 261,220,1001,1405,1825,1660,1322,930,508,108
08 .....G.D..FG.DAAFG...E.....EBB...CCC 6191 351,448,1756,1812,1120,492,152,52,8
13 ...F....EF..AAEG.H.D.G.H.DBB.H...CCC 2659 343,144,496,344,231,134,105,148,174,140,152,144,88,16
13 ...E.....EG.AA.FGH.D.F.H.DBB.H...CCC 3287 245,176,696,686,402,182,104,124,100,104,144,168,136,20
16 ...F....EFH.AAEGHJ.D.GIJ.DBBIJ...CCC 6314 504,252,1078,1364,1180,653,224,103,96,80,108,152,168,176,124,48,4
15 ...E.....E.HAA.FGH.D.FGI.DBBGI..CCC. 2760 124,96,420,698,596,262,80,30,30,28,40,48,72,120,100,16
13 ...F....EF..AAEGH..D.GH..DBBH...CCC. 1839 213,108,183,262,215,136,96,92,80,94,136,144,72,8
14 ...E.....E.FAA.E.F.....G.DBB.G.DCCC. 1090 262,32,88,124,196,96,8,6,2,6,26,52,80,80,32
06 ...E.....EF.AA.EF........DBB...DCCC. 1168 380,60,84,192,260,152,40
14 ...E.....EF.AA.EFG.....G.DBB.G.DCCC. 2860 256,48,200,268,472,464,224,40,16,20,76,208,296,212,60
15 ...F....EF..AAEGHI.D.GHI.DBBHI..CCC. 5357 213,108,507,766,930,695,392,224,190,160,188,272,320,256,124,12
17 ...E.....EFHAA.EFH....GI.DBBGI.DCCC. 3108 316,64,256,452,628,552,168,7,3,2,6,26,60,124,184,164,80,16
16 ...E.....E.GAA.EFG....FH.DBBFH.DCCC. 2544 116,32,148,272,436,564,232,14,6,4,12,52,112,192,220,116,16
06 ...F....EF..AAEF.........DBB...DCCC. 1403 791,68,50,174,202,98,20
15 ...F.....F...AAF.G.....G.DEBBG.DECCC 2264 392,36,130,122,280,294,178,84,36,20,76,190,232,148,44,2
17 ...F.....FGH.AAFGH.....I.DEBBI.DECCC 10342 2004,216,624,792,1340,1406,876,372,114,28,58,187,418,645,690,442,126,4
15 ...F....EFG.AAEFG.....H..DBBH..DCCC. 1985 585,72,104,192,294,212,89,32,9,10,38,95,120,87,38,8
17 ...F....EFG.AAEFGI....HI.DBBHI.DCCC. 5419 483,72,320,486,808,1016,652,236,72,18,20,76,206,320,328,216,78,12
14 ...F....EF..AAEFG.....G..DBBG..DCCC. 1702 195,36,67,100,246,258,150,64,18,20,76,182,192,86,12
16 ...F....EF..AAEFGH....GH.DBBGH.DCCC. 5075 195,36,175,301,484,870,782,388,144,36,40,152,396,528,388,144,16
09 .....H.D..GH.DAAGH...F....EFBB..ECCC 15765 1197,962,3608,3608,3060,2022,952,304,44,8
14 ..E..I..E.GIAAF.GI.DF.H..DBBH....CCC 1673 81,106,378,276,182,141,53,65,93,88,84,58,32,30,6
12 ..E.....E...AAF.G..DF.G..DBBG...CCC. 531 32,42,34,46,47,34,36,64,64,64,52,12,4
13 ..E..H..E..HAAF.GH.DF.G..DBBG...CCC. 1606 32,42,160,133,160,149,108,108,176,176,172,140,38,12
09 .....H.DE..H.DEAAH...G....FGBB..FCCC 3152 312,198,662,585,561,452,246,100,28,8
15 ..E..J..EGHJAAFGHJ.DF.I..DBBI....CCC 4955 327,225,839,734,622,517,307,175,201,194,216,262,164,94,66,12
13 ..E.....EG..AAFGH..DF.H..DBBH...CCC. 1654 132,93,93,129,139,128,114,144,158,132,216,140,28,8
14 ..E..I..EG.IAAFGHI.DF.H..DBBH...CCC. 4821 132,93,372,378,468,472,400,336,372,408,356,556,366,88,24
15 ..EG....EG..AAFH.I.DFH.I.DBB.I...CCC 1635 196,68,228,143,125,93,55,60,73,110,122,108,104,88,52,10
14 ...F....EFH.AAEGHI.D.G.I.DBB.I...CCC 8715 847,396,1484,1342,1073,650,379,342,366,300,368,472,432,228,36
18 ..EG....EGI.AAFHIK.DFHJK.DBBJK...CCC 3238 273,119,469,506,527,416,219,76,60,65,64,46,76,104,88,64,42,22,2
15 ..EG....EG..AAFHI..DFHI..DBBI...CCC. 1073 116,51,63,99,104,80,52,46,64,60,50,60,104,84,36,4
17 ..EG....EG..AAFHIJ.DFHIJ.DBBIJ..CCC. 2960 116,51,216,273,368,355,251,152,110,142,120,100,120,208,184,128,60,6
16 ...F....EF.IAAEGHI.D.GHJ.DBBHJ..CCC. 6668 426,216,798,1211,1309,872,402,166,102,80,94,136,176,232,276,156,16
07 ...G....EG..AAEG.........DFBB..DFCCC 972 576,37,24,81,123,97,30,4
17 ...G....EG..AAEG.H.....H.DFBBH.DFCCC 1367 224,17,59,43,94,113,115,78,110,34,16,16,56,116,140,98,34,4
16 ...F.....F.G.AAF.G.....H.DEBBH.DECCC 3114 936,72,188,218,390,330,160,54,18,10,38,103,172,209,160,54,2
19 ...G....EGHIAAEGHI.....J.DFBBJ.DFCCC 5598 1146,102,272,282,498,600,496,323,246,175,32,12,44,118,226,330,358,246,84,8
07 ...F....EFG.AAEFG........DBB...DCCC. 3516 1376,140,156,378,636,542,240,48
17 ..EG....EGH.AAFGH...F.I..DBBI..DCCC. 1053 319,34,36,70,116,110,70,29,45,12,2,8,28,54,58,40,18,4
19 ..EG....EGH.AAFGHJ..F.IJ.DBBIJ.DCCC. 2699 246,34,138,172,302,421,364,208,78,108,24,4,16,56,116,148,134,88,36,6
16 ..EG....EG..AAFGH...F.H..DBBH..DCCC. 1002 100,17,23,37,86,100,99,58,90,24,4,16,56,108,112,60,12
16 ...F.....FG..AAFGH.....H.DEBBH.DECCC 7711 875,108,420,474,892,1100,814,436,180,56,116,358,676,704,396,102,4
18 ..EG....EG..AAFGHI..F.HI.DBBHI.DCCC. 2841 100,17,74,106,179,318,338,293,156,216,48,8,32,112,232,288,220,90,14
18 ...F....EFGIAAEFGI....HJ.DBBHJ.DCCC. 7694 1068,144,496,782,1254,1376,770,231,48,9,10,38,111,224,357,396,266,98,16
17 ...F....EF.HAAEFGH....GI.DBBGI.DCCC. 6424 390,72,278,468,822,1206,884,358,96,18,20,76,214,384,510,432,176,20
13 ..E.....E.F.AAE.F..D..G..DBBG.CCC... 561 145,150,13,19,48,60,26,8,8,12,28,12,16,16
18 ..E.....E.F.AAE.F..D..GH.DBBGHCCC..H 1603 117,117,351,75,9,15,39,57,151,208,123,39,20,30,72,48,56,60,16
12 ..E..G.DE..G.DEAAG.........FBBCCCF.. 2834 390,170,510,243,63,73,115,273,462,379,96,48,12
14 ..E.....EFG.AAEFG..D..H..DBBH.CCC... 1783 558,278,30,50,123,197,176,66,12,32,58,83,40,48,32
19 ..E.....EFG.AAEFG..D..HI.DBBHICCC..I 4784 456,222,666,120,18,30,90,150,385,664,658,319,70,78,144,222,152,172,136,32
18 ..EF....EF..AAEG.H.D.G.H.DBB.HCCC... 1458 245,60,180,45,9,15,21,51,118,149,88,45,34,50,94,74,78,62,40
17 ..EF....EFHIAAEGHI.D.G.J.DBB.JCCC... 5881 1352,376,776,96,222,481,699,613,299,89,45,55,65,97,126,146,188,156
16 ..EF....EFH.AAEGH..D.GI..DBBI.CCC... 1182 421,128,17,31,73,127,132,72,26,10,4,14,28,37,30,16,16
09 ..FG....FGHIAAFGHI.......BBCC..DDEE. 2873 219,14,43,72,198,467,788,768,272,32
21 ..EF....EFH.AAEGHJ.D.GIJ.DBBIJCCC... 3016 357,105,315,45,9,15,51,93,228,430,497,320,115,28,8,28,56,78,70,76,60,32
16 ..EG....EGI.AAFHIJ.DFH.J.DBB.J...CCC 5007 469,187,667,523,514,406,244,170,193,240,250,200,256,296,240,130,22
18 ..EG....EG.JAAFHIJ.DFHIK.DBBIK..CCC. 3436 232,102,330,435,541,469,295,144,98,86,60,50,60,104,100,116,132,74,8
18 ...G....EG.HAAEG.H.....I.DFBBI.DFCCC 1814 581,34,84,76,138,147,120,83,80,17,8,8,28,62,98,118,92,36,4
08 ...G....EGH.AAEGH........DFBB..DFCCC 2205 895,71,66,167,325,373,232,68,8
18 ...G....EGH.AAEGHI.....I.DFBBI.DFCCC 4402 470,51,187,169,322,436,419,308,266,250,64,24,88,228,380,402,252,78,8
20 ..EG....EGHJAAFGHJ..F.IK.DBBIK.DCCC. 3688 565,68,208,278,476,597,460,222,83,79,12,2,8,28,62,102,140,144,102,44,8
19 ..EG....EG.IAAFGHI..F.HJ.DBBHJ.DCCC. 3347 200,34,114,166,302,464,437,302,166,158,24,4,16,56,124,200,252,214,98,16
15 ..E.....E.FHAAE.FH.D..G..DBBGICCC..I 2265 262,267,547,45,93,200,255,170,54,18,34,68,72,76,72,32
09 ..E..G.DE..G.DEAAH.....H...FBBCCCF.. 3776 942,427,885,205,317,473,386,111,24,6
05 ...E.....E..AA.E........D.BB..DCCC.. 623 237,38,48,168,108,24
07 .....F.....FAA.E.F...E..D..EBBDCCC.. 1400 132,24,102,174,426,382,148,12
16 ..E.....EFGIAAEFGI.D..H..DBBHJCCC..J 6808 1014,500,1030,110,239,550,860,830,438,114,74,142,223,220,224,176,64
08 .....G....FGAA.EFH...E.HD..EBBDCCC.. 7258 690,144,536,1072,1836,1784,950,234,12
07 ....F.....F.AA.EG....EG.D..EBBDCCC.. 1360 208,48,128,264,384,244,78,6
16 ..EF....EF.HAAEG.H.D.G.I.DBB.ICCC... 1895 574,143,293,31,78,151,172,103,33,17,25,47,37,41,40,50,60
07 ....F.....F.AA.EF....E..D..EBBDCCC.. 1153 70,24,81,132,372,334,128,12
19 ..EF....EFH.AAEGHI.D.G.I.DBB.ICCC... 4441 602,165,495,90,18,30,72,144,346,553,503,257,124,90,110,130,190,226,192,104
08 ....FG....FGAA.EFG...E..D..EBBDCCC.. 3814 70,24,153,375,654,1252,946,316,24
19 ..EF....EFHJAAEGHJ.D.GIK.DBBIKCCC... 4320 778,233,483,65,144,340,587,652,431,152,26,4,14,28,41,44,70,108,72,48
08 ....FHD...FHDAA.GH..E.G...EBB....CCC 5427 198,386,1596,1720,888,327,152,120,40
07 ....F.D...F.DAA.F...E.....EBB...CCC. 1425 78,152,246,404,269,124,104,48
08 ....FGD...FGDAA.FG..E.....EBB...CCC. 4661 78,152,702,976,1264,763,338,268,120
09 ....GID..FGIDAAFHI..E.H...EBB....CCC 16142 771,740,3284,4428,3544,1881,816,406,216,56
07 .....F.....FAA.E.G...E.GD..EBBDCCC.. 1900 308,48,156,318,558,388,118,6
06 ...E.....EF.AA.EF.......D.BB..DCCC.. 1921 445,86,162,408,516,256,48
08 ....G.D..FG.DAAFG...E.....EBB...CCC. 4400 309,302,579,938,922,664,402,212,72
08 .....G....FGAA.EFG...E..D..EBBDCCC.. 5346 306,72,340,630,1260,1462,960,292,24
09 ....GHD..FGHDAAFGH..E.....EBB...CCC. 14022 309,302,1485,2428,3234,2802,1790,996,508,168
10 .....HD..F.HDAAF.H..EG....EGBB...CCC 3876 404,204,760,706,534,368,340,340,164,48,8
10 ....H.D..FH.DAAFH...EG....EGBB..CCC. 2860 252,150,333,540,489,362,292,228,144,58,12
11 ....HID..FHIDAAFHI..EG....EGBB..CCC. 8812 252,150,783,1458,1940,1587,1030,686,486,300,116,24
06 ...F....EF..AAEF........D.BB..DCCC.. 1819 883,84,88,300,298,138,28
09 .....GD....GDAAF.G..EF....EFBB.CCC.. 3406 454,48,192,270,644,720,550,336,168,24
10 .....HD...GHDAAFGI..EF.I..EFBB.CCC.. 16418 2344,288,960,1668,2988,3328,2474,1420,672,252,24
09 ....G.D...G.DAAFH...EFH...EFBB.CCC.. 3111 693,96,192,420,652,524,306,144,72,12
09 ....G.D...G.DAAFG...EF....EFBB.CCC.. 2679 231,48,120,216,560,618,458,260,144,24
10 ....GHD...GHDAAFGH..EF....EFBB.CCC.. 8391 231,48,264,576,1058,1986,1918,1266,660,336,48
14 ..E..I..E.GIAAF.GID.F.H.DBB.H....CCC 2109 91,126,458,348,200,153,53,77,150,115,80,86,82,78,12
12 ..E.....E...AAF.G.D.F.G.DBB.G...CCC. 661 36,50,46,58,53,34,36,96,108,48,60,28,8
13 ..E..H..E..HAAF.GHD.F.G.DBB.G...CCC. 2028 36,50,196,175,196,167,108,124,262,286,140,176,88,24
11 .....ID..FHIDAAFHI..EG....EGBB...CCC 13534 1004,558,2282,2676,2356,1592,1094,948,608,296,104,16
15 ..E..J..EGHJAAFGHJD.F.I.DBB.I....CCC 6591 367,269,1039,1002,790,577,331,187,280,355,274,284,298,292,216,30
13 ..E.....EG..AAFGH.D.F.H.DBB.H...CCC. 2140 148,111,131,177,175,140,114,176,280,224,184,180,80,20
14 ..E..I..EG.IAAFGHID.F.H.DBB.H...CCC. 6381 148,111,464,528,624,580,436,352,486,714,584,520,524,250,60
14 ..E..I..EG.IAAFG.ID.FH..DBBH.....CCC 2069 218,82,286,203,143,105,55,71,133,217,248,170,89,43,6
09 .....GD....GDAAF.H..EF.H..EFBB.CCC.. 4628 1078,96,288,486,892,826,542,288,120,12
07 ...F....EFG.AAEFG.......D.BB..DCCC.. 4984 1576,180,272,704,1070,806,320,56
17 ..E..K..EGIKAAFGIKD.FHJ.DBBHJ....CCC 4516 305,143,597,742,725,464,243,76,71,125,169,168,154,169,177,119,63,6
15 ..E.....EG..AAFGI.D.FHI.DBBHI...CCC. 1430 129,61,93,147,134,92,52,46,92,142,144,122,92,58,22,4
16 ..E..J..EG.JAAFGIJD.FHI.DBBHI...CCC. 4091 129,61,276,405,524,445,287,152,124,226,330,332,308,246,166,68,12
10 .....HD...GHDAAFGH..EF....EFBB.CCC.. 12235 1027,144,624,984,1992,2578,2218,1468,792,360,48
07 ..E.....E...AAFG....FG..DBBG..DCCC.. 1140 615,42,36,121,155,119,45,7
13 ..E..H..E..HAAFG.HD.FG..DBBG...CCC.. 1793 248,20,74,73,148,131,115,84,158,228,168,214,114,18
14 ..E..I..E.HIAAFGHJD.FG.JDBBG...CCC.. 7584 1266,120,352,466,762,756,520,335,352,515,540,532,610,390,68
15 ..E.....E.H.AAFGH.D.FGI.DBBGI..CCC.. 1409 355,40,56,118,170,122,70,29,57,86,58,80,50,54,54,10
16 ..E..J..E.HJAAFGHJD.FGI.DBBGI..CCC.. 3859 276,40,176,274,482,583,400,208,84,156,218,156,222,178,206,170,30
14 ..E.....E...AAFGH.D.FGH.DBBGH..CCC.. 1353 112,20,35,61,140,118,99,58,114,172,116,160,92,48,8
15 ..E..I..E..IAAFGHID.FGH.DBBGH..CCC.. 3963 112,20,95,166,287,480,392,293,168,312,436,312,436,280,150,24
13 ..E.....E.F.AAE.F.D...G.DBB.G.CCC... 697 169,176,17,19,48,60,26,16,4,12,38,28,40,44
18 ..E.....E.F.AAE.F.D...GHDBB.GHCCC..H 2037 137,137,411,87,9,21,51,57,151,208,123,59,10,30,99,99,140,164,44
14 ..E.....EFG.AAEFG.D...H.DBB.H.CCC... 2274 654,330,42,58,123,197,176,74,28,22,68,126,112,148,116
19 ..E.....EFG.AAEFG.D...HIDBB.HICCC..I 6318 536,262,786,144,18,42,126,174,385,664,658,339,108,54,171,345,386,528,476,116
07 ..E.....EF..AAEF..D..G..DBBG..CCC... 1119 604,188,36,67,104,86,20,14
18 ..E.....EF..AAEF..D..G.HDBBG.HCCC..H 1819 286,72,216,57,9,21,33,51,118,149,88,65,52,84,187,153,110,54,14
16 ..E.....EFHIAAEFHID..G..DBBG.JCCC..J 7735 1586,452,940,128,238,481,699,617,321,133,120,246,415,523,460,272,104
16 ..E.....EFH.AAEFH.D..GI.DBBGI.CCC... 1548 497,154,25,39,73,127,132,72,34,18,18,46,56,81,86,56,34
21 ..E.....EFH.AAEFH.D..GIJDBBGIJCCC..J 4150 421,125,375,57,9,21,75,117,228,430,497,320,135,46,42,115,159,242,302,246,154,34
15 ..E..J..EGIJAAFGIJD.FH..DBBH.....CCC 6621 523,225,841,759,658,466,268,181,275,467,586,522,423,275,134,18
13 ..E..H..E..HAAFG.ID.FG.IDBBG...CCC.. 2344 635,40,108,130,204,159,120,95,162,193,164,200,114,20
08 ..E.....E.H.AAFGH...FG..DBBG..DCCC.. 2749 970,82,98,255,443,463,303,117,18
14 ..E..I..E.HIAAFGHID.FG..DBBG...CCC.. 5972 524,60,236,277,508,580,455,314,326,540,604,534,594,360,60
15 ..E.....E.FHAAE.FHD...G.DBB.GICCC..I 2884 306,313,643,53,93,200,255,174,64,12,41,104,146,196,196,88
16 ..E.....EFGIAAEFGID...H.DBB.HJCCC..J 8996 1190,592,1226,142,255,550,860,834,456,132,67,196,396,556,708,604,232
15 ..E.....EF.HAAEF.HD..G..DBBG.ICCC..I 2397 668,173,357,39,78,151,172,107,47,33,68,144,147,119,66,28
08 ..E.....EFH.AAEFH.D..G..DBBG..CCC... 2696 1101,342,87,156,277,347,252,82,52
19 ..E.....EFH.AAEFH.D..G.IDBBG.ICCC..I 5776 707,197,591,114,18,42,108,168,346,553,503,277,182,160,271,407,488,378,214,52
18 ..E.....EFHJAAEFHJD..GI.DBBGIKCCC..K 5945 918,279,583,89,160,340,587,652,435,166,42,47,116,198,311,394,354,206,68
08 ..EG....EGHIAAFGHI..F....BBCC..DDD.. 1739 115,7,28,73,203,401,504,340,68
08 ..EF....EFHIAAEGHI...G...BBCC.DDD... 1484 115,29,71,59,144,282,392,328,64
06 ...F.....F..AA.F........DEBB..DECCC. 1684 918,96,66,246,234,108,16
14 ...F.....F..AA.F.G.....GDEBB.GDECCC. 2860 472,52,186,174,426,382,148,60,12,36,156,300,288,144,24
16 ...F.....FGHAA.FGH.....IDEBB.IDECCC. 13474 2394,312,928,1184,1836,1784,950,258,42,30,114,354,720,1044,960,484,80
15 ...F.....FG.AA.FG.....H.DEBBH.DECCC. 2572 700,104,184,264,384,244,78,18,6,18,78,150,168,116,52,8
17 ...F.....FG.AA.FGI....HIDEBBHIDECCC. 7254 578,104,496,786,1086,1284,716,200,36,12,36,156,348,504,500,300,100,12
14 ...F.....F..AA.FG.....G.DEBBG.DECCC. 2181 228,52,123,132,372,334,128,36,12,36,156,276,216,72,8
16 ...F.....F..AA.FGH....GHDEBBGHDECCC. 6668 228,52,279,501,654,1252,946,316,72,24,72,312,648,720,452,128,12
09 ....GIDE..GIDEAAHI..F.H...FBB....CCC 13599 678,1090,4188,3817,1918,802,414,412,240,40
08 ....G.D...G.DAA.G...F....EFBB..ECCC. 3785 261,418,505,868,645,388,332,272,96
09 ....GHD...GHDAA.GH..F....EFBB..ECCC. 11900 261,418,1759,2000,2707,1851,1082,886,696,240
15 ...F.....F.GAA.F.G.....HDEBB.HDECCC. 3956 1116,104,268,318,558,388,118,30,6,18,78,174,276,296,176,32
07 ...F.....FG.AA.FG.......DEBB..DECCC. 4358 1618,200,244,522,822,640,272,40
15 ...F.....FG.AA.FGH.....HDEBB.HDECCC. 9962 1050,156,620,714,1260,1462,960,340,84,60,228,660,1032,884,392,60
18 ...F.....FGIAA.FGI....HJDEBBHJDECCC. 10330 1278,208,784,1234,1662,1684,804,186,18,6,18,78,198,408,624,628,368,128,16
17 ...F.....F.HAA.FGH....GIDEBBGIDECCC. 8570 456,104,454,756,1134,1634,992,268,36,12,36,156,372,648,788,544,164,16
10 ....HJDE..HJDEAAIJ..FGI...FGBB...CCC 33812 2565,1944,7756,8133,5746,3478,1890,1256,764,264,16
09 ....H.D..GH.DAAGH...F....EFBB..ECCC. 10160 1008,780,1052,1638,1624,1444,1212,898,408,96
10 ....HID..GHIDAAGHI..F....EFBB..ECCC. 30341 1008,780,3392,4264,5549,4948,3982,3082,2164,956,216
07 ...G....FG..AAFG........DEBB..DECCC. 5431 3469,236,128,456,584,396,142,20
16 ...G.....G...AAG.H.....HDEFBBHDEFCCC 7480 1628,116,396,270,644,720,550,384,264,92,216,548,754,584,260,52,2
18 ...G.....GHI.AAGHI.....JDEFBBJDEFCCC 32592 8120,696,1856,1828,2988,3328,2474,1444,744,310,200,538,1245,2006,2245,1678,746,142,4
16 ...G....FGH.AAFGH.....I.DEBBI.DECCC. 6315 2307,232,272,420,652,524,306,156,84,44,104,258,381,332,177,58,8
18 ...G....FGH.AAFGHJ....IJDEBBIJDECCC. 15715 1887,232,968,1194,1768,2282,1668,876,396,192,88,208,564,978,1096,816,384,106,12
15 ...G....FG..AAFGH.....H.DEBBH.DECCC. 5351 747,116,180,216,560,618,458,284,168,88,208,492,626,424,146,20
17 ...G....FG..AAFGHI....HIDEBBHIDECCC. 15259 747,116,528,756,1058,1986,1918,1266,708,384,176,416,1080,1636,1452,784,224,24
17 ...G.....G.H.AAG.H.....IDEFBBIDEFCCC 10534 3926,232,560,486,892,826,542,312,168,46,108,298,537,672,573,292,62,2
15 ..F..J..F.HJAAG.HJDEG.I.DEBBI....CCC 5145 301,366,1238,690,290,207,53,87,245,410,448,341,225,163,69,12
08 ...G....FGH.AAFGH.......DEBB..DECCC. 12414 5776,468,424,940,1692,1700,1022,344,48
13 ..F.....F...AAG.H.DEG.H.DEBBH...CCC. 1761 117,143,82,94,71,34,36,120,256,344,280,142,34,8
14 ..F..I..F..IAAG.HIDEG.H.DEBBH...CCC. 5159 117,143,511,301,304,221,108,136,380,724,928,758,398,106,24
17 ...G.....GH..AAGHI.....IDEFBBIDEFCCC 24167 3515,348,1276,1104,1992,2578,2218,1516,936,476,400,1028,2026,2352,1628,652,118,4
19 ...G....FGHJAAFGHJ....IKDEBBIKDECCC. 22390 4194,464,1472,1886,2744,3110,2036,954,360,132,44,104,306,669,1076,1251,972,466,134,16
16 ..F..K..FHIKAAGHIKDEG.J.DEBBJ....CCC 13847 1185,739,2593,1698,970,685,331,197,375,692,910,1107,1047,695,443,156,24
14 ..F.....FH..AAGHI.DEG.I.DEBBI...CCC. 5098 471,302,221,249,211,140,114,200,446,648,772,846,382,80,16
18 ...G....FG.IAAFGHI....HJDEBBHJDECCC. 18926 1494,232,824,1152,1810,2744,2238,1292,616,264,88,208,588,1154,1580,1478,872,264,28
15 ..F..J..FH.JAAGHIJDEG.I.DEBBI...CCC. 14190 471,302,1127,834,840,688,436,364,604,1204,1716,2038,2222,1048,248,48
16 ..FH....FH..AAGI.JDEGI.JDEBB.J...CCC 5221 730,214,682,305,197,123,55,71,133,269,536,642,505,367,256,116,20
19 ..FH....FHJ.AAGIJLDEGIKLDEBBKL...CCC 8184 943,373,1371,1096,815,518,243,76,71,125,195,296,346,457,501,381,231,102,40,4
16 ..FH....FH..AAGIJ.DEGIJ.DEBBJ...CCC. 3081 396,159,147,183,152,92,52,46,92,160,240,306,340,386,244,78,8
18 ..FH....FH..AAGIJKDEGIJKDEBBJK..CCC. 7916 396,159,624,585,632,499,287,152,124,226,366,524,676,742,838,608,344,122,12
08 ...H....FH..AAFH........DEGBB.DEGCCC 3689 2500,128,58,199,311,293,155,41,4
19 ...H....FH..AAFH.I.....IDEGBBIDEGCCC 4209 896,52,170,73,148,131,115,84,158,240,220,274,198,252,372,388,268,130,36,4
21 ...H....FHIJAAFHIJ.....KDEGBBKDEGCCC 16026 4374,312,760,514,762,756,520,335,352,521,572,584,676,595,536,782,1019,978,658,324,88,8
19 ..FH....FHI.AAGHI...G.J.DEBBJ.DECCC. 2977 1141,104,80,118,170,122,70,29,57,89,69,92,92,167,220,168,109,54,22,4
21 ..FH....FHI.AAGHIK..G.JKDEBBJKDECCC. 6755 884,104,392,346,482,583,400,208,84,156,224,178,246,262,440,550,462,358,232,116,42,6
18 ..FH....FH..AAGHI...G.I.DEBBI.DECCC. 2881 354,52,53,61,140,118,99,58,114,178,138,184,176,274,336,292,174,68,12
17 ..FH....FHJ.AAGIJKDEGI.KDEBB.K...CCC 14539 1673,587,1975,1107,802,538,268,181,275,519,926,1250,1223,1175,1044,670,282,44
20 ..FH....FH..AAGHIJ..G.IJDEBBIJDECCC. 7705 354,52,209,220,287,480,392,293,168,312,448,356,484,448,618,776,808,582,304,100,14
14 ..F.....F.G.AAF.G.DE..H.DEBBH.CCC... 1849 583,596,29,19,48,60,26,24,44,48,90,90,78,88,26
19 ..FH....FH.KAAGIJKDEGIJLDEBBJL..CCC. 8660 792,318,930,915,889,601,319,144,126,200,258,352,446,492,526,424,406,356,150,16
19 ..F.....F.G.AAF.G.DE..HIDEBBHICCC..I 4953 467,467,1401,321,27,39,87,57,151,208,123,79,110,120,231,276,283,322,158,26
20 ...H....FH.IAAFH.I.....JDEGBBJDEGCCC 5760 2349,104,236,130,204,159,120,95,162,199,190,230,156,141,222,318,337,240,126,38,4
09 ...H....FHI.AAFHI.......DEGBB.DEGCCC 7396 3641,232,168,377,755,957,777,387,94,8
20 ...H....FHI.AAFHIJ.....JDEGBBJDEGCCC 12600 1780,156,536,313,508,580,455,314,326,552,668,638,726,762,908,1164,1090,710,324,82,8
15 ..F.....FGH.AAFGH.DE..I.DEBBI.CCC... 5485 2190,1050,66,58,123,197,176,82,72,94,210,319,298,268,230,52
22 ..FH....FHIKAAGHIK..G.JLDEBBJLDECCC. 9180 2025,208,576,544,746,789,484,222,95,161,191,169,228,276,415,440,380,411,366,260,134,52,8
20 ..F.....FGH.AAFGH.DE..IJDEBBIJCCC..J 13236 1776,842,2526,492,54,78,198,174,385,664,658,359,216,224,519,840,931,972,906,370,52
19 ..FG....FG..AAFH.IDE.H.IDEBB.ICCC... 4562 953,216,648,171,27,39,33,51,118,149,88,65,68,180,395,521,356,258,156,70
21 ..FH....FH.JAAGHIJ..G.IKDEBBIKDECCC. 8715 708,104,314,334,488,662,473,302,190,322,382,338,440,408,424,476,656,720,544,304,110,16
18 ..FG....FGIJAAFHIJDE.H.KDEBB.KCCC... 16595 5140,1340,2728,152,238,481,699,617,321,141,176,390,651,776,777,653,556,489,270
17 ..FG....FGI.AAFHI.DE.HJ.DEBBJ.CCC... 3368 1567,454,37,39,73,127,132,72,34,22,38,72,120,175,181,121,78,26
22 ..FG....FGI.AAFHIKDE.HJKDEBBJKCCC... 7438 1319,375,1125,171,27,39,111,117,228,430,497,320,135,54,82,167,287,434,514,440,348,166,52
16 ..F.....F.GIAAF.GIDE..H.DEBBHJCCC..J 7045 1050,1063,2155,77,93,200,255,178,96,90,123,237,340,400,398,238,52
05 .....E.....EAA...E..........BB.CCCDD 188 4,16,48,56,56,8
06 ....EG....EGAA..FG....F....BB..CCCDD 351 3,12,54,93,105,69,15
07 .....F.....F..AA.F...E.....EBB.CCCDD 518 14,24,88,128,164,76,20,4
08 .....G...E.GAA.E.G...F.....FBB.CCCDD 320 8,8,32,52,88,68,32,24,8
07 ...E.....EFGAA.EFG........BB.HCCCDDH 1136 76,16,68,156,284,312,182,42
06 .....F..E..FAAE..F..........BB.CCCDD 486 14,32,104,140,144,48,4
08 ....FH....FH.AA.GH..E.G...EBB..CCCDD 778 10,22,96,171,210,158,76,25,10
08 .....G..E..G..EAAG...F.....FBB.CCCDD 1349 49,48,180,288,396,244,112,28,4
09 ....GI...FGI.AAFHI..E.H...EBB..CCCDD 2499 37,38,182,385,604,596,396,181,66,14
10 .....H...F.H.AAF.H..EG....EGBB.CCCDD 840 28,16,64,108,189,162,112,78,59,22,2
09 ...F.....FGH.AAFGH..E.....EBBICCCDDI 2906 262,32,126,276,542,696,568,300,92,12
06 ..E..G..E..GAAF..G..F....BB....CCCDD 256 8,14,46,68,76,34,10
09 ....GI..E.GIAAE.HI..F.H...FBB..CCCDD 345 5,8,32,54,71,60,43,37,20,15
10 ....HJ..EGHJAAEGIJ..F.I...FBB..CCCDD 1173 19,15,65,128,214,223,189,139,96,59,26
11 .....I..EG.IAAEG.I..FH....FHBB.CCCDD 454 16,7,27,44,79,66,53,43,37,44,30,8
10 ...G....EGHIAAEGHI..F.....FBBJCCCDDJ 1470 144,14,50,98,194,262,252,196,144,92,24
17 ..F.....FGHJAAFGHJDE..I.DEBBIKCCC..K 19070 3966,1892,3850,190,255,550,860,838,488,222,229,511,883,1172,1318,1158,584,104
08 .....G.E...G.EAA.G...F.....FBB.CCCDD 1112 48,56,192,264,336,136,48,24,8
13 ...F.....F..AA.G.H.E.G.H.EBB.H.CCCDD 578 26,16,56,76,136,68,32,36,36,28,28,24,12,4
17 ..FG....FG.IAAFH.IDE.H.JDEBB.JCCC... 5961 2254,511,1033,39,78,151,172,107,47,41,116,248,331,244,183,151,150,105
16 ...F.....FH.AA.GHJ.E.GIJ.EBBIJ.CCCDD 1090 22,16,76,150,240,244,128,36,26,22,22,28,28,24,18,8,2
09 ....GI.E..GI.EAAHI..F.H...FBB..CCCDD 1613 33,56,222,354,424,284,140,60,30,10
09 .....H.EF..H.EFAAH...G.....GBB.CCCDD 2936 168,124,424,616,828,416,216,96,40,8
20 ..FG....FGI.AAFHIJDE.H.JDEBB.JCCC... 12439 2272,591,1773,342,54,78,144,168,346,553,503,277,198,272,559,879,990,974,808,478,180
10 ....HJ.E..HJ.EAAIJ..FGI...FGBB.CCCDD 4338 120,92,384,688,1034,896,588,328,154,50,4
14 ...G....FG..AAFH.I.E.H.I.EBB.I.CCCDD 1551 91,36,124,168,309,162,112,90,111,106,86,76,52,22,6
20 ..FG....FGIKAAFHIKDE.HJLDEBBJLCCC... 10822 2886,829,1695,113,160,340,587,652,435,166,46,67,142,262,409,515,505,440,327,168,78
17 ...G....FGI.AAFHIK.E.HJK.EBBJK.CCCDD 2581 75,36,154,288,504,485,354,176,80,67,58,68,80,68,48,28,10,2
06 .....F....EFAA..EF..........BB.CCCDD 587 7,28,108,164,176,92,12
08 .....G....FG..AAFG...E.....EBB.CCCDD 1721 25,44,196,364,500,388,164,36,4
09 .....H...EGHAA.EGH...F.....FBB.CCCDD 1111 15,16,76,154,258,274,174,84,48,12
06 ...E.....E.FAA.E.F........BB.GCCCDDG 328 42,8,28,56,96,76,22
07 .....G..E.FGAAE.FG..........BB.CCCDD 1392 24,54,212,348,408,254,84,8
08 .....H..EFGHAAEFGH..........BB.CCCDD 4232 86,86,374,726,1106,978,612,228,36
15 ..F..J..F.HJAAG.HJ.EG.I..EBBI..CCCDD 668 16,21,75,105,122,72,43,40,37,42,36,24,17,9,6,3
11 .....I...FHI.AAFHI..EG....EGBB.CCCDD 2802 52,32,146,300,539,588,496,304,195,112,34,4
08 ...F.....F.G.AAF.G..E.....EBBHCCCDDH 873 147,16,54,100,184,196,124,46,6
16 ..F..K..FHIKAAGHIK.EG.J..EBBJ..CCCDD 1952 60,38,142,221,337,259,189,142,113,96,102,84,77,47,24,15,6
16 ..FH....FH..AAGI.J.EGI.J.EBB.J.CCCDD 862 52,17,57,74,139,66,53,43,37,56,70,64,52,42,26,11,3
07 ..E..H..E.GHAAF.GH..F....BB....CCCDD 681 13,22,84,144,188,138,72,20
08 ..E..I..EGHIAAFGHI..F....BB....CCCDD 2139 47,36,148,286,478,478,394,216,56
19 ..FH....FHJ.AAGIJL.EGIKL.EBBKL.CCCDD 1262 40,17,67,116,214,193,165,107,58,35,42,36,30,40,42,28,17,10,4,1
12 .....J..EGIJAAEGIJ..FH....FHBB.CCCDD 1461 29,14,60,118,221,236,224,164,123,114,102,48,8
09 ...G....EG.HAAEG.H..F.....FBBICCCDDI 458 84,7,22,35,63,74,67,52,40,14
09 .....H.E..GH.EAAGH...F.....FBB.CCCDD 3376 84,100,412,708,956,684,296,96,32,8
06 .....F.....FAA...F......E...BBECCCDD 663 15,52,156,184,184,64,8
05 ...C.....CEFAA.DEF...D...BBB........ 545 67,72,156,146,80,24
07 ....FH....FHAA..GH....G.E..BB.ECCCDD 1166 11,38,168,286,326,236,86,15
05 ...C.....CDEAA.CDE.......BBB........ 498 62,36,96,136,120,48
14 ...F.....FH.AA.GHI.E.G.I.EBB.I.CCCDD 1836 48,32,132,226,378,322,174,96,88,72,72,84,68,34,10
08 .....G.....G..AA.G...F..E..FBBECCCDD 1700 52,76,272,388,496,272,112,28,4
07 ...D.....DFG.AAEFG..CE....CBBB...... 1175 203,108,216,266,220,114,40,8
07 ...D.....DEF.AADEF..C.....CBBB...... 1124 190,54,126,214,256,188,80,16
05 ..C.....C.EFAAD.EF..D...BBB......... 203 15,21,46,43,38,40
06 ..C.....CEFGAADEFG..D...BBB......... 573 51,27,58,83,110,132,112
05 ..C.....C.DEAAC.DE......BBB......... 248 22,25,35,30,56,80
06 ..C.....CDEFAACDEF......BBB......... 774 78,37,47,52,112,224,224
09 .....H...F.HAA.F.H...G..E..GBBECCCDD 981 29,24,92,144,252,192,112,96,32,8
07 .....G..F..GAAF..G......E...BBECCCDD 1600 52,106,332,432,440,188,46,4
09 ....GIE...GIEAA.HI..F.H...FBB..CCCDD 2248 36,70,288,474,560,414,212,109,55,30
15 ...G....FGI.AAFHIJ.E.H.J.EBB.J.CCCDD 4604 166,72,278,456,815,660,496,316,259,240,202,216,216,140,58,14
09 .....H..F..H..FAAH...G..E..GBBECCCDD 4018 180,154,546,814,1094,670,368,152,36,4
07 ...D.....DFGAA.EFGC..E..CBBB........ 1459 227,180,348,300,186,122,72,24
07 ...D.....DEFAA.DEFC.....CBBB........ 1542 238,90,210,276,292,244,144,48
10 ....HJE..GHJEAAGIJ..F.I...FBB..CCCDD 6604 132,118,526,1012,1518,1416,920,517,271,132,42
11 .....IE..G.IEAAG.I..FH....FHBB.CCCDD 2284 100,48,178,270,484,362,256,238,197,105,40,6
08 ...E....DEGHAADFGHC..F..CBBB........ 2841 691,288,456,420,326,212,176,176,96
08 ...E....DEFGAADEFGC.....CBBB........ 3204 734,144,264,354,428,384,352,352,192
17 ..FH....FHJ.AAGIJK.EGI.K.EBB.K.CCCDD 2428 92,34,124,190,353,260,224,164,123,126,154,136,112,122,112,67,28,7
10 ...G..E..GHIEAAGHI..F.....FBBJCCCDDJ 7400 982,96,336,624,1204,1572,1334,776,327,123,26
07 .....G....FGAA..FG......E...BBECCCDD 2004 26,90,344,520,560,350,102,12
07 ..F..H..F..HAAG..H..G...EBB...ECCCDD 797 29,46,144,204,220,106,38,10
15 ..F..J..F.HJAAG.HJE.G.I.EBB.I..CCCDD 850 17,24,88,126,143,90,43,43,51,52,57,28,34,24,18,12
09 .....H....GH..AAGH...F..E..FBBECCCDD 5482 92,138,598,1082,1478,1206,624,216,44,4
16 ..F..K..FHIKAAGHIKE.G.J.EBB.J..CCCDD 2625 64,44,172,283,424,340,213,145,133,140,153,127,106,110,81,60,30
10 .....I...FHIAA.FHI...G..E..GBBECCCDD 3316 54,48,218,424,720,762,520,310,192,56,12
15 ..F..J..FH.JAAGH.JE.GI..EBBI...CCCDD 1122 55,20,70,95,169,93,53,46,53,84,123,111,76,45,23,6
18 ..F..L..FHJLAAGHJLE.GIK.EBBIK..CCCDD 1774 43,20,84,157,280,268,213,107,61,51,70,89,77,69,62,54,42,21,6
08 .....H..F.GHAAF.GH......E...BBECCCDD 4272 88,176,660,1024,1168,758,310,80,8
15 ..F.....F.IJAAGHIJE.GH..EBBH.KCCCDDK 3280 514,40,122,174,302,346,276,202,190,236,245,215,217,148,47,6
09 .....I..FGHIAAFGHI......E...BBECCCDD 11826 312,272,1112,1992,2928,2494,1636,800,244,36
09 .....H.F...H.FAA.H...G..E..GBBECCCDD 3940 180,192,644,868,1096,540,252,120,40,8
12 .....JE..GIJEAAGIJ..FH....FHBB.CCCDD 7204 184,96,404,746,1328,1330,1082,764,599,387,198,74,12
09 ...G..E..G.HEAAG.H..F.....FBBICCCDDI 2363 559,48,144,222,416,452,306,148,55,13
06 ...D.....DEFAA.DEF.......BBB....CC.. 2059 245,88,244,450,560,376,96
14 ...G.....G..AA.H.I.F.H.IEFBB.IECCCDD 1915 95,52,176,228,420,204,112,144,140,104,96,76,44,20,4
08 ..F..I..F.HIAAG.HI..G...EBB...ECCCDD 1896 46,70,252,398,492,348,184,80,26
09 ..F..J..FHIJAAGHIJ..G...EBB...ECCCDD 5338 164,110,418,718,1131,1032,865,569,254,77
17 ...G.....GI.AA.HIK.F.HJKEFBBJKECCCDD 3407 79,52,238,448,714,720,378,140,110,84,78,90,88,80,62,32,12,2
16 ..F..K..FHJKAAGHJKE.GI..EBBI...CCCDD 3306 98,40,154,252,449,362,272,167,145,186,263,291,233,175,134,67,18
08 ...E.....EFG.AAEFG..D.....DBBB..CC.. 4639 751,132,320,646,1008,992,582,184,24
14 ..F.....F..IAAGH.IE.GH..EBBH.JCCCDDJ 1123 308,20,54,59,93,86,67,58,74,90,75,73,49,15,2
17 ..F.....F.IKAAGHIKE.GHJ.EBBHJLCCCDDL 1777 206,20,68,115,209,258,197,114,68,73,85,69,77,75,72,52,17,2
06 ..D.....D.EFAAD.EF......BBB....CC... 1104 102,111,141,96,190,304,160
07 ..D.....DEFGAADEFG......BBB....CC... 3336 350,155,185,162,368,760,940,416
10 ....HJEF..HJEFAAIJ..G.I...GBB..CCCDD 5258 120,192,734,1106,1286,868,432,240,150,100,30
10 .....I.FG..I.FGAAI...H..E..HBBECCCDD 9778 624,428,1412,1952,2548,1334,764,452,200,56,8
10 .....I.F..HI.FAAHI...G..E..GBBECCCDD 11618 312,340,1368,2288,3056,2314,1188,512,184,48,8
15 ...G.....GI.AA.HIJ.F.H.JEFBB.JECCCDD 5902 174,104,414,676,1140,954,532,358,348,272,252,268,220,126,54,10
11 ....IKEF..IKEFAAJK..GHJ...GHBB.CCCDD 12858 432,308,1228,2036,2932,2398,1476,952,598,344,142,12
15 ...H....GH..AAGI.J.F.I.JEFBB.JECCCDD 4742 328,116,382,474,892,386,256,286,389,401,324,246,148,78,30,6
18 ...H....GHJ.AAGIJL.F.IKLEFBBKLECCCDD 7012 264,116,470,800,1366,1196,764,398,258,219,203,228,232,200,154,90,40,12,2
08 ...E.....EFGAA.EFGD.....DBBB....CC.. 6293 933,220,536,912,1226,1166,804,400,96
16 ..G..K..G.IKAAH.IKEFH.J.EFBBJ..CCCDD 1919 55,68,232,294,311,141,43,46,77,128,160,143,95,60,36,24,6
16 ...H....GHJ.AAGIJK.F.I.KEFBB.KECCCDD 13222 592,232,852,1274,2264,1618,1094,812,839,827,738,738,636,408,208,76,14
17 ..G..L..GIJLAAHIJLEFH.K.EFBBK..CCCDD 5062 204,120,424,583,820,469,213,148,159,226,322,390,333,292,179,108,60,12
17 ..GI....GI..AAHJ.KEFHJ.KEFBB.K.CCCDD 2477 181,52,166,191,361,99,53,46,53,96,199,283,284,203,119,61,24,6
20 ..GI....GIK.AAHJKMEFHJLMEFBBLM.CCCDD 2989 133,52,192,289,508,346,213,107,61,51,76,123,147,169,172,152,105,58,25,8,2
09 ...F....EFGHAAEFGHD.....DBBB....CC.. 12881 2875,352,676,1108,1674,1782,1554,1444,1080,336
18 ..GI....GIK.AAHJKLEFHJ.LEFBB.L.CCCDD 6354 314,104,358,480,869,446,272,167,145,198,351,531,581,533,452,320,159,60,14
05 ....D.....DFAA..EF....E..BBCC....... 163 6,24,52,36,27,18
05 ....D.....DEAA..DE.......BBCC....... 182 3,12,35,42,54,36
07 ....E.....EG..AAFG...DF..BBDCC...... 407 18,24,76,100,79,68,38,4
07 ....E.....EF..AAEF...D...BBDCC...... 492 9,12,47,86,118,136,76,8
06 ..DF....DF.HAAEG.H..EG...BBCC....... 320 51,26,76,70,62,31,4
06 ..DF....DF.GAAEF.G..E....BBCC....... 287 46,13,42,53,73,52,8
06 ..DE....DE.GAADF.G...F...BBCC....... 265 46,18,50,46,55,42,8
06 ..DE....DE.FAADE.F.......BBCC....... 251 44,9,27,33,58,64,16
07 ....E.....EGAA..FG.D..F..DBBCC...... 311 18,48,92,60,45,32,8,8
07 ....E.....EFAA..EF.D.....DBBCC...... 350 9,24,61,70,90,64,16,16
08 ....F..D..FH.DAAGH...EG..BBECC...... 627 54,48,116,124,97,82,50,32,24
08 ....F..D..FG.DAAFG...E...BBECC...... 768 27,24,73,114,154,164,100,64,48
08 ....F...E.FHAAE.GH.D..G..DBBCC...... 597 54,84,128,92,77,74,52,28,8
08 ....F...E.FGAAE.FG.D.....DBBCC...... 698 27,42,79,92,134,148,104,56,16
09 ....G...EFGIAAEFHI.D..H..DBBCC...... 1353 162,84,152,180,193,196,190,124,56,16
09 ....G...EFGHAAEFGH.D.....DBBCC...... 1728 81,42,91,148,242,352,380,248,112,32
07 ....E.....EGAA..FGD...F.DBBCC....... 457 18,60,124,84,63,62,34,12
07 ....E.....EFAA..EFD.....DBBCC....... 562 9,30,83,98,126,124,68,24
08 ....F....EFHAA.EGHD...G.DBBCC....... 1093 54,60,172,212,167,164,140,84,40
08 ....F....EFGAA.EFGD.....DBBCC....... 1460 27,30,107,186,254,328,280,168,80
08 ....F...E.FHAAE.GHD...G.DBBCC....... 807 54,96,160,116,95,104,94,64,24
08 ....F...E.FGAAE.FGD.....DBBCC....... 1038 27,48,101,120,170,208,188,128,48
09 ....G...EFGIAAEFHID...H.DBBCC....... 2059 162,96,208,268,263,278,296,248,176,64
09 ....G...EFGHAAEFGHD.....DBBCC....... 2900 81,48,125,220,342,516,592,496,352,128
08 ....F.....FHAA..GHDE..G.DEBBCC...... 969 54,132,244,156,117,124,82,44,16
08 ....F.....FGAA..FGDE....DEBBCC...... 1202 27,66,161,182,234,248,164,88,32
09 ....G..E..GI.EAAHID..FH.DBBFCC...... 1869 162,132,292,284,221,226,200,168,136,48
09 ....G..E..GH.EAAGHD..F..DBBFCC...... 2520 81,66,185,270,362,452,400,336,272,96
09 ....G...F.GIAAF.HIDE..H.DEBBCC...... 1643 162,240,328,188,149,166,158,148,88,16
09 ....G...F.GHAAF.GHDE....DEBBCC...... 2038 81,120,203,204,278,332,316,296,176,32
10 ....H...FGHJAAFGIJDE..I.DEBBCC...... 3447 486,240,376,340,317,340,372,392,360,192,32
10 ....H...FGHIAAFGHIDE....DEBBCC...... 4680 243,120,227,304,450,640,744,784,720,384,64
06 ....E.....EFAA..EF.......BBCC....DD. 843 9,36,105,171,240,210,72
08 ....F.....FG..AAFG...E...BBECC...DD. 2241 27,36,141,303,488,612,464,158,12
07 ..EG....EG.HAAFG.H..F....BBCC...DD.. 1084 183,33,106,151,245,240,110,16
07 ..EF....EF.HAAEG.H...G...BBCC..DD... 1009 183,60,155,125,185,187,98,16
07 ..EF....EF.GAAEF.G.......BBCC..DD... 1042 197,23,64,75,163,252,220,48
08 ....F.....FGAA..FG.E.....EBBCC...DD. 1581 27,72,183,285,400,358,160,64,32
09 ....G..E..GH.EAAGH...F...BBFCC...DD. 3399 81,72,219,417,648,760,572,326,216,88
09 ....G...F.GHAAF.GH.E.....EBBCC...DD. 2987 81,126,237,351,546,642,516,312,144,32
10 ....H...FGHIAAFGHI.E.....EBBCC...DD. 7275 243,126,273,519,926,1370,1572,1246,672,264,64
08 ....F.....FGAA..FGE.....EBBCC....DD. 2565 27,90,249,399,560,590,410,192,48
09 ....G....FGHAA.FGHE.....EBBCC....DD. 6503 81,90,321,663,1056,1404,1346,914,484,144
09 ....G...F.GHAAF.GHE.....EBBCC....DD. 4511 81,144,303,465,706,874,830,644,368,96
10 ....H...FGHIAAFGHIE.....EBBCC....DD. 12323 243,144,375,765,1334,2014,2410,2194,1668,936,240
07 ..F.....F.GHAAF.GH.......EBBB..ECCDD 2479 387,403,486,152,275,446,318,12
08 ..F.....FGHIAAFGHI.......EBBB..ECCDD 6313 1275,517,598,240,521,1044,1336,758,24
09 ....G.....GHAA..GHEF....EFBBCC...DD. 5341 81,198,483,741,1040,1134,864,504,232,64
10 ....H..F..HI.FAAHIE..G..EBBGCC...DD. 10875 243,198,555,1005,1536,1948,1860,1506,1176,672,176
10 ....H...G.HIAAG.HIEF....EFBBCC...DD. 8595 243,360,609,807,1186,1418,1348,1220,932,408,64
07 ..F.....F.GHAAF.GH......EBBB..ECCDD. 3129 447,467,558,172,315,576,494,100
08 ..F.....FGHIAAFGHI......EBBB..ECCDD. 8031 1455,581,678,292,601,1254,1772,1198,200
11 ....I...GHIJAAGHIJEF....EFBBCC...DD. 19239 729,360,681,1107,1814,2558,2988,3078,2908,2072,816,128
07 ....F.....FGAA..FG.......BBCC..DDEE. 914 3,12,35,87,195,252,222,108
09 ....G.....GH..AAGH...F...BBFCC.DDEE. 2416 9,12,47,131,315,538,630,506,212,16
08 ..FG....FG.HAAFG.H.......BBCC..DDEE. 1083 219,14,37,42,114,235,286,120,16
09 ....G.....GHAA..GH.F.....FBBCC.DDEE. 1660 9,24,61,145,325,422,382,212,48,32
10 ....H..F..HI.FAAHI...G...BBGCC.DDEE. 3534 27,24,73,189,445,708,794,642,352,184,96
10 ....H...G.HIAAG.HI.F.....FBBCC.DDEE. 2996 27,42,79,167,391,604,690,564,288,112,32
11 ....I...GHIJAAGHIJ.F.....FBBCC.DDEE. 7284 81,42,91,223,555,1028,1494,1634,1232,616,224,64
09 ....G.....GHAA..GHF.....FBBCC..DDEE. 2702 9,30,83,203,455,608,588,434,220,72
08 ..G.....G.HIAAG.HI......EFBBB.EFCCDD 7985 1599,1655,1982,396,534,889,732,186,12
10 ....H....GHIAA.GHIF.....FBBCC..DDEE. 6776 27,30,107,291,695,1182,1438,1354,940,504,208
09 ..G.....GHIJAAGHIJ......EFBBB.EFCCDD 17975 5139,1997,2318,636,1076,2005,2636,1760,384,24
10 ....H...G.HIAAG.HIF.....FBBCC..DDEE. 4570 27,48,101,225,521,790,912,874,608,320,144
11 ....I...GHIJAAGHIJF.....FBBCC..DDEE. 12398 81,48,125,325,805,1502,2154,2470,2180,1484,872,352
07 ..F.....F.GHAAF.GH......EBBB..ECCDDD 1439 205,215,272,86,151,264,216,30
08 ..F.....FGHIAAFGHI......EBBB..ECCDDD 3607 657,257,320,146,293,582,788,504,60
10 ....H.....HIAA..HIFG....FGBBCC.DDEE. 5430 27,66,161,377,845,1138,1126,894,516,216,64
11 ....I..G..IJ.GAAIJF..H..FBBHCC.DDEE. 10860 81,66,185,465,1085,1712,1988,1902,1492,1044,648,192
11 ....I...H.IJAAH.IJFG....FGBBCC.DDEE. 8330 81,120,203,399,911,1320,1466,1442,1172,768,384,64
06 ...D.....DEFAA.DEF.......BBB...CCC.. 1501 179,36,96,250,420,376,144
08 ...E.....EFG.AAEFG..D.....DBBB.CCC.. 3361 547,54,126,328,668,814,576,216,32
06 ..D.....D.EFAAD.EF......BBB...CCC... 825 79,82,89,39,100,212,224
07 ..D.....DEFGAADEFG......BBB...CCC... 2449 265,110,113,61,172,432,728,568
12 ....J...HIJKAAHIJKFG....FGBBCC.DDEE. 18414 243,120,227,499,1195,2032,2720,3130,3048,2496,1744,832,128
08 ...E.....EFGAA.EFGD.....DBBB...CCC.. 4603 683,90,210,504,866,946,736,424,144
09 ...F....EFGHAAEFGHD.....DBBB...CCC.. 9309 2097,144,264,582,1114,1384,1228,1056,960,480
06 ....E.....EFAA..EF.......BBCC...DDD. 661 6,24,70,129,186,174,72
08 ....F.....FG..AAFG...E...BBECC..DDD. 1713 18,24,94,217,370,472,374,136,8
07 ..EG....EG.HAAFG.H..F....BBCC..DDD.. 645 115,7,22,45,113,171,138,34
07 ..EF....EF.HAAEG.H...G...BBCC.DDD... 604 115,29,65,33,78,124,128,32
08 ....F.....FGAA..FG.E.....EBBCC..DDD. 1231 18,48,122,215,310,294,144,48,32
09 ....G..E..GH.EAAGH...F...BBFCC..DDD. 2571 54,48,146,303,494,592,458,244,152,80
09 ....G...F.GHAAF.GH.E.....EBBCC..DDD. 2209 54,84,158,259,412,486,388,224,112,32
10 ....H...FGHIAAFGHI.E.....EBBCC..DDD. 5229 162,84,182,371,684,1006,1128,880,468,200,64
08 ....F.....FGAA..FGE.....EBBCC...DDD. 2003 18,60,166,301,434,466,342,168,48
09 ....G....FGHAA.FGHE.....EBBCC...DDD. 4923 54,60,214,477,802,1068,1036,708,376,128
09 ....G...F.GHAAF.GHE.....EBBCC...DDD. 3361 54,96,202,345,536,658,618,468,288,96
10 ....H...FGHIAAFGHIE.....EBBCC...DDD. 8889 162,96,250,545,992,1482,1738,1544,1152,704,224
09 ....G.....GHAA..GHEF....EFBBCC..DDD. 4139 54,132,322,559,806,886,700,416,200,64
10 ....H..F..HI.FAAHIE..G..EBBGCC..DDD. 8139 162,132,370,735,1174,1488,1430,1120,840,528,160
10 ....H...G.HIAAG.HIEF....EFBBCC..DDD. 6349 162,240,406,603,908,1078,1008,860,676,344,64
11 ....I...GHIJAAGHIJEF....EFBBCC..DDD. 13725 486,240,454,803,1364,1902,2164,2112,1928,1472,672,128
04 ....C.....CEAA..DE....D...BBB....... 236 12,48,104,60,12
04 ....C.....CDAA..CD........BBB....... 184 6,24,70,60,24
05 ....D....CDFAA.CEF....E...BBB....... 744 48,96,256,236,92,16
05 ....D....CDEAA.CDE........BBB....... 556 24,48,164,184,104,32
04 ...C.....C.EAA.D.E...D...BBB........ 131 25,24,40,30,12
05 ...CE....CEFAA.DEF...D...BBB........ 383 21,24,94,130,86,28
04 ...C.....C.DAA.C.D.......BBB........ 128 26,12,26,40,24
05 ...CD....CDEAA.CDE.......BBB........ 347 18,12,53,96,112,56
06 ....D.....DF.AA.EF..C.E...CBBB...... 454 36,72,144,124,54,16,8
06 ....D.....DE.AA.DE..C.....CBBB...... 364 18,36,90,104,68,32,16
07 ....E....DEG.AADFG..C.F...CBBB...... 1490 144,144,336,412,294,116,36,8
07 ....E....DEF.AADEF..C.....CBBB...... 1144 72,72,204,296,260,152,72,16
06 ...D.....D.F.AAE.F..CE....CBBB...... 301 77,36,60,62,44,18,4
06 ...D.....D.E.AAD.E..C.....CBBB...... 310 82,18,36,62,68,36,8
07 ...DE....DEF.AADEF..C.....CBBB...... 745 54,18,63,136,202,176,80,16
04 ..C.....C..EAAD..E..D...BBB......... 93 15,21,34,11,12
05 ..C.....CE.FAADE.F..D...BBB......... 227 51,27,46,35,36,32
04 ..C.....C..DAAC..D......BBB......... 112 22,25,29,12,24
05 ..C.....CD.EAACD.E......BBB......... 298 78,37,41,26,52,64
06 ....D.....DFAA..EF.C..E..CBBB....... 484 36,96,184,100,28,24,16
06 ....D.....DEAA..DE.C.....CBBB....... 424 18,48,122,100,56,48,32
07 ....E....DEGAA.DFG.C..F..CBBB....... 1288 144,192,416,308,108,40,48,32
07 ....E....DEFAA.DEF.C.....CBBB....... 1060 72,96,268,248,136,80,96,64
08 ....E.....EG.AA.FG.CD.F..CDBBB...... 910 108,168,256,164,70,40,52,44,8
08 ....E.....EF.AA.EF.CD....CDBBB...... 828 54,84,158,144,100,80,104,88,16
09 ....F....EFH.AAEGH.CD.G..CDBBB...... 2578 432,336,560,484,310,140,112,124,64,16
09 ....F....EFG.AAEFG.CD....CDBBB...... 2208 216,168,340,360,292,200,224,248,128,32
06 ...D.....D.FAA.E.FC..E..CBBB........ 373 89,60,88,60,38,26,12
07 ...DF....DFGAA.EFGC..E..CBBB........ 987 69,60,214,272,178,100,66,28
06 ...D.....D.EAA.D.EC.....CBBB........ 424 106,30,56,80,76,52,24
07 ...DE....DEFAA.DEFC.....CBBB........ 1037 66,30,119,198,236,200,132,56
07 ....E.C...EGCAA.FG..D.F...DBBB...... 1454 144,264,464,340,146,48,32,16
07 ....E.C...EFCAA.EF..D.....DBBB...... 1212 72,132,292,312,212,96,64,32
08 ....F.C..EFHCAAEGH..D.G...DBBB...... 4090 540,456,928,996,690,300,116,48,16
08 ....F.C..EFGCAAEFG..D.....DBBB...... 3300 270,228,566,752,684,440,232,96,32
07 ...E....DE.GAADF.GC..F..CBBB........ 807 277,96,124,92,70,44,56,48
08 ...EG...DEGHAADFGHC..F..CBBB........ 1737 207,96,250,340,296,190,118,136,104
07 ...E....DE.FAADE.FC.....CBBB........ 978 338,48,74,102,120,88,112,96
08 ...EF...DEFGAADEFGC.....CBBB........ 1983 198,48,137,238,326,320,236,272,208
09 ....F.C...FHCAA.GH.DE.G..DEBBB...... 3302 432,648,912,508,226,152,180,164,64,16
09 ....F.C...FGCAA.FG.DE....DEBBB...... 3116 216,324,564,488,372,304,360,328,128,32
10 ....G.C..FGICAAFHI.DE.H..DEBBB...... 8090 1620,1128,1712,1260,770,404,392,444,248,80,32
10 ....G.C..FGHCAAFGH.DE....DEBBB...... 7300 810,564,1042,1000,844,648,784,888,496,160,64
05 ....D.....DEAA..DE........BBB....CC. 804 18,72,210,270,186,48
06 ....E....DEFAA.DEF........BBB....CC. 2305 69,132,457,669,600,314,64
06 ...DF....DFGAA.EFG...E...BBB.....CC. 1382 54,60,235,373,348,232,80
05 ...D.....D.EAA.D.E.......BBB....CC.. 568 116,32,72,148,152,48
07 ....E.....EF.AA.EF..D.....DBBB...CC. 1548 54,108,270,402,374,212,96,32
08 ....F....EFG.AAEFG..D.....DBBB...CC. 4679 207,198,567,983,1142,890,484,176,32
07 ...E.....E.F.AAE.F..D.....DBBB..CC.. 1364 364,48,100,208,310,236,86,12
08 ...EF....EFG.AAEFG..D.....DBBB..CC.. 2999 153,36,126,290,590,828,666,270,40
05 ..D.....D..EAAD..E......BBB....CC... 516 102,111,123,42,90,48
06 ..D.....DE.FAADE.F......BBB....CC... 1330 350,155,167,84,184,270,120
07 ....E.....EFAA..EF.D.....DBBB....CC. 1776 54,144,366,450,342,204,152,64
08 ....F....EFGAA.EFG.D.....DBBB....CC. 4203 207,264,743,939,792,482,344,304,128
09 ....F.....FG.AA.FG.DE....DEBBB...CC. 3290 162,252,474,582,530,368,348,346,196,32
10 ....G....FGH.AAFGH.DE....DEBBB...CC. 8459 621,462,941,1253,1334,1058,864,878,688,296,64
08 ...EG....EGHAA.FGHD..F..DBBB.....CC. 3585 177,150,535,791,729,580,383,184,56
07 ...E.....E.FAA.E.FD.....DBBB....CC.. 1850 466,80,156,296,366,274,164,48
08 ...EF....EFGAA.EFGD.....DBBB....CC.. 4117 183,60,238,432,802,992,780,462,168
08 ....F.D...FGDAA.FG..E.....EBBB...CC. 4878 207,378,831,1172,1110,620,304,192,64
09 ....G.D..FGHDAAFGH..E.....EBBB...CC. 12999 756,618,1540,2477,2930,2362,1356,640,256,64
09 ...FH...EFHIAAEGHID..G..DBBB.....CC. 6201 531,240,625,961,1057,918,671,534,456,208
08 ...F....EF.GAAEF.GD.....DBBB....CC.. 4178 1474,128,208,356,524,462,426,432,168
09 ...FG...EFGHAAEFGHD.....DBBB....CC.. 7725 549,96,274,512,1000,1396,1296,1034,992,576
05 ...C.....CDEAA.CDE..BB.............. 750 103,88,230,225,92,12
06 ...D....CDEFAACDEF..BB.............. 2560 425,263,651,718,397,98,8
05 ..C.....C.DEAAC.DE.BB............... 592 94,151,186,108,45,8
06 ..C.....CDEFAACDEF.BB............... 2218 404,402,561,462,285,92,12
06 ..CD....CDEFAACDEF.BB............... 1290 277,100,203,293,267,126,24
10 ....G.D...GHDAA.GH.EF....EFBBB...CC. 11792 621,930,1613,1912,1818,1312,1196,1198,832,296,64
11 ....H.D..GHIDAAGHI.EF....EFBBB...CC. 26839 2268,1530,2832,3487,3746,3090,2728,2978,2476,1176,400,128
06 ....E.....EFAA..EF........BBB..CCDD. 802 6,24,70,150,264,216,72
07 ....F....EFGAA.EFG........BBB..CCDD. 2200 21,36,129,301,581,658,378,96
07 ...EG....EGHAA.FGH...F...BBB...CCDD. 1139 12,12,47,113,239,332,276,108
07 ...E.....EFHAA.EFH.......BBBG.CCDDG. 1314 94,16,64,160,326,402,228,24
08 ....F.....FG.AA.FG..E.....EBBB.CCDD. 1502 18,36,90,194,366,408,262,104,24
09 ....G....FGH.AAFGH..E.....EBBB.CCDD. 4400 63,54,159,391,813,1132,1008,568,188,24
08 ...F....EFGIAAEFGI.......BBBH.CCDDH. 2802 282,24,80,208,478,734,658,294,44
08 ....F.....FGAA..FG.E.....EBBB..CCDD. 1670 18,48,122,250,448,398,206,116,64
09 ....G....FGHAA.FGH.E.....EBBB..CCDD. 3744 63,72,207,443,843,900,556,300,232,128
10 ....G.....GH.AA.GH.EF....EFBBB.CCDD. 2900 54,84,158,294,550,590,420,314,276,144,16
11 ....H....GHI.AAGHI.EF....EFBBB.CCDD. 7186 189,126,261,533,1075,1374,1210,902,724,536,224,32
06 ..F.....F..GAAF..G.......EBBB..ECCDD 1573 387,403,454,64,139,120,6
07 ..F.....FG.HAAFG.H.......EBBB..ECCDD 3471 1275,517,566,120,273,428,280,12
07 ....F.....FGAA..FG......E.BBB.ECCDD. 2667 21,72,201,437,781,729,354,72
08 ....G....FGHAA.FGH......E.BBB.ECCDD. 6635 72,102,344,804,1570,1863,1272,512,96
09 ...FH....FHIAA.GHIE..G..EBBB...CCDD. 2926 39,30,107,247,520,716,620,369,194,84
09 ...F.....FGIAA.FGIE.....EBBBH.CCDDH. 3612 332,40,144,328,664,894,702,350,146,12
09 ....G.E...GHEAA.GH..F.....FBBB.CCDD. 4355 63,114,247,503,943,1047,748,410,208,72
10 ....H.E..GHIEAAGHI..F.....FBBB.CCDD. 11407 216,162,408,928,1906,2583,2354,1594,844,340,72
10 ...GI...FGIJAAFHIJE..H..EBBB...CCDD. 4888 117,48,125,281,612,918,942,719,470,416,240
10 ...G....FGHJAAFGHJE.....EBBBI.CCDDI. 6644 996,64,176,376,816,1226,1156,804,630,376,24
06 ..F.....F..GAAF..G......EBBB..ECCDD. 1877 447,467,518,68,167,170,40
07 ..F.....FG.HAAFG.H......EBBB..ECCDD. 4151 1455,581,638,140,309,534,414,80
09 ....G.....GHAA..GH.F....EFBBB.ECCDD. 6083 63,156,383,795,1451,1447,922,526,276,64
07 ..D.....DEGHAADEGHCBBF..C..F........ 6746 1728,957,1371,1299,928,379,80,4
07 ..D.....DEFGAADEFGCBBE..C........... 3934 1097,357,611,749,658,353,101,8
10 ....H....GHIAA.GHI.F....EFBBB.ECCDD. 12323 216,222,604,1288,2474,2761,1972,1230,876,552,128
11 ....H.E...HIEAA.HI.FG....FGBBB.CCDD. 9559 189,282,485,861,1613,1765,1364,1064,936,664,288,48
04 .....D.....DAA...E.....E..BBCC...... 90 6,24,48,8,4
05 .....E....DEAA..DE........BBCC...... 217 5,20,78,70,32,12
05 .....E..D..EAAD..F.....F..BBCC...... 246 22,52,116,44,10,2
06 .....F..D.EFAAD.EF........BBCC...... 525 17,38,154,172,104,32,8
07 .....G..DEFGAADEFG........BBCC...... 1423 51,38,182,316,372,304,144,16
05 ..D..F..D..FAAE..G..E..G.BB.CC...... 156 16,28,64,33,13,2
06 ..D..G..D.FGAAE.FG..E....BB.CC...... 280 8,14,58,84,70,38,8
07 ..D..G..D..G..EAAH..EF.H.BBFCC...... 364 48,28,80,81,69,42,14,2
07 ..D..H..DFGHAAEFGH..E....BB.CC...... 832 24,14,66,132,194,222,152,28
06 ..DF....DFH.AAEGH...EG...BBCC....... 274 51,26,48,70,54,23,2
06 ..DF....DFG.AAEFG...E....BBCC....... 237 46,13,28,53,57,36,4
05 ..D..E..D..EAAD..F.....F.BB.CC...... 142 16,22,50,29,21,4
06 ..D..F..D.EFAAD.EF.......BB.CC...... 252 8,11,42,55,64,56,16
07 ..D..F..D..F..DAAG...E.G.BBECC...... 328 48,22,58,57,69,52,18,4
07 ..D..G..DEFGAADEFG.......BB.CC...... 744 24,11,46,81,142,204,180,56
06 ..DE....DEG.AADFG....F...BBCC....... 227 46,18,26,46,51,36,4
06 ..DE....DEF.AADEF........BBCC....... 211 44,9,15,33,50,52,8
06 .....E.....EAA...F.D...F.DBBCC...... 194 18,48,96,16,8,4,4
07 .....F....EFAA..EF.D.....DBBCC...... 443 15,40,150,122,56,28,16,16
07 .....F...E.FAA.E.G.D...G.DBBCC...... 354 54,48,120,64,24,16,20,8
08 .....G...EFGAA.EFG.D.....DBBCC...... 913 45,40,170,206,160,116,80,64,32
07 .....F..E..FAAE..G.D...G.DBBCC...... 530 66,116,244,68,18,10,4,4
08 .....G..E.FGAAE.FG.D.....DBBCC...... 1007 51,86,318,280,152,56,24,24,16
08 .....G..EF.GAAEF.H.D...H.DBBCC...... 998 198,116,284,172,98,46,48,28,8
09 .....H..EFGHAAEFGH.D.....DBBCC...... 2229 153,86,346,424,420,328,224,152,64,32
08 ..E..H.DE..H.DFAAI..FG.I.BBGCC...... 638 144,68,160,99,71,44,30,18,4
08 ..E..G.DE..G.DEAAH...F.H.BBFCC...... 582 144,58,130,71,73,56,26,16,8
12 ....I.E..HIJEAAHIJ.FG....FGBBB.CCDD. 20955 648,402,748,1412,2810,3481,3102,2584,2308,1908,1072,384,96
08 ..E..H..E..H..FAAID.FG.IDBBGCC...... 760 156,80,200,137,89,58,30,6,4
08 ..E..G..E..G..EAAHD..F.HDBBFCC...... 688 168,70,162,93,85,60,30,12,8
04 .....D.....DAA...D........BBCC...... 75 3,12,36,16,8
05 .....E....DEAA..DF.....F..BBCC...... 268 10,40,116,80,16,6
04 ....D.....D.AA..E.....E..BBCC....... 37 2,8,12,6,9
05 ....DF....DFAA..EF....E..BBCC....... 124 2,8,36,39,18,21
04 ....D.....D.AA..D........BBCC....... 44 1,4,9,12,18
05 ....DE....DEAA..DE.......BBCC....... 137 1,4,21,33,36,42
06 ....E.....E...AAF....DF..BBDCC...... 97 6,8,20,22,21,18,2
07 ....EG....EG..AAFG...DF..BBDCC...... 304 6,8,44,79,70,53,40,4
06 ....E.....E...AAE....D...BBDCC...... 126 3,4,13,24,42,36,4
07 ....EF....EF..AAEF...D...BBDCC...... 363 3,4,25,57,80,106,80,8
05 .....E..D..EAAD..E........BBCC...... 203 11,26,84,58,20,4
06 .....F..D.EFAAD.EG.....G..BBCC...... 648 34,76,232,204,82,16,4
07 .....G..DEFGAADEFH.....H..BBCC...... 1596 102,76,288,436,402,212,72,8
05 ..D..F..D..FAAE..F..E....BB.CC...... 128 8,14,46,40,16,4
06 ..D..G..D.FGAAE.FH..E..H.BB.CC...... 336 16,28,88,97,69,34,4
07 ..D..G..D..G..EAAG..EF...BBFCC...... 336 24,14,54,72,76,64,28,4
07 ..D..H..DFGHAAEFGI..E..I.BB.CC...... 892 48,28,104,177,221,194,106,14
05 ..DF....DF..AAEG....EG...BBCC....... 134 51,26,24,22,10,1
05 ..DF....DF..AAEF....E....BBCC....... 113 46,13,16,21,15,2
05 ..D..E..D..EAAD..E.......BB.CC...... 116 8,11,36,31,22,8
06 ..D..F..D.EFAAD.EG.....G.BB.CC...... 306 16,22,62,65,75,58,8
07 ..D..F..D..F..DAAF...E...BBECC...... 296 24,11,40,49,64,64,36,8
07 ..D..G..DEFGAADEFH.....H.BB.CC...... 824 48,22,70,109,179,218,150,28
09 ..F..I.EF..I.EGAAJD.GH.JDBBHCC...... 1650 468,208,456,195,99,68,78,54,16,8
05 ..DE....DE..AADF.....F...BBCC....... 113 46,18,14,18,15,2
05 ..DE....DE..AADE.........BBCC....... 101 44,9,9,15,20,4
06 .....E.....EAA...E.D.....DBBCC...... 169 9,24,72,32,16,8,8
07 .....F....EFAA..EG.D...G.DBBCC...... 524 30,80,220,136,28,14,8,8
06 ....E.....E.AA..F..D..F..DBBCC...... 73 6,16,20,10,15,2,4
06 ....E.....E.AA..E..D.....DBBCC...... 88 3,8,15,20,30,4,8
07 ....EF....EFAA..EF.D.....DBBCC...... 259 3,8,39,55,60,70,8,16
07 .....F...E.FAA.E.F.D.....DBBCC...... 339 27,24,84,68,48,32,40,16
08 .....G...EFGAA.EFH.D...H.DBBCC...... 980 90,80,260,264,140,58,40,32,16
07 ....F..D..F..DAAG....EG..BBECC...... 157 18,16,28,26,27,20,10,12
08 ....FH.D..FH.DAAGH...EG..BBECC...... 452 18,16,76,105,82,67,44,20,24
07 ....F..D..F..DAAF....E...BBECC...... 206 9,8,19,32,54,40,20,24
08 ....FG.D..FG.DAAFG...E...BBECC...... 553 9,8,43,79,104,134,88,40,48
07 .....F..E..FAAE..F.D.....DBBCC...... 449 33,58,180,106,36,20,8,8
08 .....G..E.FGAAE.FH.D...H.DBBCC...... 1212 102,172,464,308,106,28,12,12,8
07 ....F...E.F.AAE.G..D..G..DBBCC...... 143 18,28,24,18,23,16,12,4
07 ....F...E.F.AAE.F..D.....DBBCC...... 176 9,14,17,26,46,32,24,8
08 ....FG..E.FGAAE.FG.D.....DBBCC...... 513 9,14,59,67,86,122,84,56,16
08 .....G..EF.GAAEF.G.D.....DBBCC...... 931 99,58,200,178,136,92,96,56,16
09 ..F..H.EF..H.EFAAID..G.IDBBGCC...... 1586 504,194,410,143,105,80,54,48,32,16
09 .....H..EFGHAAEFGI.D...I.DBBCC...... 2424 306,172,520,540,426,224,112,76,32,16
08 ....G...EFG.AAEFH..D..H..DBBCC...... 347 54,28,32,42,51,58,50,24,8
08 ....G...EFG.AAEFG..D.....DBBCC...... 466 27,14,21,42,82,116,100,48,16
09 ....GH..EFGHAAEFGH.D.....DBBCC...... 1235 27,14,63,95,154,238,292,224,96,32
06 .....F....EFAA..EF........BBCC....DD 1013 19,76,300,328,198,80,12
08 ..E..H.DE..H.DFAAH..FG...BBGCC...... 580 72,34,114,108,80,68,60,36,8
07 ..G.....G..HAAG..H......EFBBB.EFCCDD 5877 1599,1655,1870,124,274,269,80,6
08 ..E..G.DE..G.DEAAG...F...BBFCC...... 516 72,29,94,77,72,72,52,32,16
06 ....E.....E.AA..F.D...F.DBBCC....... 107 6,20,28,14,21,12,6
07 ....EG....EGAA..FGD...F.DBBCC....... 344 6,20,88,91,42,53,30,14
06 ....E.....E.AA..E.D.....DBBCC....... 140 3,10,21,28,42,24,12
07 ....EF....EFAA..EFD.....DBBCC....... 419 3,10,51,77,84,106,60,28
07 ....F....EF.AA.EG.D...G.DBBCC....... 271 18,20,44,46,45,50,28,20
08 ....FH...EFHAA.EGHD...G.DBBCC....... 804 18,20,104,171,146,117,118,66,44
07 ....F....EF.AA.EF.D.....DBBCC....... 386 9,10,29,52,90,100,56,40
08 ....FG...EFGAA.EFGD.....DBBCC....... 1065 9,10,59,125,172,234,236,132,88
07 .....G..E.FGAAE.FG........BBCC....DD 2337 63,138,560,726,546,232,64,8
08 ..G.....GH.IAAGH.I......EFBBB.EFCCDD 11815 5139,1997,2206,268,528,847,652,166,12
07 ....F...E.F.AAE.G.D...G.DBBCC....... 193 18,32,32,22,29,26,22,12
08 ....FH..E.FHAAE.GHD...G.DBBCC....... 596 18,32,128,111,70,79,72,58,28
07 ....F...E.F.AAE.F.D.....DBBCC....... 260 9,16,23,34,58,52,44,24
08 ....FG..E.FGAAE.FGD.....DBBCC....... 769 9,16,71,89,110,158,144,116,56
08 ....G...EFG.AAEFH.D...H.DBBCC....... 525 54,32,48,62,69,88,76,64,32
09 ....GI..EFGIAAEFHID...H.DBBCC....... 1480 54,32,144,199,214,199,224,190,152,72
08 ....G...EFG.AAEFG.D.....DBBCC....... 774 27,16,31,62,118,176,152,128,64
09 ....GH..EFGHAAEFGHD.....DBBCC....... 2099 27,16,79,141,222,338,448,380,304,144
08 .....H..EFGHAAEFGH........BBCC....DD 6187 189,138,660,1246,1570,1372,788,208,16
08 ..E..H..E..H..FAAHD.FG..DBBGCC...... 694 78,40,140,144,116,96,60,12,8
08 ..E..G..E..G..EAAGD..F..DBBFCC...... 612 84,35,116,101,96,80,60,24,16
07 ....F.....F.AA..G.DE..G.DEBBCC...... 235 18,44,52,26,39,30,18,8
08 ....FH....FHAA..GHDE..G.DEBBCC...... 716 18,44,184,169,78,99,70,38,16
07 ....F.....F.AA..F.DE....DEBBCC...... 312 9,22,39,52,78,60,36,16
08 ....FG....FGAA..FGDE....DEBBCC...... 881 9,22,105,143,156,198,140,76,32
07 ..E..H..E.GHAAF.GH..F....BB.CC....DD 1117 26,44,180,298,297,197,67,8
08 ....G..E..G..EAAH.D..FH.DBBFCC...... 487 54,44,68,58,63,68,52,56,24
09 ....GI.E..GI.EAAHID..FH.DBBFCC...... 1328 54,44,200,249,182,163,158,114,116,48
08 ....G..E..G..EAAG.D..F..DBBFCC...... 698 27,22,47,76,126,136,104,112,48
08 ..E..I..EGHIAAFGHI..F....BB.CC....DD 3215 78,44,204,442,685,827,661,246,28
09 ....GH.E..GH.EAAGHD..F..DBBFCC...... 1795 27,22,113,191,244,326,316,228,232,96
07 ..EG....EGH.AAFGH...F....BBCC...DD.. 916 183,33,70,151,213,184,74,8
06 ..E..F..E..FAAE..G.....G.BB.CC.DD... 588 68,83,181,99,99,50,8
07 ..E..G..E.FGAAE.FG.......BB.CC.DD... 1074 30,36,126,169,217,254,194,48
08 ....G...F.G.AAF.H.DE..H.DEBBCC...... 405 54,80,56,34,47,44,42,40,8
08 ..E..G..E..G..EAAH...F.H.BBFCC.DD... 1344 204,83,201,169,245,253,142,41,6
09 ....GI..F.GIAAF.HIDE..H.DEBBCC...... 1184 54,80,296,189,106,125,116,110,92,16
08 ....G...F.G.AAF.G.DE....DEBBCC...... 528 27,40,41,58,94,88,84,80,16
09 ....GH..F.GHAAF.GHDE....DEBBCC...... 1483 27,40,161,155,182,250,232,220,184,32
08 ..E..H..EFGHAAEFGH.......BB.CC.DD... 3100 90,36,134,221,393,662,818,590,156
07 ..EF....EFH.AAEGH....G...BBCC..DD... 862 183,60,65,125,175,170,76,8
07 ..EF....EFG.AAEFG........BBCC..DD... 894 197,23,30,75,151,226,168,24
08 .....G....FGAA..FG.E.....EBBCC....DD 2031 57,152,576,584,346,160,76,64,16
09 ....H...FGH.AAFGI.DE..I.DEBBCC...... 921 162,80,72,74,87,106,108,128,88,16
10 ....HJ..FGHJAAFGIJDE..I.DEBBCC...... 2364 162,80,312,277,250,245,268,266,288,184,32
09 ....H...FGH.AAFGH.DE....DEBBCC...... 1302 81,40,49,86,154,212,216,256,176,32
10 ....HI..FGHIAAFGHIDE....DEBBCC...... 3297 81,40,169,207,294,430,536,532,576,368,64
09 .....H...FGHAA.FGH.E.....EBBCC....DD 4081 171,152,652,908,794,568,372,272,160,32
09 ..F..I.EF..I.EGAAID.GH..DBBHCC...... 1494 234,104,332,260,136,116,156,108,32,16
09 .....H..F.GHAAF.GH.E.....EBBCC....DD 4411 189,314,1160,1238,830,360,136,96,72,16
09 ..F..H.EF..H.EFAAHD..G..DBBGCC...... 1408 252,97,302,201,136,120,108,96,64,32
05 .....E.....EAA...E........BBCC....DD 360 12,48,144,100,48,8
06 ....EG....EGAA..FG....F..BBCC.....DD 521 7,28,126,150,90,99,21
05 ....E.....E.AA..E........BBCC....DD. 210 3,12,27,54,78,36
06 ....EF....EFAA..EF.......BBCC....DD. 630 3,12,63,108,168,192,84
08 ....FH....FH..AAGH...EG..BBECC....DD 1275 21,28,154,290,286,243,197,52,4
07 ....F.....F...AAF....E...BBECC...DD. 584 9,12,39,90,170,182,76,6
08 ....FG....FG..AAFG...E...BBECC...DD. 1648 9,12,75,180,312,456,424,168,12
06 .....F..E..FAAE..F........BBCC....DD 922 42,96,312,294,138,36,4
10 .....I..FGHIAAFGHI.E.....EBBCC....DD 9489 567,314,1260,1758,1854,1500,1028,672,344,160,32
06 ..F.....F..GAAF..G......EBBB..ECCDDD 875 205,215,252,34,77,80,12
07 ..F.....FG.HAAFG.H......EBBB..ECCDDD 1885 657,257,300,70,147,244,186,24
06 ..E..G..E..GAAF..G..F....BB.CC....DD 510 26,44,144,166,94,32,4
08 ..E..H..E..H..FAAH..FG...BBGCC....DD 1286 78,44,168,262,290,256,144,40,4
06 ..EG....EG..AAFG....F....BBCC...DD.. 434 183,33,40,71,71,32,4
06 ..E..F..E..FAAE..F.......BB.CC.DD... 504 30,36,114,121,105,74,24
09 ..F..H.EF..H.EFAAI...G.I.BBGCC.DD... 2388 612,229,493,231,265,269,162,71,44,12
07 ..E..G..E.FGAAE.FH.....H.BB.CC.DD... 1234 68,83,211,189,255,272,140,16
08 ..E..G..E..G..EAAG...F...BBFCC.DD... 1238 90,36,122,157,209,262,232,110,20
08 ..E..H..EFGHAAEFGI.....I.BB.CC.DD... 3320 204,83,231,299,541,795,758,359,50
06 ..EF....EF..AAEG.....G...BBCC..DD... 434 183,60,35,55,65,32,4
06 ..EF....EF..AAEF.........BBCC..DD... 430 197,23,18,39,73,68,12
07 .....F.....FAA...F.E.....EBBCC....DD 796 36,96,288,200,96,40,32,8
07 ....F.....F.AA..F..E.....EBBCC...DD. 406 9,24,45,90,130,68,24,16
08 ....FG....FGAA..FG.E.....EBBCC...DD. 1166 9,24,117,180,280,320,156,48,32
08 .....G...F.GAA.F.G.E.....EBBCC....DD 1536 108,96,336,344,244,152,152,88,16
09 ....GI.E..GI.EAAHI...FH..BBFCC....DD 1877 63,56,266,394,346,309,223,104,92,24
08 ....G..E..G..EAAG....F...BBFCC...DD. 920 27,24,57,126,222,214,120,86,44
09 ....GH.E..GH.EAAGH...F...BBFCC...DD. 2452 27,24,129,252,424,584,496,256,172,88
08 .....G..F..GAAF..G.E.....EBBCC....DD 2014 126,216,672,566,250,100,44,32,8
08 ....G...F.G.AAF.G..E.....EBBCC...DD. 770 27,42,51,108,182,168,112,64,16
09 ....GH..F.GHAAF.GH.E.....EBBCC...DD. 2190 27,42,177,216,360,492,428,272,144,32
09 .....H..FG.HAAFG.H.E.....EBBCC....DD 3994 378,216,744,830,650,428,364,264,104,16
05 ....D.....DEAA..DE........BBB...CCC. 620 12,48,140,210,162,48
09 ....H...FGH.AAFGH..E.....EBBCC...DD. 1978 81,42,63,156,310,452,448,278,116,32
06 ....E....DEFAA.DEF........BBB...CCC. 1713 45,84,293,485,478,264,64
06 ...DF....DFGAA.EFG...E...BBB....CCC. 915 33,36,141,243,244,162,56
10 ....HI..FGHIAAFGHI.E.....EBBCC...DD. 5216 81,42,189,300,576,916,1164,1048,604,232,64
05 ...D.....D.EAA.D.E.......BBB...CCC.. 422 88,12,26,88,136,72
06 ...DE....DEFAA.DEF.......BBB...CCC.. 1016 33,12,53,114,280,356,168
07 ....E.....EF.AA.EF..D.....DBBB..CCC. 1166 36,72,180,298,306,178,72,24
09 ..F..I.EF..I.EGAAI..GH...BBHCC....DD 2182 234,108,360,434,342,272,220,144,60,8
08 ....F....EFG.AAEFG..D.....DBBB..CCC. 3433 135,126,363,687,864,706,388,140,24
07 ...E.....E.F.AAE.F..D.....DBBB.CCC.. 1002 274,18,36,110,226,222,100,16
09 ..F..H.EF..H.EFAAH...G...BBGCC.DD... 2124 270,100,314,307,269,294,264,162,104,40
08 ...EF....EFG.AAEFG..D.....DBBB.CCC.. 2170 99,18,63,154,388,640,552,224,32
05 ..D.....D..EAAD..E......BBB...CCC... 391 79,82,83,21,54,72
06 ..D.....DE.FAADE.F......BBB...CCC... 985 265,110,107,35,98,194,176
08 ....FH....FHAA..GHE...G.EBBCC.....DD 1451 21,70,308,352,210,245,154,77,14
07 ....F.....F.AA..F.E.....EBBCC....DD. 656 9,30,63,126,182,144,78,24
07 ....E.....EFAA..EF.D.....DBBB...CCC. 1352 36,96,244,350,286,156,120,64
08 ....FG....FGAA..FGE.....EBBCC....DD. 1900 9,30,153,252,392,468,354,186,56
08 ....F....EFGAA.EFG.D.....DBBB...CCC. 3083 135,168,475,691,626,372,248,240,128
09 ....GI...FGIAA.FHIE...H.EBBCC.....DD 3369 63,70,364,632,602,533,532,329,200,44
08 ....G....FG.AA.FG.E.....EBBCC....DD. 1742 27,30,87,198,366,446,322,194,72
09 ....GH...FGHAA.FGHE.....EBBCC....DD. 4734 27,30,177,396,680,996,1074,754,440,160
09 ....F.....FG.AA.FG.DE....DEBBB..CCC. 2414 108,168,316,438,430,286,240,248,156,24
09 ..F..H..F..H..FAAIE..G.IEBBGCC.DD... 2746 708,271,597,295,305,273,172,79,34,12
09 ....GI..F.GIAAF.HIE...H.EBBCC.....DD 2463 63,112,448,440,314,347,314,245,152,28
08 ....G...F.G.AAF.G.E.....EBBCC....DD. 1160 27,48,69,144,234,244,198,148,48
09 ....GH..F.GHAAF.GHE.....EBBCC....DD. 3324 27,48,213,288,472,640,642,518,364,112
10 ....G....FGH.AAFGH.DE....DEBBB..CCC. 6071 405,294,601,893,1012,814,620,612,532,240,48
10 ....HJ..FGHJAAFGIJE...I.EBBCC.....DD 6059 189,112,504,748,846,843,926,809,630,380,72
09 ....H...FGH.AAFGH.E.....EBBCC....DD. 3328 81,48,93,228,454,684,682,554,384,120
10 ....HI..FGHIAAFGHIE.....EBBCC....DD. 8914 81,48,237,444,832,1328,1758,1686,1340,888,272
09 ..F..I..F..I..GAAIE.GH..EBBHCC....DD 2613 255,127,441,562,476,368,248,96,32,8
08 ...EG....EGHAA.FGHD..F..DBBB....CCC. 2418 108,90,321,519,509,390,269,156,56
07 ...E.....E.FAA.E.FD.....DBBB...CCC.. 1380 354,30,56,176,286,246,160,72
08 ...EF....EFGAA.EFGD.....DBBB...CCC.. 2996 117,30,119,234,566,768,606,388,168
09 ..F..H..F..H..FAAHE..G..EBBGCC.DD... 2452 312,118,376,385,349,318,284,194,76,40
08 ....F.D...FGDAA.FG..E.....EBBB..CCC. 3606 135,246,539,860,900,526,224,128,48
09 ....GI....GIAA..HIEF..H.EFBBCC....DD 2987 63,154,644,664,390,457,330,187,82,16
08 ....G.....G.AA..G.EF....EFBBCC...DD. 1410 27,66,117,234,338,300,196,100,32
09 ....GH....GHAA..GHEF....EFBBCC...DD. 3904 27,66,315,468,728,872,718,438,208,64
09 ....G.D..FGHDAAFGH..E.....EBBB..CCC. 9459 486,390,974,1725,2206,1874,1096,484,176,48
09 ...FH...EFHIAAEGHID..G..DBBB....CCC. 4176 324,144,375,621,719,626,467,372,344,184
10 ....HJ.F..HJ.FAAIJE..GI.EBBGCC....DD 5485 189,154,700,944,782,745,708,511,460,244,48
08 ...F....EF.GAAEF.GD.....DBBB...CCC.. 3066 1110,48,74,198,376,396,296,328,240
09 ....H..F..H..FAAH.E..G..EBBGCC...DD. 3028 81,66,141,306,522,602,500,430,292,88
10 ....HI.F..HI.FAAHIE..G..EBBGCC...DD. 7766 81,66,339,612,1016,1400,1438,1126,912,600,176
09 ...FG...EFGHAAEFGHD.....DBBB...CCC.. 5562 351,48,137,274,674,1052,1002,728,768,528
10 ....HJ..G.HJAAG.IJEF..I.EFBBCC....DD 4823 189,280,1036,788,494,559,502,439,384,136,16
09 ....H...G.H.AAG.H.EF....EFBBCC...DD. 2270 81,120,123,252,390,400,348,336,188,32
10 ....HI..G.HIAAG.HIEF....EFBBCC...DD. 6244 81,120,483,504,808,1044,1022,890,804,424,64
10 ..G..I.FG..I.FGAAJE..H.JEBBHCC.DD... 6420 2124,773,1601,517,401,351,232,169,148,80,24
11 ....IK..GHIKAAGHJKEF..J.EFBBCC....DD 9507 567,280,1092,1096,1026,1055,1114,1075,1090,808,272,32
10 ....I...GHI.AAGHI.EF....EFBBCC...DD. 5382 243,120,147,336,610,840,892,930,824,376,64
11 ....IJ..GHIJAAGHIJEF....EFBBCC...DD. 13614 243,120,507,660,1168,1732,2138,2178,2156,1800,784,128
07 .....G....FGAA..FG........BBCC..DDEE 1103 13,52,210,306,284,170,56,12
08 .....H..F.GHAAF.GH........BBCC..DDEE 2465 43,94,386,632,654,420,180,48,8
10 ....G.D...GHDAA.GH.EF....EFBBB..CCC. 8508 405,606,1049,1424,1448,1010,840,854,616,208,48
09 .....I..FGHIAAFGHI........BBCC..DDEE 6451 129,94,454,992,1446,1496,1144,548,132,16
10 ..G..J.FG..J.FHAAJE.HI..EBBICC....DD 5569 765,333,1059,1118,668,446,484,408,200,72,16
08 ..F..I..F.HIAAG.HI..G....BB.CC..DDEE 1099 18,30,122,238,288,230,122,43,8
09 ..F..J..FHIJAAGHIJ..G....BB.CC..DDEE 3097 54,30,138,334,560,722,688,413,136,22
08 ..F..H..F.GHAAF.GH.......BB.CC.DD.EE 1106 22,25,84,135,184,228,248,148,32
09 ..F..I..FGHIAAFGHI.......BB.CC.DD.EE 3148 66,25,88,161,282,488,734,762,442,100
08 ..FG....FGH.AAFGH........BBCC..DDEE. 951 219,14,15,42,110,221,242,80,8
09 .....H....GHAA..GH.F.....FBBCC..DDEE 2161 39,104,402,558,508,306,128,68,32,16
10 ..G..I.FG..I.FGAAIE..H..EBBHCC.DD... 5646 936,338,1036,915,601,474,396,350,328,192,80
10 .....I...GHIAA.GHI.F.....FBBCC..DDEE 4271 117,104,454,786,892,754,520,332,200,80,32
10 .....I..G.HIAAG.HI.F.....FBBCC..DDEE 4543 129,214,798,1144,1086,644,276,124,72,40,16
06 .....F.....FAA...F........BBCC..DDEE 405 9,36,108,120,92,32,8
11 ....H.D..GHIDAAGHI.EF....EFBBB..CCC. 19047 1458,966,1790,2487,2826,2358,1936,2062,1884,912,272,96
07 ....FH....FHAA..GH....G..BBCC...DDEE 488 4,16,72,105,102,111,57,21
06 ....F.....F.AA..F........BBCC..DDEE. 239 1,4,9,30,69,72,54
07 ....FG....FGAA..FG.......BBCC..DDEE. 674 1,4,21,42,105,195,180,126
09 ....GI....GI..AAHI...FH..BBFCC..DDEE 1204 12,16,88,185,234,255,239,131,42,2
08 ....G.....G...AAG....F...BBFCC.DDEE. 653 3,4,13,42,113,182,186,102,8
09 ....GH....GH..AAGH...F...BBFCC.DDEE. 1760 3,4,25,66,161,343,476,438,228,16
07 .....G..F..GAAF..G........BBCC..DDEE 999 31,70,228,302,234,102,28,4
11 .....J..GHIJAAGHIJ.F.....FBBCC..DDEE 9597 387,214,866,1504,1878,1720,1320,888,484,208,96,32
07 ..F..H..F..HAAG..H..G....BB.CC..DDEE 502 18,30,98,150,122,60,20,4
09 ..F..I..F..I..GAAI..GH...BBHCC..DDEE 1230 54,30,114,214,266,256,186,86,22,2
07 ..F..G..F..GAAF..G.......BB.CC.DD.EE 528 22,25,78,111,114,98,64,16
09 ..F..H..F..H..FAAH...G...BBGCC.DD.EE 1262 66,25,82,129,176,230,266,198,78,12
07 ..FG....FG..AAFG.........BBCC..DDEE. 461 219,14,9,24,62,93,36,4
08 .....G.....GAA...G.F.....FBBCC..DDEE 875 27,72,216,240,184,76,36,16,8
08 ....G.....G.AA..G..F.....FBBCC.DDEE. 443 3,8,15,50,115,122,98,16,16
09 ....GH....GHAA..GH.F.....FBBCC.DDEE. 1214 3,8,39,70,175,325,304,226,32,32
09 .....H...G.HAA.G.H.F.....FBBCC..DDEE 1637 81,72,252,348,328,224,156,120,40,16
10 ....HJ.F..HJ.FAAIJ...GI..BBGCC..DDEE 1746 36,32,152,263,306,329,283,173,106,46,20
09 ....H..F..H..FAAH....G...BBGCC.DDEE. 981 9,8,19,62,159,232,234,142,68,48
10 ....HI.F..HI.FAAHI...G...BBGCC.DDEE. 2544 9,8,43,94,231,473,600,546,308,136,96
09 .....H..G..HAAG..H.F.....FBBCC..DDEE 2141 93,158,492,610,454,198,72,40,16,8
09 ....H...G.H.AAG.H..F.....FBBCC.DDEE. 801 9,14,17,56,139,192,198,112,48,16
10 ....HI..G.HIAAG.HI.F.....FBBCC.DDEE. 2186 9,14,59,82,205,413,508,488,268,108,32
10 .....I..GH.IAAGH.I.F.....FBBCC..DDEE 4095 279,158,544,802,790,566,408,316,160,56,16
10 ....I...GHI.AAGHI..F.....FBBCC.DDEE. 2025 27,14,21,72,195,356,498,454,260,96,32
11 ....IJ..GHIJAAGHIJ.F.....FBBCC.DDEE. 5232 27,14,63,110,285,621,988,1244,1056,568,192,64
10 ..G..J.FG..J.FHAAJ..HI...BBICC..DDEE 2044 162,74,246,386,370,290,226,170,90,26,4
10 ..G..I.FG..I.FGAAI...H...BBHCC.DD.EE 2112 198,71,220,293,290,278,290,234,134,80,24
09 ....GI....GIAA..HIF...H.FBBCC...DDEE 1359 12,40,176,249,240,267,193,119,49,14
08 ....G.....G.AA..G.F.....FBBCC..DDEE. 721 3,10,21,70,161,180,156,84,36
09 ....GH....GHAA..GHF.....FBBCC..DDEE. 1978 3,10,51,98,245,459,454,374,200,84
10 ....HJ...GHJAA.GIJF...I.FBBCC...DDEE 3171 36,40,208,409,504,555,571,425,269,118,36
09 ....H....GH.AA.GH.F.....FBBCC..DDEE. 1871 9,10,29,94,249,402,442,348,184,104
10 ....HI...GHIAA.GHIF.....FBBCC..DDEE. 4896 9,10,59,146,357,755,1054,1054,800,420,232
10 ....HJ..G.HJAAG.IJF...I.FBBCC...DDEE 2281 36,64,256,325,328,361,338,280,189,76,28
09 ....H...G.H.AAG.H.F.....FBBCC..DDEE. 1223 9,16,23,76,185,250,264,220,108,72
10 ....HI..G.HIAAG.HIF.....FBBCC..DDEE. 3338 9,16,71,110,275,547,662,668,544,268,168
11 ....IK..GHIKAAGHJKF...J.FBBCC...DDEE 5639 108,64,288,501,672,789,916,876,699,462,200,64
10 ....I...GHI.AAGHI.F.....FBBCC..DDEE. 3439 27,16,31,104,285,526,714,720,524,316,176
11 ....IJ..GHIJAAGHIJF.....FBBCC..DDEE. 8932 27,16,79,162,411,903,1446,1792,1728,1232,736,400
10 ..G..J..G..J..HAAJF.HI..FBBICC..DDEE 2441 174,86,298,485,492,390,286,154,54,18,4
10 ..G..I..G..I..GAAIF..H..FBBHCC.DD.EE 2368 222,81,254,349,358,310,310,254,150,56,24
10 ....HJ....HJAA..IJFG..I.FGBBCC..DDEE 2749 36,88,368,483,456,497,381,247,127,50,16
09 ....H.....H.AA..H.FG....FGBBCC.DDEE. 1479 9,22,39,130,299,342,310,204,92,32
10 ....HI....HIAA..HIFG....FGBBCC.DDEE. 3942 9,22,105,182,455,853,858,734,464,196,64
11 ....IK.G..IK.GAAJKF..HJ.FBBHCC..DDEE 5049 108,88,400,643,720,785,759,589,479,294,144,40
10 ....I..G..I..GAAI.F..H..FBBHCC.DDEE. 3081 27,22,47,154,387,564,608,532,368,276,96
11 ....IJ.G..IJ.GAAIJF..H..FBBHCC.DDEE. 7752 27,22,113,230,567,1149,1458,1438,1192,788,576,192
11 ....IK..H.IKAAH.JKFG..J.FGBBCC..DDEE 4355 108,160,592,631,580,591,534,464,389,206,84,16
10 ....I...H.I.AAH.I.FG....FGBBCC.DDEE. 2269 27,40,41,136,323,412,426,392,264,176,32
11 ....IJ..H.IJAAH.IJFG....FGBBCC.DDEE. 6034 27,40,161,194,485,941,1070,1064,956,632,400,64
12 ....JL..HIJLAAHIKLFG..K.FGBBCC..DDEE 8573 324,160,624,807,924,1019,1112,1096,1047,812,448,168,32
11 ....J...HIJ.AAHIJ.FG....FGBBCC.DDEE. 5237 81,40,49,164,423,688,888,960,848,648,384,64
12 ....JK..HIJKAAHIJKFG....FGBBCC.DDEE. 13096 81,40,169,246,621,1297,1854,2212,2276,1932,1424,816,128
07 .....G....FGAA..FG........BBCC.DDEEE 524 4,16,66,118,150,114,44,12
08 .....H..F.GHAAF.GH........BBCC.DDEEE 1167 13,28,116,224,316,278,144,40,8
09 .....I..FGHIAAFGHI........BBCC.DDEEE 2973 39,28,136,332,580,718,640,364,120,16
08 ..F..I..F.HIAAG.HI..G....BB.CC.DDEEE 521 5,8,32,68,118,138,101,43,8
09 ..F..J..FHIJAAGHIJ..G....BB.CC.DDEEE 1415 15,8,36,92,190,296,345,277,134,22
09 .....H....GHAA..GH.F.....FBBCC.DDEEE 1016 12,32,126,218,274,202,88,40,16,8
10 .....I...GHIAA.GHI.F.....FBBCC.DDEEE 1944 36,32,142,290,418,410,288,168,96,48,16
10 .....I..G.HIAAG.HI.F.....FBBCC.DDEEE 2125 39,64,240,420,564,442,216,76,36,20,8
11 ..H..K.GH..K.GIAAKF.IJ..FBBJCC..DDEE 5111 522,226,718,1035,844,520,420,414,258,106,40,8
11 .....J..GHIJAAGHIJ.F.....FBBCC.DDEEE 4335 117,64,260,528,828,882,736,472,252,132,48,16
08 .....H....GHAA..GH......F.BBCCFDDEEE 1555 13,44,180,324,420,340,162,60,12
11 ..H..J.GH..J.GHAAJF..I..FBBICC.DD.EE 5374 666,235,716,909,780,510,410,378,318,268,136,48
09 .....I..G.HIAAG.HI......F.BBCCFDDEEE 2976 42,80,312,568,782,664,352,128,40,8
06 .....F.....FAA...F........BBCC.DDEEE 195 3,12,36,52,60,24,8
07 ....FH....FHAA..GH....G..BBCC..DDEEE 215 1,4,18,33,48,54,36,21
10 .....J..GHIJAAGHIJ......F.BBCCFDDEEE 6876 126,80,356,792,1306,1544,1364,836,360,96,16
09 ....GI....GI..AAHI...FH..BBFCC.DDEEE 525 3,4,22,53,88,118,118,81,36,2
07 .....G..F..GAAF..G........BBCC.DDEEE 478 10,22,72,116,148,82,24,4
07 ..F..H..F..HAAG..H..G....BB.CC.DDEEE 237 5,8,26,46,71,55,22,4
09 ..F..I..F..I..GAAI..GH...BBHCC.DDEEE 555 15,8,30,62,111,131,112,64,20,2
08 .....G.....GAA...G.F.....FBBCC.DDEEE 417 9,24,72,104,120,52,24,8,4
09 .....H...G.HAA.G.H.F.....FBBCC.DDEEE 747 27,24,84,140,180,128,80,48,28,8
10 ....HJ.F..HJ.FAAIJ...GI..BBGCC.DDEEE 753 9,8,38,79,124,154,144,105,58,22,12
09 .....H..G..HAAG..H.F.....FBBCC.DDEEE 1014 30,50,156,240,300,154,52,20,8,4
10 .....I....HIAA..HI.G....FGBBCCFDDEEE 3309 39,96,376,656,840,664,346,176,76,32,8
10 .....I..GH.IAAGH.I.F.....FBBCC.DDEEE 1846 90,50,172,300,420,330,220,132,88,36,8
11 .....J...HIJAA.HIJ.G....FGBBCCFDDEEE 5927 117,96,412,820,1176,1172,890,596,372,188,72,16
10 ..G..J.FG..J.FHAAJ..HI...BBICC.DDEEE 899 45,20,66,118,189,175,130,82,48,22,4
07 .....G.....GAA...G......F.BBCCFDDEEE 606 10,34,102,150,178,88,36,8
11 .....J..H.IJAAH.IJ.G....FGBBCCFDDEEE 6240 126,196,712,1208,1602,1248,640,276,132,64,28,8
09 ....GI....GIAA..HIF...H.FBBCC..DDEEE 596 3,10,44,79,114,128,99,70,35,14
10 ....HJ...GHJAA.GIJF...I.FBBCC..DDEEE 1370 9,10,52,119,194,256,267,212,145,70,36
08 .....H..G..HAAG..H......F.BBCCFDDEEE 1339 33,64,200,312,398,222,82,24,4
10 ....HJ..G.HJAAG.IJF...I.FBBCC..DDEEE 1003 9,16,64,107,153,165,159,141,113,48,28
12 .....K..HIJKAAHIJK.G....FGBBCCFDDEEE 11436 378,196,756,1432,2126,2128,1732,1224,780,440,164,64,16
11 ....IK..GHIKAAGHJKF...J.FBBCC..DDEEE 2441 27,16,72,151,253,335,405,405,351,238,124,64
10 ..G..J..G..J..HAAJF.HI..FBBICC.DDEEE 1075 48,23,79,145,236,232,164,94,42,8,4
09 .....H.....HAA...H.G....FGBBCCFDDEEE 1410 30,74,222,326,386,204,104,44,16,4
10 ....HJ....HJAA..IJFG..I.FGBBCC.DDEEE 1194 9,22,92,157,222,238,191,142,83,30,8
10 .....I...H.IAA.H.I.G....FGBBCCFDDEEE 2378 90,74,250,410,530,400,284,188,108,36,8
06 .....F....EFAA..EF........BBCC...DDD 796 14,56,222,258,166,68,12
11 ....IK.G..IK.GAAJKF..HJ.FBBHCC.DDEEE 2148 27,22,100,197,302,366,359,296,233,138,84,24
07 .....G..E.FGAAE.FG........BBCC...DDD 1751 45,96,388,516,416,214,68,8
10 .....I..H..IAAH..I.G....FGBBCCFDDEEE 3213 99,156,476,724,910,502,206,92,32,12,4
11 ....IK..H.IKAAH.JKFG..J.FGBBCC.DDEEE 1887 27,40,148,221,297,275,253,227,205,122,64,8
11 .....J..HI.JAAHI.J.G....FGBBCCFDDEEE 5331 297,156,512,848,1150,866,598,432,300,128,36,8
07 ..EG....EGH.AAFGH...F....BBCC..DDD.. 557 115,7,14,45,105,143,108,20
09 ..E..G..E..G..EAAH.....H.BBFCCDDDF.. 936 150,53,113,57,102,172,187,91,9,2
07 ..EF....EFH.AAEGH....G...BBCC.DDD... 513 115,29,13,33,76,121,106,20
12 ....JL..HIJLAAHIKLFG..K.FGBBCC.DDEEE 3633 81,40,156,265,397,445,499,503,487,388,236,120,16
08 .....G....FGAA..FG.E.....EBBCC...DDD 1588 42,112,426,462,290,132,60,48,16
09 .....H...FGHAA.FGH.E.....EBBCC...DDD 3096 126,112,482,702,634,444,268,184,112,32
09 .....H..F.GHAAF.GH.E.....EBBCC...DDD 3293 135,220,808,888,636,330,132,72,56,16
11 ..H..K.GH..K.GIAAKF.IJ..FBBJCC.DDEEE 2195 144,61,193,323,484,380,228,154,128,72,20,8
10 .....I..FGHIAAFGHI.E.....EBBCC...DDD 6843 405,220,876,1244,1344,1130,764,456,236,136,32
05 .....E.....EAA...E........BBCC...DDD 285 9,36,108,84,40,8
06 ....EG....EGAA..FG....F..BBCC....DDD 397 5,20,90,111,72,78,21
05 ....E.....E.AA..E........BBCC...DDD. 166 2,8,18,42,60,36
06 ....EF....EFAA..EF.......BBCC...DDD. 493 2,8,42,75,132,150,84
08 ....FH....FH..AAGH...EG..BBECC...DDD 959 15,20,110,211,216,190,153,42,2
07 ....F.....F...AAF....E...BBECC..DDD. 446 6,8,26,66,128,142,66,4
08 ....FG....FG..AAFG...E...BBECC..DDD. 1261 6,8,50,123,232,350,336,148,8
06 .....F..E..FAAE..F........BBCC...DDD 694 30,66,216,216,122,40,4
10 ..F..H.EF..H.EFAAI.....I.BBGCCDDDG.. 1668 450,155,317,101,118,184,191,97,31,20,4
06 ..EG....EG..AAFG....F....BBCC..DDD.. 261 115,7,8,29,47,45,10
12 ..E..G..E..G..EAAG.......BBFCCDDDF.. 855 63,21,63,51,25,15,27,75,171,212,110,18,4
06 ..EF....EF..AAEG.....G...BBCC.DDD... 261 115,29,7,19,38,43,10
07 .....F.....FAA...F.E.....EBBCC...DDD 627 27,72,216,168,80,32,24,8
07 ....F.....F.AA..F..E.....EBBCC..DDD. 318 6,16,30,70,100,64,16,16
08 ....FG....FGAA..FG.E.....EBBCC..DDD. 907 6,16,78,125,220,250,148,32,32
08 .....G...F.GAA.F.G.E.....EBBCC...DDD 1165 81,72,252,276,196,112,104,56,16
09 ....GI.E..GI.EAAHI...FH..BBFCC...DDD 1405 45,40,190,289,264,242,175,78,62,20
08 ....G..E..G..EAAG....F...BBFCC..DDD. 694 18,16,38,94,168,170,94,56,40
09 ....GH.E..GH.EAAGH...F...BBFCC..DDD. 1859 18,16,86,173,320,450,400,204,112,80
08 .....G..F..GAAF..G.E.....EBBCC...DDD 1514 90,150,468,420,222,96,36,24,8
08 ....G...F.G.AAF.G..E.....EBBCC..DDD. 574 18,28,34,82,136,132,80,48,16
09 ....GH..F.GHAAF.GH.E.....EBBCC..DDD. 1617 18,28,118,149,274,368,330,192,108,32
09 .....H..FG.HAAFG.H.E.....EBBCC...DDD 2870 270,150,516,600,498,332,244,164,80,16
09 ....H...FGH.AAFGH..E.....EBBCC..DDD. 1418 54,28,42,114,228,328,316,192,84,32
10 ....HI..FGHIAAFGHI.E.....EBBCC..DDD. 3757 54,28,126,205,422,676,846,744,424,168,64
13 ..F..H.EF..H.EFAAH.......BBGCCDDDG.. 1455 189,63,189,153,75,49,39,75,171,220,122,62,40,8
08 ....FH....FHAA..GHE...G.EBBCC....DDD 1107 15,50,220,261,168,192,124,63,14
07 ....F.....F.AA..F.E.....EBBCC...DDD. 516 6,20,42,98,140,120,66,24
08 ....FG....FGAA..FGE.....EBBCC...DDD. 1481 6,20,102,175,308,362,294,158,56
09 ....GI...FGIAA.FHIE...H.EBBCC....DDD 2525 45,50,260,461,456,416,406,249,146,36
10 ..F..H..F..H..FAAIE....IEBBGCCDDDG.. 1870 522,181,373,125,138,176,193,113,31,16,2
08 ....G....FG.AA.FG.E.....EBBCC...DDD. 1316 18,20,58,146,276,338,252,144,64
09 ....GH...FGHAA.FGHE.....EBBCC...DDD. 3589 18,20,118,271,508,762,822,594,332,144
09 ....GI..F.GIAAF.HIE...H.EBBCC....DDD 1825 45,80,320,329,243,261,228,167,124,28
08 ....G...F.G.AAF.G.E.....EBBCC...DDD. 872 18,32,46,110,176,188,146,108,48
09 ....GH..F.GHAAF.GHE.....EBBCC...DDD. 2471 18,32,142,199,362,480,484,374,268,112
10 ....HJ..FGHJAAFGIJE...I.EBBCC....DDD 4391 135,80,360,549,631,635,666,559,428,284,64
09 ....H...FGH.AAFGH.E.....EBBCC...DDD. 2396 54,32,62,166,336,496,490,376,272,112
10 ....HI..FGHIAAFGHIE.....EBBCC...DDD. 6439 54,32,158,303,610,988,1276,1206,916,640,256
09 ..F..I..F..I..GAAIE.GH..EBBHCC...DDD 1592 150,71,243,304,297,257,166,70,30,4
13 ..F..H..F..H..FAAHE.....EBBGCCDDDG.. 1635 219,73,219,185,103,47,47,87,179,224,154,62,32,4
09 ....GI....GIAA..HIEF..H.EFBBCC...DDD 2271 45,110,460,495,312,358,260,149,66,16
08 ....G.....G.AA..G.EF....EFBBCC..DDD. 1098 18,44,78,182,260,240,160,84,32
09 ....GH....GHAA..GHEF....EFBBCC..DDD. 3023 18,44,210,325,572,674,578,362,176,64
10 ....HJ.F..HJ.FAAIJE..GI.EBBGCC...DDD 4085 135,110,500,695,600,582,542,383,322,176,40
09 ....H..F..H..FAAH.E..G..EBBGCC..DDD. 2258 54,44,94,230,396,458,382,296,224,80
10 ....HI.F..HI.FAAHIE..G..EBBGCC..DDD. 5827 54,44,226,421,772,1074,1106,870,636,464,160
10 ....HJ..G.HJAAG.IJEF..I.EFBBCC...DDD 3561 135,200,740,599,387,427,370,295,272,120,16
09 ....H...G.H.AAG.H.EF....EFBBCC..DDD. 1690 54,80,82,194,296,308,256,232,156,32
10 ....HI..G.HIAAG.HIEF....EFBBCC..DDD. 4605 54,80,322,349,626,792,776,638,552,352,64
11 ..G..I.FG..I.FGAAJE....JEBBHCCDDDH.. 4464 1566,535,1081,285,214,234,205,131,97,78,34,4
07 .....G....FGAA..FG........BBCC.DDDEE 524 4,16,66,118,150,114,44,12
11 ....IK..GHIKAAGHJKEF..J.EFBBCC...DDD 6851 405,200,780,819,775,801,808,735,716,572,208,32
08 .....H..F.GHAAF.GH........BBCC.DDDEE 1117 13,28,116,224,304,252,132,40,8
10 ....I...GHI.AAGHI.EF....EFBBCC..DDD. 3830 162,80,98,250,456,616,636,604,560,304,64
09 .....I..FGHIAAFGHI........BBCC.DDDEE 2935 39,28,136,332,568,692,636,372,116,16
08 ..F..I..F.HIAAG.HI..G....BB.CC.DDDEE 431 5,8,32,68,103,101,71,35,8
11 ....IJ..GHIJAAGHIJEF....EFBBCC..DDD. 9733 162,80,338,453,874,1300,1568,1542,1408,1240,640,128
09 ..F..J..FHIJAAGHIJ..G....BB.CC.DDDEE 1213 15,8,36,92,175,251,283,223,108,22
09 .....H....GHAA..GH.F.....FBBCC.DDDEE 1016 12,32,126,218,274,202,88,40,16,8
10 .....I...GHIAA.GHI.F.....FBBCC.DDDEE 2016 36,32,142,290,418,418,312,192,112,48,16
10 .....I..G.HIAAG.HI.F.....FBBCC.DDDEE 2035 39,64,240,420,540,396,196,76,36,20,8
11 .....J..GHIJAAGHIJ.F.....FBBCC.DDDEE 4305 117,64,260,528,804,836,724,504,280,124,48,16
10 ..G..J.FG..J.FHAAJE.HI..EBBICC...DDD 3386 450,189,597,624,475,369,294,190,126,64,8
08 .....H....GHAA..GH......F.BBCCFDDDEE 1555 13,44,180,324,420,340,162,60,12
14 ..G..I.FG..I.FGAAIE.....EBBHCCDDDH.. 3819 657,219,657,555,309,193,99,87,179,248,190,194,156,68,8
09 .....I..G.HIAAG.HI......F.BBCCFDDDEE 2856 42,80,312,568,752,602,324,128,40,8
06 .....F.....FAA...F........BBCC.DDDEE 195 3,12,36,52,60,24,8
07 ....FH....FHAA..GH....G..BBCC..DDDEE 215 1,4,18,33,48,54,36,21
09 ....GI....GI..AAHI...FH..BBFCC.DDDEE 537 3,4,22,53,88,118,122,87,38,2
10 .....J..GHIJAAGHIJ......F.BBCCFDDDEE 6816 126,80,356,792,1276,1486,1372,868,348,96,16
07 .....G..F..GAAF..G........BBCC.DDDEE 458 10,22,72,116,136,74,24,4
07 ..F..H..F..HAAG..H..G....BB.CC.DDDEE 197 5,8,26,46,56,36,16,4
09 ..F..I..F..I..GAAI..GH...BBHCC.DDDEE 479 15,8,30,62,96,104,90,54,18,2
08 .....G.....GAA...G.F.....FBBCC.DDDEE 417 9,24,72,104,120,52,24,8,4
09 .....H...G.HAA.G.H.F.....FBBCC.DDDEE 779 27,24,84,140,180,136,88,64,28,8
10 ....HJ.F..HJ.FAAIJ...GI..BBGCC.DDDEE 773 9,8,38,79,124,154,148,111,64,26,12
09 .....H..G..HAAG..H.F.....FBBCC.DDDEE 974 30,50,156,240,276,138,52,20,8,4
10 .....I....HIAA..HI.G....FGBBCCFDDDEE 3309 39,96,376,656,840,664,346,176,76,32,8
10 .....I..GH.IAAGH.I.F.....FBBCC.DDDEE 1850 90,50,172,300,396,314,228,160,96,36,8
11 .....J...HIJAA.HIJ.G....FGBBCCFDDDEE 6155 117,96,412,820,1176,1192,958,680,428,188,72,16
10 ..G..J.FG..J.FHAAJ..HI...BBICC.DDDEE 787 45,20,66,118,156,130,104,80,46,18,4
07 .....G.....GAA...G......F.BBCCFDDDEE 606 10,34,102,150,178,88,36,8
09 ....GI....GIAA..HIF...H.FBBCC..DDDEE 596 3,10,44,79,114,128,99,70,35,14
11 .....J..H.IJAAH.IJ.G....FGBBCCFDDDEE 6000 126,196,712,1208,1536,1126,588,276,132,64,28,8
10 ....HJ...GHJAA.GIJF...I.FBBCC..DDDEE 1404 9,10,52,119,194,256,275,226,153,74,36
08 .....H..G..HAAG..H......F.BBCCFDDDEE 1289 33,64,200,312,368,202,82,24,4
10 ....HJ..G.HJAAG.IJF...I.FBBCC..DDDEE 968 9,16,64,107,153,165,154,131,93,48,28
12 .....K..HIJKAAHIJK.G....FGBBCCFDDDEE 11424 378,196,756,1432,2060,2010,1716,1336,880,416,164,64,16
11 ....IK..GHIKAAGHJKF...J.FBBCC..DDDEE 2412 27,16,72,151,253,335,408,403,333,222,128,64
10 ..G..J..G..J..HAAJF.HI..FBBICC.DDDEE 935 48,23,79,145,197,175,134,84,36,10,4
09 .....H.....HAA...H.G....FGBBCCFDDDEE 1410 30,74,222,326,386,204,104,44,16,4
10 ....HJ....HJAA..IJFG..I.FGBBCC.DDDEE 1194 9,22,92,157,222,238,191,142,83,30,8
10 .....I...H.IAA.H.I.G....FGBBCCFDDDEE 2482 90,74,250,410,530,420,312,244,108,36,8
11 ....IK.G..IK.GAAJKF..HJ.FBBHCC.DDDEE 2210 27,22,100,197,302,366,367,310,253,154,88,24
10 .....I..H..IAAH..I.G....FGBBCCFDDDEE 3103 99,156,476,724,844,458,206,92,32,12,4
11 ....IK..H.IKAAH.JKFG..J.FGBBCC.DDDEE 1822 27,40,148,221,297,275,248,217,175,102,64,8
11 .....J..HI.JAAHI.J.G....FGBBCCFDDDEE 5381 297,156,512,848,1084,826,626,528,332,128,36,8
12 ....JL..HIJLAAHIKLFG..K.FGBBCC.DDDEE 3602 81,40,156,265,397,445,502,501,471,364,244,120,16
11 ..H..K.GH..K.GIAAKF.IJ..FBBJCC.DDDEE 1951 144,61,193,323,391,269,186,168,122,62,24,8
04 ....C.....CDAA..CD...BB............. 228 9,36,105,69,9
05 ....D....CDEAA.CDE...BB............. 838 39,96,310,284,98,11
06 ....E....CEFAA.CEF...DBB...D........ 794 42,60,229,303,141,17,2
04 ...C.....C.DAA.C.D..BB.............. 188 38,32,68,42,8
07 ....D.....DE..AADE...CBB...C.....C.. 474 27,24,106,174,104,30,8,1
05 ....D...C.DEAAC.DE...BB............. 676 33,96,265,200,67,15
06 ....E...CDEFAACDEF...BB............. 2574 147,261,792,808,413,132,21
07 ....F...CDFGAACDFG...EBB...E........ 2514 162,165,587,846,540,173,37,4
05 ...D....CD.EAACD.E..BB.............. 670 160,97,199,153,55,6
08 ....E.....EF..AAEF..CDBB..CD.....D.. 1530 105,69,280,492,364,145,58,16,1
06 ....E...C.EFAAC.EF..DBB...D......... 520 30,66,170,153,75,23,3
07 ....F...CEFGAACEFG..DBB...D......... 2056 138,183,512,602,405,170,41,5
08 ....G...CEGHAACEGH..DFBB..DF........ 2072 156,117,378,611,516,223,57,13,1
08 ....F...CEFGAACEFG..DEBB..D......... 1284 102,51,184,358,338,156,64,27,4
04 ..C.....C..DAAC..D.BB............... 188 38,62,63,21,4
07 ....D.....DE.AA.DE..CBB...C.....C... 256 18,27,54,57,45,30,19,6
05 ..C.....CD.EAACD.E.BB............... 670 160,162,190,109,43,6
08 ....E....DEF.AADEF..CBB...C.....C... 1058 84,78,172,230,218,144,88,38,6
09 ....F....DFG.AADFG..CEBB..CE....C... 1102 96,51,130,235,269,174,90,44,12,1
05 ..CD....CD.EAACD.E.BB............... 362 107,38,68,79,54,16
04 .....D.....DAA...E.....E.BBCCC...... 34 2,8,16,4,4
05 .....E....DEAA..DE.......BBCCC...... 81 1,4,18,26,20,12
05 .....E...D.EAA.D.F.....F.BBCCC...... 70 6,8,24,20,8,4
06 .....F...DEFAA.DEF.......BBCCC...... 179 3,4,22,46,52,36,16
09 ....E....DEF.AADEF..CDBB..C.....C... 696 63,24,70,147,176,109,48,35,20,4
06 .....E.....EAA...FD....FDBBCCC...... 94 6,20,40,10,10,6,2
07 .....F....EFAA..EFD.....DBBCCC...... 235 3,10,44,62,48,40,20,8
07 .....F...E.FAA.E.GD....GDBBCCC...... 178 18,20,56,42,18,14,6,4
08 .....G...EFGAA.EFGD.....DBBCCC...... 481 9,10,52,102,112,88,60,32,16
07 .....F..E..FAAE..GD....GDBBCCC...... 198 18,32,68,24,26,24,2,4
08 .....G..E.FGAAE.FGD.....DBBCCC...... 465 9,16,64,84,92,92,76,16,16
08 .....G..EF.GAAEF.HD....HDBBCCC...... 362 54,32,84,64,50,40,22,8,8
09 .....H..EFGHAAEFGHD.....DBBCCC...... 963 27,16,72,128,176,180,180,104,48,32
06 ...D.....DEGAA.DEG.CBBF..C..F....... 1858 229,152,466,605,328,74,4
08 ....E..C..EF.CAAEF...DBB...D.....D.. 1114 87,60,238,360,214,92,46,14,3
06 .....F....EFAA..EF.......BBCCC....DD 394 4,16,72,116,106,68,12
07 .....G...EFGAA.EFG.......BBCCC....DD 870 12,16,88,196,246,196,100,16
04 .....D.....DAA...D.......BBCCC...... 33 1,4,12,8,8
05 .....E....DEAA..DF.....F.BBCCC...... 82 2,8,28,28,10,6
05 .....E...D.EAA.D.E.......BBCCC...... 67 3,4,16,20,16,8
06 .....F...DEFAA.DEG.....G.BBCCC...... 182 6,8,36,60,46,18,8
06 .....E.....EAA...ED.....DBBCCC...... 99 3,10,30,20,20,12,4
07 .....F....EFAA..EGD....GDBBCCC...... 218 6,20,68,66,24,20,10,4
07 .....F...E.FAA.E.FD.....DBBCCC...... 185 9,10,38,44,36,28,12,8
08 .....G...EFGAA.EFHD....HDBBCCC...... 446 18,20,84,130,96,44,30,16,8
07 .....F..E..FAAE..FD.....DBBCCC...... 225 9,16,50,38,52,48,4,8
08 .....G..E.FGAAE.FHD....HDBBCCC...... 390 18,32,96,88,56,46,38,8,8
08 .....G..EF.GAAEF.GD.....DBBCCC...... 403 27,16,58,66,80,80,44,16,16
09 .....H..EFGHAAEFGID....IDBBCCC...... 810 54,32,112,160,160,110,90,52,24,16
08 .....G....FGAA..FGE.....EBBCCC....DD 1128 12,40,176,278,254,202,110,48,8
09 .....H...FGHAA.FGHE.....EBBCCC....DD 2304 36,40,208,438,534,458,314,172,88,16
05 .....E.....EAA...E.......BBCCC....DD 160 4,16,48,44,40,8
09 .....H..F.GHAAF.GHE.....EBBCCC....DD 2148 36,64,256,384,432,418,338,132,72,16
06 .....F...E.FAA.E.F.......BBCCC....DD 324 12,16,64,92,84,48,8
07 ...E....DEFHAADEFH.CBBG..C..G....... 6182 941,470,1296,1793,1226,402,52,2
10 .....I..FGHIAAFGHIE.....EBBCCC....DD 4440 108,64,288,560,792,838,798,528,272,160,32
09 ....F..C..FG.CAAFG..DEBB..DE.....E.. 3586 333,177,631,1014,740,357,207,98,26,3
07 .....F.....FAA...FE.....EBBCCC....DD 474 12,40,120,110,100,62,26,4
08 .....G...F.GAA.F.GE.....EBBCCC....DD 882 36,40,152,206,188,142,70,40,8
08 .....G..F..GAAF..GE.....EBBCCC....DD 1042 36,64,200,200,230,210,62,32,8
09 .....H..FG.HAAFG.HE.....EBBCCC....DD 1854 108,64,232,312,366,358,226,100,72,16
09 ....G...DFGHAADFGH.CEFBB.CE......... 2996 318,135,417,734,682,347,194,122,41,6
06 ..D.....D.EGAAD.EG.CBBF..C..F....... 1440 220,317,421,284,153,43,2
08 ....E.....EF.AA.EF.CDBB..CD.....D... 680 60,81,135,120,93,76,62,41,12
07 ..D.....DEFHAADEFH.CBBG..C..G....... 5280 920,828,1211,1099,813,344,63,2
09 ....F....EFG.AAEFG.CDBB..CD.....D... 2650 270,228,419,478,442,323,244,172,66,8
07 .....G....FGAA..FG.......BBCCC..DDEE 453 3,12,54,102,124,102,44,12
08 .....H...FGHAA.FGH.......BBCCC..DDEE 999 9,12,66,162,244,250,172,68,16
10 ....G....EGH.AAEGH.CDFBB.CDF....D... 2630 300,147,308,482,541,367,226,164,78,16,1
07 ..DE....DEFHAADEFH.CBBG..C..G....... 2980 610,194,387,622,672,390,103,2
10 ....F....EFG.AAEFG.CDEBB.CD.....D... 1620 195,66,161,300,352,221,112,100,75,32,6
06 .....F.....FAA...F.......BBCCC..DDEE 183 3,12,36,48,52,24,8
07 .....G...F.GAA.F.G.......BBCCC..DDEE 369 9,12,48,84,100,76,32,8
09 .....H....GHAA..GHF.....FBBCCC..DDEE 1269 9,30,132,246,298,266,162,86,32,8
10 .....I...GHIAA.GHIF.....FBBCCC..DDEE 2583 27,30,156,366,538,562,434,258,140,56,16
10 .....I..G.HIAAG.HIF.....FBBCCC..DDEE 2355 27,48,192,348,468,480,402,226,108,40,16
11 .....J..GHIJAAGHIJF.....FBBCCC..DDEE 4845 81,48,216,480,768,912,914,686,396,216,96,32
08 .....G.....GAA...GF.....FBBCCC..DDEE 531 9,30,90,120,130,84,46,18,4
09 .....H...G.HAA.G.HF.....FBBCCC..DDEE 981 27,30,114,192,226,188,110,62,24,8
09 .....H..G..HAAG..HF.....FBBCCC..DDEE 1141 27,48,150,210,264,234,126,58,16,8
10 .....I..GH.IAAGH.IF.....FBBCCC..DDEE 2007 81,48,174,294,396,402,302,166,88,40,16
09 ....F..C..FG.CAAFG.D.EBB.D.E.....E.. 652 66,36,132,186,110,62,38,15,6,1
10 ....G..C..GH.CAAGH.DEFBB.DEF.....F.. 2092 246,108,351,522,376,212,149,86,33,8,1
07 .....G....FGAA..FG.......BBCCC.DDEEE 221 1,4,18,38,58,58,32,12
08 .....H...FGHAA.FGH.......BBCCC.DDEEE 487 3,4,22,58,102,126,104,52,16
06 .....F.....FAA...F.......BBCCC.DDEEE 89 1,4,12,20,28,16,8
07 .....G...F.GAA.F.G.......BBCCC.DDEEE 179 3,4,16,32,48,44,24,8
09 .....H....GHAA..GHF.....FBBCCC.DDEEE 611 3,10,44,92,140,144,92,54,24,8
10 .....I...GHIAA.GHIF.....FBBCCC.DDEEE 1241 9,10,52,132,228,280,240,150,84,40,16
10 .....I..G.HIAAG.HIF.....FBBCCC.DDEEE 1137 9,16,64,132,212,238,208,150,68,24,16
08 .....G.....GAA...GF.....FBBCCC.DDEEE 255 3,10,30,50,70,46,28,14,4
11 .....J..GHIJAAGHIJF.....FBBCCC.DDEEE 2331 27,16,72,176,320,422,452,386,244,120,64,32
09 .....H...G.HAA.G.HF.....FBBCCC.DDEEE 469 9,10,38,74,110,102,64,38,16,8
09 .....H..G..HAAG..HF.....FBBCCC.DDEEE 549 9,16,50,86,130,116,84,42,8,8
10 .....I..GH.IAAGH.IF.....FBBCCC.DDEEE 959 27,16,58,114,182,196,168,110,48,24,16
09 ....F..C..FG.CAAFG.DEBB..DE.....E... 456 48,60,85,63,48,46,43,40,20,3
10 ....G..C..GH.CAAGH.DEFBB.DEF....E... 1668 204,162,255,248,224,179,156,144,78,17,1
11 ....G..C..GH.CAAGH.DEFBB.DEF....EF.. 936 138,42,91,153,176,112,64,65,55,30,9,1
05 .....E.....EAA...E.......BBCCC...DDD 127 3,12,36,36,32,8
06 .....F...E.FAA.E.F.......BBCCC...DDD 257 9,12,48,72,68,40,8
06 .....F....EFAA..EF.......BBCCC...DDD 313 3,12,54,90,86,56,12
07 .....G...EFGAA.EFG.......BBCCC...DDD 691 9,12,66,150,194,160,84,16
07 .....F.....FAA...FE.....EBBCCC...DDD 375 9,30,90,90,80,50,22,4
08 .....G...F.GAA.F.GE.....EBBCCC...DDD 697 27,30,114,162,152,114,58,32,8
08 .....G..F..GAAF..GE.....EBBCCC...DDD 797 27,48,150,162,170,150,58,24,8
08 .....G....FGAA..FGE.....EBBCCC...DDD 893 9,30,132,216,206,162,90,40,8
09 .....H..FG.HAAFG.HE.....EBBCCC...DDD 1415 81,48,174,246,278,262,170,84,56,16
09 .....H...FGHAA.FGHE.....EBBCCC...DDD 1823 27,30,156,336,422,370,254,140,72,16
09 .....H..F.GHAAF.GHE.....EBBCCC...DDD 1635 27,48,192,300,332,310,238,116,56,16
10 .....I..FGHIAAFGHIE.....EBBCCC...DDD 3381 81,48,216,432,608,638,574,400,224,128,32
06 .....F.....FAA...F.......BBCCC.DDDEE 89 1,4,12,20,28,16,8
07 .....G...F.GAA.F.G.......BBCCC.DDDEE 179 3,4,16,32,48,44,24,8
08 .....G.....GAA...GF.....FBBCCC.DDDEE 255 3,10,30,50,70,46,28,14,4
09 .....H...G.HAA.G.HF.....FBBCCC.DDDEE 469 9,10,38,74,110,102,64,38,16,8
09 .....H..G..HAAG..HF.....FBBCCC.DDDEE 529 9,16,50,86,130,108,72,42,8,8
07 .....G....FGAA..FG.......BBCCC.DDDEE 221 1,4,18,38,58,58,32,12
08 .....H...FGHAA.FGH.......BBCCC.DDDEE 487 3,4,22,58,102,126,104,52,16
10 .....I..GH.IAAGH.IF.....FBBCCC.DDDEE 923 27,16,58,114,182,188,152,98,48,24,16
09 .....H....GHAA..GHF.....FBBCCC.DDDEE 611 3,10,44,92,140,144,92,54,24,8
10 .....I...GHIAA.GHIF.....FBBCCC.DDDEE 1241 9,10,52,132,228,280,240,150,84,40,16
10 .....I..G.HIAAG.HIF.....FBBCCC.DDDEE 1089 9,16,64,132,212,230,192,126,68,24,16
11 .....J..GHIJAAGHIJF.....FBBCCC.DDDEE 2235 27,16,72,176,320,414,432,342,220,120,64,32
03 .....C.....CAA...C.........BBB...... 59 3,12,36,8
04 .....D....CDAA..CE.....E...BBB...... 300 14,56,148,76,6
03 ....C.....C.AA..D.....D...BBB....... 50 4,16,24,6
04 ....CE....CEAA..DE....D...BBB....... 182 4,16,72,75,15
03 ....C.....C.AA..C.........BBB....... 40 2,8,18,12
04 ....CD....CDAA..CD........BBB....... 142 2,8,42,60,30
04 .....D...C.DAA.C.D.........BBB...... 155 11,20,72,44,8
05 .....E...CDEAA.CDF.....F...BBB...... 880 54,104,324,284,106,8
04 ....D....CD.AA.CE.....E...BBB....... 158 16,32,64,38,8
05 ....DF...CDFAA.CEF....E...BBB....... 570 16,32,160,227,115,20
04 ....D....CD.AA.CD.........BBB....... 120 8,16,44,36,16
05 ....DE...CDEAA.CDE........BBB....... 428 8,16,92,162,110,40
03 ...C.....C..AA.D.....D...BBB........ 31 9,8,8,6
04 ...C.E...C.EAA.D.E...D...BBB........ 92 8,8,32,28,16
04 ...CE....CE.AA.DE....D...BBB........ 81 7,8,26,26,14
05 ...CEF...CEFAA.DEF...D...BBB........ 295 7,8,50,104,88,38
03 ...C.....C..AA.C.........BBB........ 32 10,4,6,12
04 ...C.D...C.DAA.C.D.......BBB........ 88 8,4,18,26,32
04 ...CD....CD.AA.CD........BBB........ 75 6,4,15,22,28
05 ...CDE...CDEAA.CDE.......BBB........ 266 6,4,27,67,86,76
05 .....D.....D.AA..D..C.....CBBB...... 137 9,18,60,30,12,8
06 .....E....DE.AA.DF..C..F..CBBB...... 596 42,84,232,158,60,12,8
05 ....D.....D..AA.E...C.E...CBBB...... 100 12,24,32,22,6,4
05 ....D.....D..AA.D...C.....CBBB...... 84 6,12,22,24,12,8
06 ....DE....DE.AA.DE..C.....CBBB...... 274 6,12,58,84,70,28,16
06 .....E...D.E.AAD.E..C.....CBBB...... 353 33,30,112,90,56,24,8
07 .....F...DEF.AADEG..C..G..CBBB...... 1796 162,156,480,486,352,124,28,8
06 ....E....DE..AADF...C.F...CBBB...... 328 48,48,80,86,46,16,4
06 ....E....DE..AADE...C.....CBBB...... 260 24,24,52,68,52,32,8
07 ....EF...DEF.AADEF..C.....CBBB...... 860 24,24,124,218,234,148,72,16
05 ...D.....D...AAE....CE....CBBB...... 77 29,12,12,14,8,2
05 ...D.....D...AAD....C.....CBBB...... 86 34,6,8,18,16,4
06 ...D.E...D.E.AAD.E..C.....CBBB...... 200 24,6,26,38,58,40,8
06 ...DE....DE..AADE...C.....CBBB...... 169 18,6,17,34,50,36,8
07 ...DEF...DEF.AADEF..C.....CBBB...... 558 18,6,35,85,144,162,92,16
03 ..C.....C...AAD.....D...BBB......... 31 9,15,4,3
08 ..C.....C...AAD..E..D..EBBB..E...... 59 3,3,9,2,4,18,8,6,6
10 ..C.....C.EFAAD.EF..D..GBBB..G...... 138 6,6,12,1,2,9,16,11,16,29,30
04 ..C.....CE..AADE....D...BBB......... 77 29,17,12,11,8
09 ..C.....CE..AADE.F..D..FBBB..F...... 139 11,5,15,2,4,18,24,22,22,16
11 ..C.....CEFGAADEFG..D..HBBB..H...... 430 22,10,20,1,2,9,24,35,40,73,110,84
03 ..C.....C...AAC.........BBB......... 32 10,13,3,6
08 ..C.....C...AAC..D.....DBBB..D...... 74 6,6,18,4,4,6,6,12,12
10 ..C.....C.DEAAC.DE.....FBBB..F...... 226 12,12,24,2,2,3,9,12,32,58,60
04 ..C.....CD..AACD........BBB......... 86 34,17,7,12,16
09 ..C.....CD..AACD.E.....EBBB..E...... 190 22,10,30,4,4,6,14,24,44,32
11 ..C.....CDEFAACDEF.....GBBB..G...... 744 44,20,40,2,2,3,13,26,60,146,220,168
05 ....D.....D.AA..E..C..E..CBBB....... 106 12,32,40,10,4,8
06 ....DF....DFAA..EF.C..E..CBBB....... 366 12,32,136,125,27,14,20
05 ....D.....D.AA..D..C.....CBBB....... 96 6,16,30,20,8,16
06 ....DE....DEAA..DE.C.....CBBB....... 322 6,16,78,100,54,28,40
06 ....E....DE.AA.DF..C..F..CBBB....... 286 48,64,96,42,12,8,16
07 ....EG...DEGAA.DFG.C..F..CBBB....... 954 48,64,288,325,127,34,28,40
06 ....E....DE.AA.DE..C.....CBBB....... 240 24,32,68,44,24,16,32
07 ....EF...DEFAA.DEF.C.....CBBB....... 796 24,32,164,238,134,68,56,80
03 .....C.....CAA...D.....D...BBB...... 82 6,24,48,4
04 .....D....CDAA..CD.........BBB...... 211 7,28,102,62,12
04 .....D...C.DAA.C.E.....E...BBB...... 222 22,40,104,52,4
05 .....E...CDEAA.CDE.........BBB...... 607 27,52,214,206,92,16
04 ...C.....CE.AA.DE....D...BBB........ 121 23,24,36,26,12
05 ...C.F...CEFAA.DEF...D...BBB........ 402 22,24,108,132,84,32
04 ...C.....CD.AA.CD........BBB........ 114 22,12,24,32,24
05 ...C.E...CDEAA.CDE.......BBB........ 364 20,12,60,100,108,64
07 ....E.....E..AA.F..CD.F..CDBBB...... 212 36,56,48,26,10,12,20,4
05 .....D.....D.AA..E..C..E..CBBB...... 178 18,36,84,30,6,4
08 ....EG....EG.AA.FG.CD.F..CDBBB...... 662 36,56,216,165,77,28,32,44,8
06 .....E....DE.AA.DE..C.....CBBB...... 441 21,42,158,120,60,24,16
07 ....E.....E..AA.E..CD....CDBBB...... 204 18,28,34,32,20,24,40,8
08 ....EF....EF.AA.EF.CD....CDBBB...... 606 18,28,118,124,94,56,64,88,16
06 .....E...D.E.AAD.F..C..F..CBBB...... 482 66,60,164,118,58,12,4
07 .....F...DEF.AADEF..C.....CBBB...... 1285 81,78,318,336,272,128,56,16
08 ....F....EF..AAEG..CD.G..CDBBB...... 608 144,112,112,90,50,24,40,28,8
06 ...D.....DF..AAEF...CE....CBBB...... 275 71,36,48,58,40,18,4
09 ....FH...EFH.AAEGH.CD.G..CDBBB...... 1826 144,112,448,421,305,148,68,100,64,16
08 ....F....EF..AAEF..CD....CDBBB...... 540 72,56,76,76,60,48,80,56,16
09 ....FG...EFG.AAEFG.CD....CDBBB...... 1596 72,56,244,294,258,176,136,200,128,32
06 ...D.....DE..AADE...C.....CBBB...... 276 70,18,30,54,60,36,8
07 ...D.F...DEF.AADEF..C.....CBBB...... 788 60,18,84,140,202,180,88,16
09 ..C.....C..EAAD..E..D..FBBB..F...... 58 6,6,12,1,2,9,4,3,6,9
04 ..C.....C.E.AAD.E...D...BBB......... 61 9,15,16,11,10
09 ..C.....C.E.AAD.EF..D..FBBB..F...... 139 3,3,9,2,4,18,32,22,26,20
10 ..C.....CE.FAADE.F..D..GBBB..G...... 150 22,10,20,1,2,9,12,11,14,25,24
05 ..C.....CEF.AADEF...D...BBB......... 167 29,17,24,35,34,28
10 ..C.....CEF.AADEFG..D..GBBB..G...... 395 11,5,15,2,4,18,48,70,74,92,56
09 ..C.....C..DAAC..D.....EBBB..E...... 94 12,12,24,2,2,3,3,6,12,18
04 ..C.....C.D.AAC.D.......BBB......... 64 10,13,9,12,20
09 ..C.....C.D.AAC.DE.....EBBB..E...... 178 6,6,18,4,4,6,18,24,52,40
10 ..C.....CD.EAACD.E.....FBBB..F...... 256 44,20,40,2,2,3,7,12,28,50,48
05 ..C.....CDE.AACDE.......BBB......... 194 34,17,13,26,48,56
10 ..C.....CDE.AACDEF.....FBBB..F...... 558 22,10,30,4,4,6,26,52,108,184,112
05 ...D.....D..AA.E..C..E..CBBB........ 93 33,20,16,12,6,6
06 ...D.F...D.FAA.E.FC..E..CBBB........ 252 28,20,76,56,36,20,16
06 ...DF....DF.AA.EF.C..E..CBBB........ 213 23,20,58,52,30,16,14
07 ...DFG...DFGAA.EFGC..E..CBBB........ 751 23,20,118,226,178,94,54,38
05 ...D.....D..AA.D..C.....CBBB........ 112 42,10,12,24,12,12
06 ...D.E...D.EAA.D.EC.....CBBB........ 280 32,10,42,52,72,40,32
06 ..D.....D.EGAAD.EGCBB.F.C...F....... 1564 232,345,461,301,167,54,4
06 ...DE....DE.AA.DE.C.....CBBB........ 229 22,10,33,44,60,32,28
08 ....E.C...EFCAA.EF..DBB...D.....D... 752 66,90,150,126,96,87,68,51,18
07 ...DEF...DEFAA.DEFC.....CBBB........ 786 22,10,63,143,176,188,108,76
06 ....E.C...E.CAA.F...D.F...DBBB...... 328 48,88,96,58,18,12,8
07 ....EGC...EGCAA.FG..D.F...DBBB...... 1078 48,88,360,333,167,42,24,16
06 ....E.C...E.CAA.E...D.....DBBB...... 288 24,44,68,76,36,24,16
07 ....EFC...EFCAA.EF..D.....DBBB...... 900 24,44,200,254,214,84,48,32
07 ..D.....DEFHAADEFHCBB.G.C...G....... 5820 980,906,1347,1197,877,410,97,6
07 ....F.C..EF.CAAEG...D.G...DBBB...... 932 180,152,208,202,114,48,20,8
09 ....F.C..EFGCAAEFG..DBB...D.....D... 2970 300,255,470,518,463,362,284,204,96,18
08 ....FHC..EFHCAAEGH..D.G...DBBB...... 2978 180,152,664,813,679,326,108,40,16
06 ..D.....DE.GAADE.GCBBF..C..F........ 2122 696,396,489,343,163,33,2
07 ....F.C..EF.CAAEF...D.....DBBB...... 780 90,76,138,176,148,96,40,16
08 ....FGC..EFGCAAEFG..D.....DBBB...... 2430 90,76,366,564,594,412,216,80,32
06 ...E....DE..AADF..C..F..CBBB........ 227 109,32,20,20,14,8,24
07 ...E.G..DE.GAADF.GC..F..CBBB........ 496 84,32,116,76,64,40,28,56
06 ...D.....DF.AA.EF.C..E..CBBB........ 335 79,60,76,52,34,22,12
07 ...D.G...DFGAA.EFGC..E..CBBB........ 1050 74,60,256,276,176,108,68,32
07 ...EG...DEG.AADFG.C..F..CBBB........ 399 69,32,62,72,56,34,22,52
10 ....G.C..EGHCAAEGH..DFBB..DF....D... 2982 336,165,350,538,571,401,282,198,106,32,3
08 ...EGH..DEGHAADFGHC..F..CBBB........ 1269 69,32,158,258,264,182,104,78,124
06 ...D.....DE.AA.DE.C.....CBBB........ 366 86,30,50,64,68,44,24
07 ...D.F...DEFAA.DEFC.....CBBB........ 1100 76,30,140,206,232,216,136,64
06 ...E....DE..AADE..C.....CBBB........ 298 146,16,14,30,28,16,48
07 ...E.F..DE.FAADE.FC.....CBBB........ 584 96,16,62,64,98,80,56,112
06 ..D.....DE.FAADE.FCBBE..C........... 1198 439,141,212,205,142,55,4
07 ...EF...DEF.AADEF.C.....CBBB........ 471 66,16,35,56,82,68,44,104
10 ....F.C..EFGCAAEFG..DEBB..D.....D... 1848 219,75,185,339,373,241,151,118,85,50,12
08 ...EFG..DEFGAADEFGC.....CBBB........ 1446 66,16,83,161,234,274,208,156,248
07 ...E....DEG.AADFG.C..F..CBBB........ 713 247,96,88,84,62,40,48,48
08 ...E.H..DEGHAADFGHC..F..CBBB........ 1906 222,96,376,344,296,196,128,136,112
07 ...E....DEF.AADEF.C.....CBBB........ 844 278,48,56,86,104,80,96,96
08 ...E.G..DEFGAADEFGC.....CBBB........ 2132 228,48,200,246,326,332,256,272,224
08 ....F.C...F.CAA.G..DE.G..DEBBB...... 784 144,216,160,78,38,44,68,28,8
09 ....FHC...FHCAA.GH.DE.G..DEBBB...... 2374 144,216,808,535,227,108,116,148,56,16
08 ....F.C...F.CAA.F..DE....DEBBB...... 784 72,108,116,116,76,88,136,56,16
09 ....FGC...FGCAA.FG.DE....DEBBB...... 2260 72,108,440,418,334,216,232,296,112,32
09 ....G.C..FG.CAAFH..DE.H..DEBBB...... 1972 540,376,320,222,134,80,144,108,32,16
10 ....GIC..FGICAAFHI.DE.H..DEBBB...... 5578 540,376,1448,1159,739,392,232,356,240,64,32
09 ....G.C..FG.CAAFG..DE....DEBBB...... 1844 270,188,222,216,188,160,288,216,64,32
10 ....GHC..FGHCAAFGH.DE....DEBBB...... 5186 270,188,786,836,714,544,464,712,480,128,64
04 .....D.....DAA...D.........BBB....CC 280 12,48,144,68,8
05 ....DF....DFAA..EF....E...BBB.....CC 721 14,56,252,288,96,15
04 ....D.....D.AA..D.........BBB....CC. 180 6,24,54,72,24
05 ....DE....DEAA..DE........BBB....CC. 618 6,24,126,198,204,60
05 .....E...D.EAA.D.E.........BBB....CC 698 42,72,264,224,88,8
06 ....EG...DEGAA.DFG....F...BBB.....CC 2120 53,100,506,778,502,161,20
05 ....E....DE.AA.DE.........BBB....CC. 513 23,44,123,162,129,32
06 ....EF...DEFAA.DEF........BBB....CC. 1769 23,44,255,486,522,359,80
05 ...DF....DF.AA.EF....E...BBB.....CC. 302 18,20,65,84,75,40
06 ...DFG...DFGAA.EFG...E...BBB.....CC. 1062 18,20,125,270,294,223,112
04 ...D.....D..AA.D.........BBB....CC.. 150 48,12,18,48,24
06 .....E.....E.AA..E..D.....DBBB....CC 636 36,72,240,174,70,36,8
05 .....E....DEAA..DE.........BBB....CC 944 26,104,384,308,110,12
06 ....E.....E..AA.E...D.....DBBB...CC. 364 18,36,66,108,80,40,16
07 ....EF....EF.AA.EF..D.....DBBB...CC. 1166 18,36,174,270,336,212,88,32
07 .....F...E.F.AAE.F..D.....DBBB....CC 1566 126,108,408,420,306,142,48,8
06 .....F...DEFAA.DEF.........BBB....CC 2565 95,172,728,848,532,174,16
07 ....F....EF..AAEF...D.....DBBB...CC. 1087 69,66,145,252,269,190,80,16
05 ...D.....DE.AA.DE........BBB....CC.. 493 93,32,66,122,132,48
08 ....FG...EFG.AAEFG..D.....DBBB...CC. 3523 69,66,343,642,894,811,490,176,32
07 .....F....EF.AA.EF..D.....DBBB....CC 1940 78,156,592,558,328,140,72,16
06 ...E.....E...AAE....D.....DBBB..CC.. 396 160,18,24,66,82,40,6
07 ...E.F...E.F.AAE.F..D.....DBBB..CC.. 854 90,12,52,88,198,248,140,26
08 .....G...EFG.AAEFG..D.....DBBB....CC 5383 285,258,1072,1340,1254,730,324,104,16
07 ...EF....EF..AAEF...D.....DBBB..CC.. 696 51,12,34,74,164,216,125,20
08 ...EFG...EFG.AAEFG..D.....DBBB..CC.. 2252 51,12,70,176,352,596,636,319,40
09 ..D.....D...AAE..F..E..FBBB..F....CC 254 12,12,36,17,14,56,42,32,30,3
10 ..D.....DF..AAEF.G..E..GBBB..G....CC 586 42,18,54,20,17,56,90,96,106,79,8
04 ..D.....D...AAD.........BBB....CC... 150 48,57,9,24,12
09 ..D.....D...AAD..E.....EBBB..E.CC... 336 24,24,72,34,16,16,18,42,60,30
11 ..D.....D.EFAAD.EF.....GBBB..G.CC... 972 54,54,108,10,8,9,27,42,106,194,240,120
05 ..D.....DE..AADE........BBB....CC... 396 160,73,21,42,70,30
10 ..D.....DE..AADE.F.....FBBB..F.CC... 828 84,36,108,40,22,16,34,74,156,182,76
07 ...E.....EF..AAEF...D.....DBBB..CC.. 1185 295,48,82,182,264,216,86,12
08 ...E.G...EFG.AAEFG..D.....DBBB..CC.. 3205 207,36,168,310,612,830,696,306,40
12 ..D.....DEFGAADEFG.....HBBB..H.CC... 3046 190,82,164,10,8,9,39,84,200,462,742,744,312
10 ..D.....D.F.AAE.FG..E..GBBB..G....CC 590 12,12,36,17,14,56,114,104,122,95,8
07 ....EG....EGAA..FG.D..F..DBBB.....CC 1441 42,112,476,488,166,67,70,20
11 ..D.....DFG.AAEFGH..E..HBBB..H....CC 1640 42,18,54,20,17,56,162,264,326,401,258,22
06 ....E.....E.AA..E..D.....DBBB....CC. 412 18,48,90,120,56,48,32
07 ....EF....EFAA..EF.D.....DBBB....CC. 1346 18,48,234,330,348,160,128,80
10 ..D.....D..EAAD..E.....FBBB..F.CC... 420 54,54,108,10,8,9,9,24,42,66,36
05 ..D.....D.E.AAD.E.......BBB....CC... 290 48,57,27,42,76,40
10 ..D.....D.E.AAD.EF.....FBBB..F.CC... 784 24,24,72,34,16,16,42,78,168,214,96
11 ..D.....DE.FAADE.F.....GBBB..G.CC... 1090 190,82,164,10,8,9,21,42,100,172,202,90
06 ..D.....DEF.AADEF.......BBB....CC... 862 160,73,39,84,170,232,104
06 ...D.....DEFAA.DEF..BB..........CC.. 2834 380,212,577,813,616,212,24
08 ....FH...EFHAA.EGH.D..G..DBBB.....CC 3502 159,200,906,1122,596,225,114,140,40
11 ..D.....DEF.AADEFG.....GBBB..G.CC... 2368 84,36,108,40,22,16,58,142,328,626,656,252
07 ....F....EF.AA.EF..D.....DBBB....CC. 975 69,88,189,222,167,80,96,64
08 ....FG...EFGAA.EFG.D.....DBBB....CC. 3159 69,88,453,714,702,477,240,256,160
09 ....FH....FH.AA.GH.DE.G..DEBBB....CC 2577 126,196,756,664,354,143,120,148,62,8
08 ....F.....F..AA.F..DE....DEBBB...CC. 818 54,84,102,156,112,88,116,90,16
09 ....FG....FG.AA.FG.DE....DEBBB...CC. 2418 54,84,354,402,480,312,232,272,196,32
10 ....GI...FGI.AAFHI.DE.H..DEBBB....CC 6684 477,350,1406,1482,1220,695,328,344,266,100,16
09 ....G....FG..AAFG..DE....DEBBB...CC. 2091 207,154,211,312,307,238,244,254,132,32
10 ....GH...FGH.AAFGH.DE....DEBBB...CC. 6161 207,154,673,870,1074,929,666,624,604,296,64
07 ...E....DEFGAADEFG..BB..........CC.. 8375 1376,544,1399,2048,1863,921,208,16
06 ..D.....D.EFAAD.EF.BB..........CC... 2094 336,447,504,380,297,114,16
07 ...E.G...E.GAA.F.GD..F..DBBB......CC 996 92,60,228,206,196,126,72,16
07 ..D.....DEFGAADEFG.BB..........CC... 7119 1315,1027,1304,1252,1258,727,212,24
07 ...EG....EG.AA.FG.D..F..DBBB.....CC. 797 59,50,145,174,158,120,63,28
08 ...EGH...EGHAA.FGHD..F..DBBB.....CC. 2729 59,50,295,588,611,500,369,181,76
06 ...E.....E..AA.E..D.....DBBB....CC.. 516 198,30,36,96,78,54,24
07 ...E.F...E.FAA.E.FD.....DBBB....CC.. 1184 118,20,84,128,280,280,178,96
08 ...E.H...EGHAA.FGHD..F..DBBB......CC 3888 224,170,730,876,740,584,366,166,32
07 ..DE....DEFGAADEFG.BB..........CC... 4135 907,187,332,518,875,843,398,75
07 ...EF....EF.AA.EF.D.....DBBB....CC.. 936 61,20,66,100,234,232,139,84
08 ...EFG...EFGAA.EFGD.....DBBB....CC.. 3120 61,20,126,298,466,790,710,421,228
07 ...E.....EF.AA.EF.D.....DBBB....CC.. 1563 361,80,138,244,310,238,144,48
08 ...E.G...EFGAA.EFGD.....DBBB....CC.. 4417 259,60,280,472,812,1008,852,482,192
08 ....FHD...FHDAA.GH..E.G...EBBB....CC 4083 162,296,1208,1245,723,255,106,72,16
07 ....F.D...F.DAA.F...E.....EBBB...CC. 1178 69,126,193,330,236,112,80,32
08 ....FGD...FGDAA.FG..E.....EBBB...CC. 3631 69,126,571,777,1000,616,248,160,64
09 ....GID..FGIDAAFHI..E.H...EBBB....CC 10838 585,472,2072,2769,2563,1475,578,220,88,16
08 ....G.D..FG.DAAFG...E.....EBBB...CC. 3123 252,206,376,650,721,510,264,112,32
09 ....GHD..FGHDAAFGH..E.....EBBB...CC. 9624 252,206,994,1625,2258,2127,1298,576,224,64
08 ...F.H..EF.HAAEG.HD..G..DBBB......CC 1928 276,96,348,284,308,220,144,196,56
08 ...FH...EFH.AAEGH.D..G..DBBB.....CC. 1451 177,80,155,224,236,200,129,146,104
09 ...FHI..EFHIAAEGHID..G..DBBB.....CC. 4573 177,80,395,668,833,776,609,405,382,248
09 ...F.I..EFHIAAEGHID..G..DBBB......CC 6990 672,272,1070,1106,1142,926,668,562,460,112
07 ...F....EF..AAEF..D.....DBBB....CC.. 1330 670,48,42,114,136,94,142,84
08 ...F.G..EF.GAAEF.GD.....DBBB....CC.. 2398 354,32,124,152,344,426,336,318,312
08 ...F....EFG.AAEFG.D.....DBBB....CC.. 3527 1159,128,154,304,442,406,374,392,168
08 ...FG...EFG.AAEFG.D.....DBBB....CC.. 1864 183,32,70,124,284,358,273,252,288
09 ...FGH..EFGHAAEFGHD.....DBBB....CC.. 5678 183,32,166,334,588,1020,1112,835,712,696
09 ...F.H..EFGHAAEFGHD.....DBBB....CC.. 8415 777,96,400,552,1030,1414,1380,1134,1008,624
09 ....F.C...FGCAA.FG.DEBB..DE.....E... 2136 228,285,397,270,198,209,200,184,129,36
10 ....G.C..FGHCAAFGH.DEBB..DE.....E... 7890 990,780,1201,1090,938,800,739,668,476,184,24
11 ....H.C..FHICAAFHI.DEGBB.DEG....E... 7486 1068,495,864,1112,1148,843,675,594,436,204,44,3
11 ....G.C..FGHCAAFGH.DEFBB.DE.....E... 4484 687,210,437,696,746,488,337,312,270,193,90,18
10 ....GID...GIDAA.HI.EF.H..EFBBB....CC 8887 486,728,2720,2123,1038,496,420,486,282,92,16
09 ....G.D...G.DAA.G..EF....EFBBB...CC. 2992 207,310,331,538,392,312,388,350,132,32
10 ....GHD...GHDAA.GH.EF....EFBBB...CC. 8593 207,310,1261,1295,1626,1086,824,908,748,264,64
21 .........FHI.AAFHIBBEGHJ.DEG.J.DECCJ 2202 148,60,158,142,241,344,314,155,66,23,22,26,33,27,27,50,82,101,97,63,21,2
08 .........FG..AAFG...EFBB.DE..H.DECCH 8932 2835,461,654,849,1442,1550,916,223,2
11 ....HJD..GHJDAAGIJ.EF.I..EFBBB....CC 19928 1755,1168,4508,4115,2986,1752,984,1162,954,376,136,32
10 ....H.D..GH.DAAGH..EF....EFBBB...CC. 6831 756,510,604,894,895,710,812,914,504,168,64
11 ....HID..GHIDAAGHI.EF....EFBBB...CC. 19252 756,510,2134,2431,2992,2651,1994,2076,2140,1104,336,128
05 .....E.....EAA...E.........BBB..CCDD 309 9,36,108,96,52,8
06 ....EG....EGAA..FG....F...BBB...CCDD 607 8,32,144,201,141,66,15
05 ....E.....E.AA..E.........BBB..CCDD. 190 2,8,18,48,78,36
06 ....EF....EFAA..EF........BBB..CCDD. 610 2,8,42,78,162,228,90
06 .....F...E.FAA.E.F.........BBB..CCDD 738 30,48,180,228,184,60,8
07 ....FH...EFHAA.EGH....G...BBB...CCDD 1669 28,48,248,457,465,300,103,20
06 ....F....EF.AA.EF.........BBB..CCDD. 519 7,12,35,90,178,149,48
07 ....FG...EFGAA.EFG........BBB..CCDD. 1674 7,12,71,162,329,552,421,120
06 ...E.G...E.GAA.F.G...F...BBB....CCDD 339 15,12,48,72,108,68,16
06 ...EG....EG.AA.FG....F...BBB...CCDD. 266 4,4,13,32,74,85,54
07 ...EGH...EGHAA.FGH...F...BBB...CCDD. 869 4,4,25,62,127,240,257,150
06 .....F....EFAA..EF.........BBB..CCDD 967 17,68,258,306,220,86,12
07 ...E.....EFGAA.EFG.......BBB.HCCDD.H 1742 122,16,68,168,370,518,376,104
06 ...E.....EF.AA.EF........BBBG.CCDDG. 315 37,8,24,56,102,80,8
07 .....F.....F.AA..F..E.....EBBB..CCDD 691 27,54,180,198,142,66,20,4
07 .....G...EFGAA.EFG.........BBB..CCDD 2502 58,96,428,684,688,408,124,16
07 ....F.....F..AA.F...E.....EBBB.CCDD. 370 6,12,22,60,112,100,46,12
08 ....FG....FG.AA.FG..E.....EBBB.CCDD. 1126 6,12,58,102,214,340,266,104,24
08 .....G...F.G.AAF.G..E.....EBBB..CCDD 1634 90,72,276,396,412,248,108,28,4
07 ...E.H...EGHAA.FGH...F...BBB....CCDD 1247 31,28,130,230,324,314,158,32
06 ...E.....E.FAA.E.F.......BBB.GCCDD.G 491 65,8,28,64,138,140,48
08 ...E.....EFHAA.EFH.......BBBGICCDDGI 1239 57,8,40,104,224,350,312,128,16
08 .....G....FG.AA.FG..E.....EBBB..CCDD 1961 51,102,394,516,454,268,128,40,8
08 ....G....FG..AAFG...E.....EBBB.CCDD. 1073 21,18,41,116,248,305,224,88,12
09 ....GH...FGH.AAFGH..E.....EBBB.CCDD. 3306 21,18,95,206,453,810,893,586,200,24
09 .....H...FGH.AAFGH..E.....EBBB..CCDD 5210 174,144,620,1040,1294,1026,604,240,60,8
08 ...F....EFGHAAEFGH.......BBB.ICCDD.I 3690 366,24,92,216,530,894,922,522,124
07 ...F....EFG.AAEFG........BBBH.CCDDH. 695 111,12,28,76,158,188,104,18
10 ..E.....E...AAF..G..F..GBBB..G..CCDD 263 9,9,27,24,21,42,44,38,34,12,3
11 ..E.....EG..AAFG.H..F..HBBB..H..CCDD 592 30,12,36,30,30,42,76,94,108,94,33,7
07 ...F....EF.GAAEF.G.......BBB.HCCDD.H 1079 195,12,40,84,202,284,204,58
10 ..E.....E...AAE..F.....FBBB..F.CC.DD 358 18,18,54,48,34,16,14,30,60,54,12
09 ...F....EFGIAAEFGI.......BBBHJCCDDHJ 2555 171,12,52,132,320,574,668,456,154,16
11 ..E.....EF..AAEF.G.....GBBB..G.CC.DD 848 60,24,72,60,52,16,22,50,124,194,144,30
11 ..E.....E.G.AAF.GH..F..HBBB..H..CCDD 599 9,9,27,24,21,42,92,106,122,104,35,8
12 ..E.....EGH.AAFGHI..F..IBBB..I..CCDD 1621 30,12,36,30,30,42,124,226,308,374,293,97,19
11 ..E.....E.F.AAE.FG.....GBBB..G.CC.DD 806 18,18,54,48,34,16,26,54,128,214,164,32
06 .....F.....FAA...F.......E.BBB.ECCDD 782 30,84,252,240,132,36,8
12 ..E.....EFG.AAEFGH.....HBBB..H.CC.DD 2346 60,24,72,60,52,16,34,90,232,502,680,442,82
08 ....FH....FHAA..GH.E..G..EBBB...CCDD 1203 24,64,272,351,246,131,65,30,20
07 ....F.....F.AA..F..E.....EBBB..CCDD. 406 6,16,30,80,134,76,32,32
08 ....FG....FGAA..FG.E.....EBBB..CCDD. 1258 6,16,78,130,272,396,196,84,80
07 .....G...F.GAA.F.G.......E.BBB.ECCDD 1519 99,108,372,432,348,116,36,8
07 .....G....FGAA..FG.......E.BBB.ECCDD 2184 54,148,552,660,492,208,58,12
09 ....GI...FGIAA.FHI.E..H..EBBB...CCDD 2705 84,96,440,679,630,401,165,110,60,40
08 ....G....FG.AA.FG..E.....EBBB..CCDD. 909 21,24,53,134,258,195,96,64,64
09 ....GH...FGHAA.FGH.E.....EBBB..CCDD. 2814 21,24,125,238,481,792,553,252,168,160
08 .....H...FGHAA.FGH.......E.BBB.ECCDD 4603 183,204,830,1182,1176,690,246,76,16
08 .....G.....G.AA..G..F....EFBBB.ECCDD 1794 90,144,456,480,344,182,74,20,4
10 ....GI....GI.AA.HI.EF.H..EFBBB..CCDD 2127 72,112,432,503,408,229,137,116,76,38,4
09 ....G.....G..AA.G..EF....EFBBB.CCDD. 744 18,28,34,92,168,140,94,94,68,8
10 ....GH....GH.AA.GH.EF....EFBBB.CCDD. 2138 18,28,118,154,324,508,376,228,216,152,16
09 .....H....GH.AA.GH..F....EFBBB.ECCDD 4364 162,256,916,1068,908,542,324,140,40,8
09 .....H...G.H.AAG.H..F....EFBBB.ECCDD 3473 297,186,636,774,770,456,238,88,24,4
11 ....HJ...GHJ.AAGIJ.EF.I..EFBBB..CCDD 5141 252,168,680,939,1066,793,469,324,228,150,64,8
10 .....I...GHI.AAGHI..F....EFBBB.ECCDD 9577 549,354,1334,1796,2096,1596,1060,536,196,52,8
10 ....H....GH..AAGH..EF....EFBBB.CCDD. 1829 63,42,59,160,328,351,288,222,196,104,16
11 ....HI...GHI.AAGHI.EF....EFBBB.CCDD. 5294 63,42,185,282,605,1050,1029,766,536,464,240,32
11 ..F.....F...AAG..H..G..H.EBBBH.ECCDD 730 30,30,90,84,78,139,122,74,56,20,6,1
12 ..F.....FH..AAGH.I..G..I.EBBBI.ECCDD 1353 99,39,117,102,105,139,186,186,174,138,52,14,2
12 ..F.....F.H.AAG.HI..G..I.EBBBI.ECCDD 1358 30,30,90,84,78,139,250,234,200,152,54,15,2
13 ..F.....FHI.AAGHIJ..G..J.EBBBJ.ECCDD 3058 99,39,117,102,105,139,314,474,542,546,400,142,35,4
05 ..F.....F...AAF..........EBBB..ECCDD 515 205,221,12,40,35,2
11 ..F.....F...AAF..G.....G.EBBBG.ECCDD 936 60,60,180,168,124,62,40,54,88,78,20,2
12 ..F.....F.GHAAF.GH.....I.EBBBI.ECCDD 1774 182,182,364,50,33,16,44,64,147,232,278,178,4
11 ..F.....F..GAAF..G.....H.EBBBH.ECCDD 1088 182,182,364,50,33,16,12,40,59,82,66,2
06 ..F.....FG..AAFG.........EBBB..ECCDD 1231 663,269,28,64,121,82,4
06 ..F.....F.G.AAF.G........EBBB..ECCDD 753 205,221,44,64,123,92,4
12 ..F.....FG..AAFG.H.....H.EBBBH.ECCDD 1826 198,78,234,204,178,62,56,94,196,274,200,48,4
12 ..F.....F.G.AAF.GH.....H.EBBBH.ECCDD 1604 60,60,180,168,124,62,72,110,200,294,220,50,4
12 ..F.....FG.HAAFG.H.....I.EBBBI.ECCDD 2320 612,248,496,50,33,16,28,64,145,218,254,152,4
07 ..F.....FGH.AAFGH........EBBB..ECCDD 1963 663,269,60,120,257,366,220,8
13 ..F.....FGHIAAFGHI.....J.EBBBJ.ECCDD 4556 612,248,496,50,33,16,60,120,281,562,822,828,420,8
13 ..F.....FGH.AAFGHI.....I.EBBBI.ECCDD 3936 198,78,234,204,178,62,88,182,388,726,896,572,122,8
06 ....F.....F.AA..F.......E.BBB.ECCDD. 640 7,24,51,142,233,147,36
07 ....FG....FGAA..FG......E.BBB.ECCDD. 2020 7,24,123,224,477,688,387,90
07 ....G....FG.AA.FG.......E.BBB.ECCDD. 1587 24,34,92,244,485,444,216,48
08 ....GH...FGHAA.FGH......E.BBB.ECCDD. 5024 24,34,194,428,888,1504,1266,566,120
08 ...F.H...F.HAA.G.HE..G..EBBB....CCDD 915 53,30,114,156,242,176,88,40,16
09 ...F.I...FHIAA.GHIE..G..EBBB....CCDD 3258 106,70,308,502,709,722,476,231,102,32
08 ...FH....FH.AA.GH.E..G..EBBB...CCDD. 691 13,10,29,70,161,181,129,56,42
09 ...FHI...FHIAA.GHIE..G..EBBB...CCDD. 2222 13,10,59,136,276,525,555,372,162,114
08 ...F.....F.GAA.F.GE.....EBBB.HCCDD.H 1459 247,20,64,128,288,346,226,108,32
09 ...F.....FGHAA.FGHE.....EBBB.ICCDD.I 4948 448,40,156,344,758,1156,1072,632,274,68
08 ...F.....FG.AA.FG.E.....EBBBH.CCDDH. 887 131,20,52,112,210,202,102,54,4
10 ...F.....FGIAA.FGIE.....EBBBHJCCDDHJ 3321 201,20,92,216,454,748,778,502,230,72,8
09 ....GIE...GIEAA.HI..F.H...FBBB..CCDD 3237 87,158,642,835,731,431,213,96,36,8
08 ....G.E...G.EAA.G...F.....FBBB.CCDD. 1098 21,38,57,160,289,257,154,86,36
09 ....GHE...GHEAA.GH..F.....FBBB.CCDD. 3236 21,38,171,260,557,870,691,372,184,72
10 ....HJE..GHJEAAGIJ..F.I...FBBB..CCDD 8207 297,222,982,1611,1955,1559,925,436,168,44,8
10 ....G.CD..GHCDAAGH.EFBB..EF.....F... 1544 192,225,267,144,102,122,132,143,142,66,9
09 ....H.E..GH.EAAGH...F.....FBBB.CCDD. 2855 72,54,100,280,589,690,552,330,152,36
10 ....HIE..GHIEAAGHI..F.....FBBB.CCDD. 8480 72,54,262,488,1064,1888,2006,1458,788,328,72
09 ...G.I..FG.IAAFH.IE..H..EBBB....CCDD 1721 159,48,174,222,356,274,186,164,94,44
10 ...G.J..FGIJAAFHIJE..H..EBBB....CCDD 5738 318,112,448,656,1005,1006,828,587,446,244,88
09 ...GI...FGI.AAFHI.E..H..EBBB...CCDD. 1195 39,16,31,80,187,245,223,146,108,120
10 ...GIJ..FGIJAAFHIJE..H..EBBB...CCDD. 3654 39,16,79,152,326,631,765,656,404,286,300
11 ....H.CD..HICDAAHI.EFGBB.EFG....F... 5300 780,585,771,572,475,438,455,484,446,238,53,3
09 ...G....FG.HAAFG.HE.....EBBB.ICCDD.I 2859 741,32,92,148,352,490,406,302,232,64
10 ...G....FGHIAAFGHIE.....EBBB.JCCDD.J 9048 1344,64,212,392,918,1532,1654,1282,938,576,136
09 ...G....FGH.AAFGH.E.....EBBBI.CCDDI. 1731 393,32,56,132,266,310,210,172,152,8
11 ...G....FGHJAAFGHJE.....EBBBIKCCDDIK 5757 603,32,120,244,550,972,1146,914,620,404,136,16
05 ..F.....F...AAF.........EBBB..ECCDD. 603 233,253,12,44,49,12
11 ..F.....F...AAF..G.....GEBBB.GECC.DD 1130 70,70,210,196,148,66,42,56,110,110,44,8
11 ..F.....F..GAAF..G.....HEBBB.HECCDD. 1328 214,214,428,54,35,20,12,44,79,112,96,20
06 ..F.....F.G.AAF.G.......EBBB..ECCDD. 925 233,253,52,68,149,140,30
12 ..F.....F.GHAAF.GH.....IEBBB.IECCDD. 2316 214,214,428,54,35,20,52,68,179,318,398,286,50
12 ..F.....F.G.AAF.GH.....HEBBB.HECC.DD 2060 70,70,210,196,148,66,82,120,234,390,334,120,20
06 ..F.....FG..AAFG........EBBB..ECCDD. 1439 747,301,36,68,143,120,24
12 ....H.CD..HICDAAHI.EFGBB.EFG....FG.. 2696 498,135,252,357,373,247,186,194,185,147,90,29,3
12 ..F.....FG..AAFG.H.....HEBBB.HECC.DD 2232 228,88,264,232,202,66,66,104,226,350,288,102,16
12 ..F.....FG.HAAFG.H.....IEBBB.IECCDD. 2836 708,280,560,54,35,20,36,68,173,288,344,230,40
07 ..F.....FGH.AAFGH.......EBBB..ECCDD. 2423 747,301,76,140,291,466,342,60
13 ..F.....FGH.AAFGHI.....IEBBB.IECC.DD 5128 228,88,264,232,202,66,106,216,446,890,1202,870,278,40
13 ..F.....FGHIAAFGHI.....JEBBB.JECCDD. 5978 708,280,560,54,35,20,76,140,321,712,1114,1176,682,100
08 ....G.....G.AA..G..F....EFBBB.ECCDD. 1496 21,52,93,258,439,317,172,112,32
09 ....GH....GHAA..GH.F....EFBBB.ECCDD. 4566 21,52,249,408,875,1308,845,444,284,80
08 ..E.....EFHIAAEFHIDBBG..D..G...CC... 16159 4314,1967,2409,2158,2368,1820,879,224,20
09 ....H....GH.AA.GH..F....EFBBB.ECCDD. 3033 72,74,152,396,763,632,400,256,224,64
23 ..E.....EF.HAAEF.HDBBG.ID..G.ICC.G.I 477 109,31,71,28,35,38,16,9,8,7,5,4,1,3,3,7,9,14,19,23,17,13,5,2
10 ....HI...GHIAA.GHI.F....EFBBB.ECCDD. 9218 72,74,374,684,1412,2340,1802,1064,668,568,160
10 ..E.....EFHIAAEFHIDBBG..D..G..CC.G.. 4210 1134,379,493,454,564,507,316,181,113,51,18
25 ..E.....EFHJAAEFHJDBBG.KD..GIKCC.GIK 1751 201,62,162,132,179,199,152,53,26,21,11,6,1,3,3,13,23,32,53,84,103,98,73,41,16,4
08 ..E.....EFGHAAEFGHDBBF..D......CC... 10978 3320,576,817,985,1612,1850,1302,470,46
19 .........FGI.AAFGIBBEFHJD.E.HJD.ECCJ 3256 422,62,168,162,256,364,365,160,60,40,27,53,106,184,252,269,202,85,17,2
11 ....HJE...HJEAA.IJ.FG.I..FGBBB..CCDD 6908 261,390,1454,1569,1246,702,422,358,288,170,40,8
10 ....H.E...H.EAA.H..FG....FGBBB.CCDD. 2498 63,94,99,276,495,427,322,310,256,132,24
11 ....HIE...HIEAA.HI.FG....FGBBB.CCDD. 6998 63,94,381,444,955,1490,1157,806,716,564,280,48
12 ....IKE..HIKEAAHJK.FG.J..FGBBB..CCDD 14590 891,550,2130,2633,2758,1938,1174,926,736,530,252,56,16
11 ....I.E..HI.EAAHI..FG....FGBBB.CCDD. 5461 216,134,160,432,867,878,768,690,668,432,168,48
12 ....IJE..HIJEAAHIJ.FG....FGBBB.CCDD. 15278 216,134,562,744,1588,2724,2550,2052,1696,1564,984,368,96
12 ..G.....G..HAAG..H.....IEFBBBIEFCCDD 3922 732,732,1464,226,145,56,24,76,122,165,142,36,2
07 ..G.....G.H.AAG.H.......EFBBB.EFCCDD 2571 867,923,136,124,244,215,58,4
06 ..G.....G...AAG.........EFBBB.EFCCDD 1997 867,923,24,76,80,25,2
12 ..G.....G...AAG..H.....HEFBBBHEFCCDD 3384 236,236,708,694,544,270,140,110,172,174,78,20,2
13 ..G.....G.H.AAG.HI.....IEFBBBIEFCCDD 4918 236,236,708,694,544,270,252,270,384,578,496,200,46,4
13 ..G.....G.HIAAG.HI.....JEFBBBJEFCCDD 5390 732,732,1464,226,145,56,136,124,286,457,550,394,84,4
13 ..G.....GH.IAAGH.I.....JEFBBBJEFCCDD 7426 2394,930,1860,226,145,56,72,124,280,427,496,338,74,4
07 ..G.....GH..AAGH........EFBBB.EFCCDD 4497 2745,1067,72,124,238,195,52,4
08 ..G.....GHI.AAGHI.......EFBBB.EFCCDD 6141 2745,1067,184,268,498,731,520,120,8
13 ..G.....GH..AAGH.I.....IEFBBBIEFCCDD 5686 762,290,870,802,706,270,188,206,376,538,450,182,42,4
14 ..G.....GHI.AAGHIJ.....JEFBBBJEFCCDD 10202 762,290,870,802,706,270,300,462,780,1378,1740,1274,464,96,8
14 ..G.....GHIJAAGHIJ.....KEFBBBKEFCCDD 11912 2394,930,1860,226,145,56,184,268,540,1065,1544,1588,932,172,8
06 .....F....EFAA..EF.........BBB.CCDDD 445 5,20,78,122,134,74,12
07 .....G...EFGAA.EFG.........BBB.CCDDD 1109 17,28,128,248,316,248,108,16
07 ...E.H...EGHAA.FGH...F...BBB...CCDDD 485 9,8,38,80,120,120,78,32
05 .....E.....EAA...E.........BBB.CCDDD 147 3,12,36,44,44,8
06 ....EG....EGAA..FG....F...BBB..CCDDD 250 2,8,36,63,75,51,15
08 .....G....FG.AA.FG..E.....EBBB.CCDDD 903 15,30,118,198,242,172,88,32,8
06 .....F...E.FAA.E.F.........BBB.CCDDD 338 10,16,60,92,100,52,8
07 ....FH...EFHAA.EGH....G...BBB..CCDDD 659 7,12,62,133,181,161,83,20
06 ...E.G...E.GAA.F.G...F...BBB...CCDDD 137 5,4,16,28,40,28,16
09 .....H...FGH.AAFGH..E.....EBBB.CCDDD 2319 51,42,184,372,544,514,372,180,52,8
07 .....F.....F.AA..F..E.....EBBB.CCDDD 329 9,18,60,84,92,46,16,4
08 .....G...F.G.AAF.G..E.....EBBB.CCDDD 750 30,24,92,156,196,144,80,24,4
11 ..E.....E.G.AAF.GH..F..HBBB..H.CCDDD 287 3,3,9,11,13,14,36,54,60,49,27,8
12 ..E.....EGH.AAFGHI..F..IBBB..I.CCDDD 756 10,4,12,14,16,14,44,94,146,171,140,72,19
10 ..E.....E...AAF..G..F..GBBB..G.CCDDD 127 3,3,9,11,13,14,24,22,16,9,3
11 ..E.....EG..AAFG.H..F..HBBB..H.CCDDD 278 10,4,12,14,16,14,32,46,54,45,24,7
08 ....FH....FHAA..GH.E..G..EBBB..CCDDD 494 6,16,68,113,134,92,40,15,10
09 ....GI...FGIAA.FHI.E..H..EBBB..CCDDD 1057 21,24,110,207,264,214,112,55,30,20
10 ....GI....GI.AA.HI.EF.H..EFBBB.CCDDD 874 18,28,108,169,208,140,84,53,42,22,2
11 ....HJ...GHJ.AAGIJ.EF.I..EFBBB.CCDDD 2019 63,42,170,299,414,356,264,177,118,78,34,4
07 .....G....FGAA..FG......E..BBBECCDDD 1474 18,62,240,376,416,266,84,12
06 .....F.....FAA...F......E..BBBECCDDD 507 11,38,114,142,142,52,8
08 .....H...FGHAA.FGH......E..BBBECCDDD 3340 60,82,366,698,890,728,384,116,16
07 ....FH....FHAA..GH....G.E.BBB.ECCDDD 792 7,24,106,184,224,164,68,15
07 .....G...F.GAA.F.G......E..BBBECCDDD 1056 36,48,176,268,292,172,56,8
09 ...F.I...FHIAA.GHIE..G..EBBB...CCDDD 1272 30,20,90,178,261,264,198,129,70,32
08 ....GI...FGIAA.FHI....H.E.BBB.ECCDDD 1897 24,34,170,356,488,446,260,99,20
08 ...F.H...F.HAA.G.HE..G..EBBB...CCDDD 369 17,10,38,62,88,66,48,24,16
09 .....H....GH.AA.GH..F...E.FBBBECCDDD 2718 54,98,364,568,668,480,282,148,48,8
08 .....G.....G.AA..G..F...E.FBBBECCDDD 1073 33,60,190,254,274,158,76,24,4
09 ....GIE...GIEAA.HI..F.H...FBBB.CCDDD 1310 21,38,154,256,324,248,146,75,36,12
10 .....I...GHI.AAGHI..F...E.FBBBECCDDD 6152 180,130,530,974,1338,1206,906,560,252,68,8
09 .....H...G.H.AAG.H..F...E.FBBBECCDDD 2136 108,76,272,424,508,368,232,112,32,4
10 ...G.J..FGIJAAFHIJE..H..EBBB...CCDDD 2254 90,32,130,238,359,368,328,263,202,156,88
10 ....HJE..GHJEAAGIJ..F.I...FBBB.CCDDD 3217 72,54,238,468,684,664,506,307,152,60,12
09 ...G.I..FG.IAAFH.IE..H..EBBB...CCDDD 695 51,16,58,90,128,102,86,70,50,44
12 ..F.....F.H.AAG.HI..G..IEBBB.IECCDDD 796 11,11,33,41,49,58,122,152,134,99,56,25,5
13 ..F.....FHI.AAGHIJ..G..JEBBB.JECCDDD 1821 36,14,42,50,58,58,146,264,340,337,261,147,58,10
11 ..F.....F..GAAF..G.....HEBBB.HECCDDD 574 92,92,184,26,17,10,6,22,33,44,44,4
06 ..F.....F.G.AAF.G.......EBBB..ECCDDD 441 113,123,26,34,73,62,10
12 ..F.....F.G.AAF.GH.....HEBBB.HECCDDD 928 22,22,66,82,90,44,32,54,68,156,180,102,10
11 ..F.....F...AAG..H..G..HEBBB.HECCDDD 407 11,11,33,41,49,58,82,56,36,19,9,2
12 ..F.....FG.HAAFG.H.....IEBBB.IECCDDD 1196 300,116,232,26,17,10,18,34,79,116,140,100,8
12 ..F.....FH..AAGH.I..G..IEBBB.IECCDDD 760 36,14,42,50,58,58,106,120,114,87,50,21,4
07 ..F.....FGH.AAFGH.......EBBB..ECCDDD 1133 357,141,38,70,143,218,146,20
13 ..F.....FGH.AAFGHI.....IEBBB.IECCDDD 2246 72,28,84,100,108,44,32,78,140,296,514,498,232,20
05 ..F.....F...AAF.........EBBB..ECCDDD 291 113,123,6,22,23,4
11 ..F.....F...AAF..G.....GEBBB.GECCDDD 514 22,22,66,82,90,44,32,14,44,56,38,4
09 ....F.C...FGCAA.FGD.EBB.D.E.....E... 560 60,75,104,69,51,57,49,55,34,6
12 ..F.....F.GHAAF.GH.....IEBBB.IECCDDD 978 92,92,184,26,17,10,26,34,83,128,158,118,10
06 ..F.....FG..AAFG........EBBB..ECCDDD 681 357,141,18,34,69,54,8
12 ..F.....FG..AAFG.H.....HEBBB.HECCDDD 976 72,28,84,100,108,44,32,38,68,148,160,86,8
13 ..F.....FGHIAAFGHI.....JEBBB.JECCDDD 2464 300,116,232,26,17,10,38,70,153,306,440,466,270,20
10 ....G.C..FGHCAAFGHD.EBB.D.E.....E... 2108 264,207,318,288,245,218,196,186,133,47,6
09 ....GI....GIAA..HI.F..H.EFBBB.ECCDDD 1703 21,52,218,360,436,326,170,75,35,10
11 ....H.C..FHICAAFHID.EGBBD.EG....E... 2036 288,132,232,303,302,227,192,164,123,59,13,1
11 ....G.C..FGHCAAFGHD.EFBBD.E.....E... 1232 186,57,119,192,197,132,103,83,70,62,27,4
10 ....HJ...GHJAA.GIJ.F..I.EFBBB.ECCDDD 3294 72,74,330,604,772,644,374,219,115,70,20
11 ....HJE...HJEAA.IJ.FG.I..FGBBB.CCDDD 2769 63,94,350,516,620,422,252,171,139,94,42,6
12 ....IKE..HIKEAAHJK.FG.J..FGBBB.CCDDD 5602 216,134,518,836,1088,874,624,471,363,266,146,54,12
05 .....E....DEAA..DE.........BBB...CCC 733 19,76,282,246,98,12
06 .....F...DEFAA.DEF.........BBB...CCC 1916 68,120,514,642,416,140,16
06 ...D.G...DFGAA.EFG...E...BBB.....CCC 984 44,44,200,282,240,142,32
05 ...D.....DE.AA.DE........BBB...CCC.. 363 69,12,24,74,112,72
06 ...D.F...DEFAA.DEF.......BBB...CCC.. 1077 49,12,60,130,286,348,192
04 .....D.....DAA...D.........BBB...CCC 221 9,36,108,60,8
05 ....DF....DFAA..EF....E...BBB....CCC 539 10,40,180,213,81,15
04 ....D.....D.AA..D.........BBB...CCC. 140 4,16,36,60,24
05 ....DE....DEAA..DE........BBB...CCC. 476 4,16,84,138,174,60
05 .....E...D.EAA.D.E.........BBB...CCC 531 31,52,192,180,68,8
07 .....F....EF.AA.EF..D.....DBBB...CCC 1479 57,114,434,438,264,108,48,16
06 ....EG...DEGAA.DFG....F...BBB....CCC 1520 37,68,346,551,375,123,20
05 ....E....DE.AA.DE.........BBB...CCC. 384 15,28,79,126,104,32
06 ....EF...DEFAA.DEF........BBB...CCC. 1314 15,28,163,324,412,292,80
05 ...D.F...D.FAA.E.F...E...BBB.....CCC 246 18,16,64,72,60,16
05 ...DF....DF.AA.EF....E...BBB....CCC. 200 11,12,39,58,52,28
08 .....G...EFG.AAEFG..D.....DBBB...CCC 3976 204,180,754,1004,942,560,236,80,16
06 ...DFG...DFGAA.EFG...E...BBB....CCC. 704 11,12,75,166,206,158,76
04 ...D.....D..AA.D.........BBB...CCC.. 113 37,4,6,30,36
05 ...D.E...D.EAA.D.E.......BBB...CCC.. 280 22,4,18,38,102,96
05 ...DE....DE.AA.DE........BBB...CCC.. 228 11,4,15,28,86,84
06 ...DEF...DEFAA.DEF.......BBB...CCC.. 777 11,4,27,73,144,290,228
06 .....E.....E.AA..E..D.....DBBB...CCC 491 27,54,180,144,54,24,8
06 ....E.....E..AA.E...D.....DBBB..CCC. 274 12,24,44,84,68,30,12
07 ....EF....EF.AA.EF..D.....DBBB..CCC. 880 12,24,116,186,266,184,68,24
07 .....F...E.F.AAE.F..D.....DBBB...CCC 1173 93,78,296,330,228,104,36,8
07 ...E.....EF..AAEF...D.....DBBB.CCC.. 863 217,18,30,96,188,198,100,16
08 ...E.G...EFG.AAEFG..D.....DBBB.CCC.. 2315 147,18,84,170,410,638,568,248,32
07 ....F....EF..AAEF...D.....DBBB..CCC. 798 45,42,93,184,208,150,64,12
08 ....FG...EFG.AAEFG..D.....DBBB..CCC. 2590 45,42,219,424,660,636,396,144,24
10 ..D.....D.F.AAE.FG..E..GBBB..G...CCC 415 9,9,27,15,8,28,66,74,96,75,8
11 ..D.....DFG.AAEFGH..E..HBBB..H...CCC 1146 31,13,39,18,8,28,90,162,236,307,195,19
10 ..D.....D..EAAD..E.....FBBB..FCCC... 322 42,42,84,8,5,3,3,15,24,42,54
05 ..D.....D.E.AAD.E.......BBB...CCC... 215 37,40,9,21,52,56
06 ...E.....E...AAE....D.....DBBB.CCC.. 293 121,6,8,36,68,46,8
11 ..D.....D.E.AAD.EF.....FBBB..FCCC... 586 18,18,54,30,10,4,6,18,42,110,164,112
07 ...E.F...E.F.AAE.F..D.....DBBB.CCC.. 622 66,6,26,50,140,202,116,16
11 ..D.....DE.FAADE.F.....GBBB..GCCC... 812 144,60,120,8,5,3,7,21,56,100,156,132
06 ..D.....DEF.AADEF.......BBB...CCC... 631 121,50,13,35,96,174,142
12 ..D.....DEF.AADEFG.....GBBB..GCCC... 1736 62,26,78,36,10,4,6,26,70,198,414,522,284
07 ...EF....EF..AAEF...D.....DBBB.CCC.. 504 33,6,17,40,114,174,104,16
08 ...EFG...EFG.AAEFG..D.....DBBB.CCC.. 1633 33,6,35,91,208,434,526,268,32
09 ..D.....D...AAE..F..E..FBBB..F...CCC 179 9,9,27,15,8,28,30,26,24,3
10 ..D.....DF..AAEF.G..E..GBBB..G...CCC 409 31,13,39,18,8,28,54,66,84,61,7
04 ..D.....D...AAD.........BBB...CCC... 113 37,40,3,15,18
10 ..D.....D...AAD..E.....EBBB..ECCC... 254 18,18,54,30,10,4,6,6,30,42,36
11 ..D.....D.EFAAD.EF.....GBBB..GCCC... 736 42,42,84,8,5,3,9,21,58,114,182,168
05 ..D.....DE..AADE........BBB...CCC... 293 121,50,7,21,50,44
11 ..D.....DE..AADE.F.....FBBB..FCCC... 610 62,26,78,36,10,4,6,14,42,106,138,88
12 ..D.....DEFGAADEFG.....HBBB..HCCC... 2248 144,60,120,8,5,3,13,35,102,246,464,622,426
07 ....EG....EGAA..FG.D..F..DBBB....CCC 1075 30,80,340,363,139,53,50,20
06 ....E.....E.AA..E..D.....DBBB...CCC. 316 12,32,60,100,48,32,32
07 ....EF....EFAA..EF.D.....DBBB...CCC. 1024 12,32,156,230,294,132,88,80
08 ....FH...EFHAA.EGH.D..G..DBBB....CCC 2494 111,136,618,797,445,161,86,100,40
07 ....F....EF.AA.EF..D.....DBBB...CCC. 720 45,56,121,178,128,64,64,64
08 ....FG...EFGAA.EFG.D.....DBBB...CCC. 2318 45,56,289,476,568,364,184,176,160
09 ....FH....FH.AA.GH.DE.G..DEBBB...CCC 1899 90,140,540,499,277,113,84,96,52,8
08 ....F.....F..AA.F..DE....DEBBB..CCC. 598 36,56,68,124,92,62,76,72,12
09 ....FG....FG.AA.FG.DE....DEBBB..CCC. 1780 36,56,236,278,386,256,164,184,160,24
10 ....GI...FGI.AAFHI.DE.H..DEBBB...CCC 4736 333,238,958,1061,873,509,240,232,196,80,16
10 ....HI....HIDAA.HJDEFBBJ.EFG.J...GCC 25821 1068,1260,4738,6211,5079,3301,2212,1386,494,69,3
09 ....G....FG..AAFG..DE....DEBBB..CCC. 1498 135,98,135,236,232,182,160,188,108,24
10 ....GH...FGH.AAFGH.DE....DEBBB..CCC. 4438 135,98,429,576,816,708,508,416,456,248,48
08 ...E.H...EGHAA.FGHD..F..DBBB.....CCC 2640 150,110,474,600,504,386,250,134,32
07 ...E.....EF.AA.EF.D.....DBBB...CCC.. 1157 269,30,50,148,234,218,136,72
07 ...E.G...E.GAA.F.GD..F..DBBB.....CCC 690 64,40,152,150,130,82,56,16
08 ...E.G...EFGAA.EFGD.....DBBB...CCC.. 3215 183,30,140,266,580,768,656,400,192
07 ...EG....EG.AA.FG.D..F..DBBB....CCC. 539 36,30,87,122,107,80,49,28
08 ...EGH...EGHAA.FGHD..F..DBBB....CCC. 1843 36,30,177,362,433,343,243,143,76
06 ...E.....E..AA.E..D.....DBBB...CCC.. 391 153,10,12,60,78,42,36
07 ...E.F...E.FAA.E.FD.....DBBB...CCC.. 874 86,10,42,76,208,228,128,96
07 ...EF....EF.AA.EF.D.....DBBB...CCC.. 686 39,10,33,56,174,188,102,84
08 ...EFG...EFGAA.EFGD.....DBBB...CCC.. 2271 39,10,63,155,290,602,566,318,228
08 ....FHD...FHDAA.GH..E.G...EBBB...CCC 2985 114,208,848,912,556,209,74,48,16
07 ....F.D...F.DAA.F...E.....EBBB..CCC. 870 45,82,125,254,202,86,52,24
08 ....FGD...FGDAA.FG..E.....EBBB..CCC. 2691 45,82,371,523,786,536,196,104,48
09 ....GID..FGIDAAFHI..E.H...EBBB...CCC 7708 405,320,1408,1956,1836,1097,442,164,64,16
09 ...F.I..EFHIAAEGHID..G..DBBB.....CCC 4742 450,176,694,762,750,626,450,390,332,112
08 ....G.D..FG.DAAFG...E.....EBBB..CCC. 2272 162,130,238,474,554,410,204,76,24
09 ....GHD..FGHDAAFGH..E.....EBBB..CCC. 7025 162,130,628,1061,1664,1656,1068,456,152,48
08 ...F.H..EF.HAAEG.HD..G..DBBB.....CCC 1330 192,64,232,208,196,148,102,132,56
08 ...F....EFG.AAEFG.D.....DBBB...CCC.. 2567 855,48,56,170,310,344,264,280,240
09 ...F.H..EFGHAAEFGHD.....DBBB...CCC.. 6049 549,48,200,306,704,1058,1048,792,768,576
08 ...FH...EFH.AAEGH.D..G..DBBB....CCC. 977 108,48,93,152,159,136,93,96,92
09 ...FHI..EFHIAAEGHID..G..DBBB....CCC. 3091 108,48,237,410,569,531,415,287,262,224
07 ...F....EF..AAEF..D.....DBBB...CCC.. 985 507,16,14,66,110,88,64,120
08 ...F.G..EF.GAAEF.GD.....DBBB...CCC.. 1736 258,16,62,88,246,334,252,192,288
08 ...FG...EFG.AAEFG.D.....DBBB...CCC.. 1342 117,16,35,68,202,278,210,152,264
09 ...FGH..EFGHAAEFGHD.....DBBB...CCC.. 4103 117,16,83,173,354,746,868,626,472,648
10 ....GID...GIDAA.HI.EF.H..EFBBB...CCC 6457 342,512,1912,1588,811,384,296,314,210,72,16
09 ....G.D...G.DAA.G..EF....EFBBB..CCC. 2152 135,202,215,422,318,222,260,262,92,24
10 ....GHD...GHDAA.GH.EF....EFBBB..CCC. 6221 135,202,821,877,1292,874,588,628,572,184,48
10 ....G.C...GHCAA.GHDEFBB.DEF.....F... 1712 216,252,294,150,105,133,138,163,169,80,12
11 ....HJD..GHJDAAGIJ.EF.I..EFBBB...CCC 14030 1215,792,3060,2956,2127,1272,724,774,682,300,96,32
10 ....H.D..GH.DAAGH..EF....EFBBB..CCC. 4838 486,322,382,678,670,546,524,670,400,112,48
11 ....H.C..GHICAAGHIDEFBB.DEF.....F... 5980 900,666,858,612,496,477,495,536,536,313,83,8
11 ....HID..GHIDAAGHI.EF....EFBBB..CCC. 13723 486,322,1348,1595,2278,1994,1516,1364,1604,896,224,96
12 ....I.C..GIJCAAGIJDEFHBBDEFH....F... 5412 936,414,600,630,607,476,449,450,436,293,103,17,1
12 ....H.C..GHICAAGHIDEFGBBDEF.....F... 3128 594,162,288,396,394,267,225,212,205,198,134,47,6
11 ....IJ..F.IJAAF.IKDEGBBKDEGH.K...HCC 13194 494,503,1759,2076,1688,1653,1970,1812,948,262,28,1
06 .....F....EFAA..EF.........BBB.CCCDD 445 5,20,78,122,134,74,12
07 .....G...EFGAA.EFG.........BBB.CCCDD 1151 17,28,128,248,340,266,108,16
07 ...E.H...EGHAA.FGH...F...BBB...CCCDD 575 9,8,38,80,144,162,102,32
06 ...E.....E.FAA.E.F.......BBB.GCCCDDG 221 29,4,14,32,66,60,16
08 .....G....FG.AA.FG..E.....EBBB.CCCDD 883 15,30,118,198,242,168,80,24,8
09 .....H...FGH.AAFGH..E.....EBBB.CCCDD 2353 51,42,184,372,580,540,372,160,44,8
07 ...F....EF.GAAEF.G.......BBB.HCCCDDH 483 87,6,20,42,98,128,82,20
05 .....E.....EAA...E.........BBB.CCCDD 147 3,12,36,44,44,8
06 ....EG....EGAA..FG....F...BBB..CCCDD 250 2,8,36,63,75,51,15
11 ..E.....E.G.AAF.GH..F..HBBB..H.CCCDD 251 3,3,9,11,13,12,26,38,52,49,27,8
06 .....F...E.FAA.E.F.........BBB.CCCDD 350 10,16,60,92,112,52,8
07 ....FH...EFHAA.EGH....G...BBB..CCCDD 689 7,12,62,133,193,179,83,20
12 ..E.....EGH.AAFGHI..F..IBBB..I.CCCDD 687 10,4,12,14,19,12,34,70,114,157,147,75,19
06 ...E.G...E.GAA.F.G...F...BBB...CCCDD 161 5,4,16,28,52,40,16
07 ...E.....EFGAA.EFG.......BBB.HCCCDDH 752 50,8,34,84,176,224,144,32
07 .....F.....F.AA..F..E.....EBBB.CCCDD 321 9,18,60,84,92,42,12,4
08 .....G...F.G.AAF.G..E.....EBBB.CCCDD 758 30,24,92,156,214,146,72,20,4
08 ...F....EFGHAAEFGH.......BBB.ICCCDDI 1584 150,12,46,108,256,402,378,192,40
10 ..E.....E...AAF..G..F..GBBB..G.CCCDD 111 3,3,9,11,13,12,14,18,16,9,3
11 ..E.....EG..AAFG.H..F..HBBB..H.CCCDD 252 10,4,12,14,19,12,22,34,46,47,25,7
08 ....FH....FHAA..GH.E..G..EBBB..CCCDD 494 6,16,68,113,134,92,40,15,10
09 ....GI...FGIAA.FHI.E..H..EBBB..CCCDD 1111 21,24,110,207,288,244,112,55,30,20
10 ....GI....GI.AA.HI.EF.H..EFBBB.CCCDD 858 18,28,108,169,208,140,82,49,34,20,2
07 .....G....FGAA..FG......E..BBBECCCDD 1474 18,62,240,376,416,266,84,12
11 ....HJ...GHJ.AAGIJ.EF.I..EFBBB.CCCDD 2077 63,42,170,299,456,392,274,169,106,72,30,4
08 .....H...FGHAA.FGH......E..BBBECCCDD 3442 60,82,366,698,950,770,384,116,16
09 ...F.I...FHIAA.GHIE..G..EBBB...CCCDD 1470 30,20,90,178,321,354,246,129,70,32
08 ...F.....F.GAA.F.GE.....EBBB.HCCCDDH 633 107,10,32,64,136,146,88,42,8
06 .....F.....FAA...F......E..BBBECCCDD 507 11,38,114,142,142,52,8
09 .....H....GH.AA.GH..F...E.FBBBECCCDD 2650 54,98,364,568,668,468,258,116,48,8
07 ....FH....FHAA..GH....G.E.BBB.ECCCDD 792 7,24,106,184,224,164,68,15
07 .....G...F.GAA.F.G......E..BBBECCCDD 1086 36,48,176,268,322,172,56,8
08 ....GI...FGIAA.FHI....H.E.BBB.ECCCDD 1969 24,34,170,356,518,488,260,99,20
08 ...F.H...F.HAA.G.HE..G..EBBB...CCCDD 423 17,10,38,62,118,90,48,24,16
10 .....I...GHI.AAGHI..F...E.FBBBECCCDD 6174 180,130,530,974,1434,1248,886,496,220,68,8
09 ...F.....FGHAA.FGHE.....EBBB.ICCCDDI 2070 180,20,78,172,358,494,420,236,96,16
08 .....G.....G.AA..G..F...E.FBBBECCCDD 1045 33,60,190,254,274,146,60,24,4
10 ...G.J..FGIJAAFHIJE..H..EBBB...CCCDD 2524 90,32,130,238,455,470,410,281,190,140,88
09 ....GIE...GIEAA.HI..F.H...FBBB.CCCDD 1290 21,38,154,256,324,248,142,67,28,12
09 ...G....FG.HAAFG.HE.....EBBB.ICCCDDI 1227 321,16,46,74,168,214,162,114,96,16
09 .....H...G.H.AAG.H..F...E.FBBBECCCDD 2138 108,76,272,424,556,362,208,96,32,4
12 ..F.....F.H.AAG.HI..G..IEBBB.IECCCDD 688 11,11,33,41,49,50,86,104,118,99,56,25,5
10 ....HJE..GHJEAAGIJ..F.I...FBBB.CCCDD 3281 72,54,238,468,732,712,514,291,136,52,12
13 ..F.....FHI.AAGHIJ..G..JEBBB.JECCCDD 1614 36,14,42,50,67,50,110,192,260,307,268,150,58,10
09 ...G.I..FG.IAAFH.IE..H..EBBB...CCCDD 773 51,16,58,90,176,132,96,68,42,44
10 ...G....FGHIAAFGHIE.....EBBB.JCCCDDJ 3738 540,32,106,196,438,672,666,484,356,216,32
11 ..F.....F...AAG..H..G..HEBBB.HECCCDD 355 11,11,33,41,49,50,46,48,36,19,9,2
12 ..F.....FH..AAGH.I..G..IEBBB.IECCCDD 680 36,14,42,50,67,50,70,88,98,89,51,21,4
09 ....GI....GIAA..HI.F..H.EFBBB.ECCCDD 1703 21,52,218,360,436,326,170,75,35,10
10 ....HJ...GHJAA.GIJ.F..I.EFBBB.ECCCDD 3438 72,74,330,604,838,722,374,219,115,70,20
11 ....HJE...HJEAA.IJ.FG.I..FGBBB.CCCDD 2713 63,94,350,516,620,422,248,163,115,78,38,6
09 .....H..F..HAAF..IDEFBBIDE.G.I...GCC 7135 1562,1051,2248,803,717,467,180,77,28,2
12 ....IKE..HIKEAAHJK.FG.J..FGBBB.CCCDD 5714 216,134,518,836,1208,958,632,455,331,234,134,46,12
22 ......D..GIJDAAGIJBBFHIK.EFH.K.EFCCK 5056 468,182,424,198,265,344,314,167,118,90,70,104,153,226,282,341,359,336,281,197,101,32,4
11 ....H.CE..HICEAAHIDFGBB.DFG.....G... 1344 192,213,214,81,54,76,89,113,163,114,32,3
12 ....I.CE..IJCEAAIJDFGHBBDFGH....G... 4328 744,531,588,324,251,259,299,360,461,357,132,21,1
13 ....I.CE..IJCEAAIJDFGHBBDFGH....GH.. 1968 444,105,169,204,197,135,122,129,135,138,118,58,13,1
05 ....D.....DEAA..DE...BB..........CC. 969 27,108,315,342,159,18
06 ....E.....EF..AAEF...DBB...D....CC.. 3182 108,252,825,1008,673,266,50
07 ....F....DFGAA.DFG...EBB...E....CC.. 2592 102,144,552,820,558,266,124,26
05 ...D.....D.EAA.D.E..BB..........CC.. 772 160,84,186,218,108,16
08 ....E.....EF..AAEF...DBB...D.....DCC 1781 75,48,212,384,526,378,128,29,1
06 ....E.....EF.AA.EF..DBB...D....CC... 2401 81,216,585,642,436,309,132
08 ....F.....FG..AAFG...EBB..DE....DCC. 8323 339,531,1596,2040,1688,1204,703,215,7
09 ....G....EGH.AAEGH...FBB..DF....DCC. 7103 336,315,1101,1761,1517,981,649,341,96,6
09 ....G....EGHAA.EGH.BBF....DF....DFCC 2597 144,114,406,616,525,324,228,156,66,18
06 ...E....DE.FAADE.F..BB..........CC.. 2432 604,222,476,578,416,124,12
09 ....F.....FG..AAFG.BBE....DE....DECC 4948 243,114,454,864,1125,1020,712,338,70,8
07 ....F...D.FGAAD.FG..EBB...E....CC... 1474 48,102,260,278,210,299,229,48
09 ....G...D.GHAAD.GH..EBB...EF.....FCC 5427 219,273,761,1004,901,865,826,468,108,2
10 ....H...DFHIAADFHI...GBB..EG....ECC. 4882 237,171,549,944,945,690,594,454,223,67,8
10 ....H...DFHIAADFHI.BBG....EG....EGCC 1820 108,69,223,373,350,214,174,159,102,42,6
09 ....G...DFGHAADFGH..EFBB..E....CC... 3421 165,69,247,500,626,558,566,462,193,35
05 ..D.....D..EAAD..E.BB..........CC... 772 160,223,218,109,54,8
08 ....E.....EF.AA.EF..DBB...D.....DCC. 884 48,57,74,75,168,209,165,76,12
06 ..D.....DE.FAADE.F.BB..........CC... 2432 604,489,552,388,287,100,12
09 ....F....EFG.AAEFG..DBB...D.....DCC. 3369 207,147,218,275,533,750,681,404,136,18
10 ....G....EGH.AAEGH..DFBB..DF....DCC. 3073 210,90,156,262,479,670,594,373,179,54,6
06 ..DE....DE.FAADE.F.BB..........CC... 1293 407,79,129,170,274,183,51
10 ....F....EFG.AAEFG..DEBB..D.....DCC. 2228 153,36,78,156,266,495,499,315,169,55,6
07 ....F.....FG..AAFG...EBB.D.E...D.CC. 6794 294,528,1561,2020,1517,663,175,36
08 ....G....EGHAA.EGH...FBB.D.F...DCC.. 4740 246,276,910,1278,980,567,324,133,26
07 ...E.....EFHAA.EFH.DBBG..D..G...CC.. 4572 638,232,680,1040,1056,680,226,20
15 .........EFGAA.EFGBB.EF..D.....DCC.. 3177 189,72,264,408,526,378,128,53,31,36,68,124,188,280,300,132
07 ....F.....FGAA..FG.DBB...DE.....ECC. 5684 228,492,1177,1392,1066,803,448,78
07 .........E.GAA.E.G...EBB....F.CCDDF. 2450 300,72,234,510,732,478,104,20
09 ....G.....GH.DAAGH.DEBB...EF.....FCC 17233 876,1101,2852,3630,3354,2731,1818,741,126,4
09 .........F.H.AAF.H..EFBB..E.G.CCDDG. 6637 1013,176,537,1125,1706,1380,522,131,43,4
10 ....H....FHI.AAFHI...GBB.DEG...DECC. 12840 786,609,1753,2551,2423,1914,1429,903,389,80,3
09 ..E.....EGH.AAFGH...FGBB.....ICCDD.I 4146 688,110,315,645,1007,889,374,75,33,10
08 ...F....EFGIAAEFGI.DBBH..D..H...CC.. 12788 2235,630,1630,2532,2771,1983,813,182,12
07 ........E..GAAE..G..EBB.....F.CCDDF. 1780 270,324,357,266,319,189,49,6
08 ........EF.HAAEF.H..EBB.....G.CCDDG. 5531 961,627,790,748,1050,881,381,83,10
04 .....D.....DAA...D.......BBBCC...... 33 1,4,12,8,8
05 .....E....DEAA..DF.....F.BBBCC...... 82 2,8,28,28,10,6
05 .....E..D..EAAD..E.......BBBCC...... 67 3,6,20,18,16,4
06 .....F..D.EFAAD.EG.....G.BBBCC...... 150 6,12,40,46,30,12,4
17 .........FGH.AAFGHBBEFG..DE....DCC.. 8833 588,180,570,912,1125,1020,712,374,131,100,164,294,424,567,744,639,259,30
07 .....G..DEFGAADEFH.....H.BBBCC...... 390 18,12,48,86,102,76,40,8
10 ........EFG.AAEFG...EFBB.....H.CCDDH 3222 669,58,118,201,459,713,620,278,78,24,4
06 .....E.....EAA...ED.....DBBBCC...... 99 3,10,30,20,20,12,4
07 .....F....EFAA..EGD....GDBBBCC...... 218 6,20,68,66,24,20,10,4
07 .....F...E.FAA.E.FD.....DBBBCC...... 225 9,10,38,44,52,52,12,8
08 .....G...EFGAA.EFHD....HDBBBCC...... 494 18,20,84,130,104,72,42,16,8
07 .....F..E..FAAE..FD.....DBBBCC...... 185 9,16,50,38,36,24,4,8
08 .....G..E.FGAAE.FHD....HDBBBCC...... 342 18,32,96,88,48,30,14,8,8
08 .....G..EF.GAAEF.GD.....DBBBCC...... 403 27,16,58,66,80,80,44,16,16
09 .....H..EFGHAAEFGID....IDBBBCC...... 786 54,32,112,160,160,122,78,28,24,16
05 .....E.....EAA...E.......BBBCC....DD 160 4,16,48,44,40,8
06 .....F..E..FAAE..F.......BBBCC....DD 324 12,24,80,90,82,32,4
08 ....G...E.GHAAE.GH..FBB..DF....DCC.. 3307 117,210,458,474,421,690,656,248,33
04 .....D.....DAA...E.....E.BBBCC...... 34 2,8,16,4,4
05 .....E....DEAA..DE.......BBBCC...... 81 1,4,18,26,20,12
05 .....E..D..EAAD..F.....F.BBBCC...... 70 6,12,28,14,8,2
06 .....F..D.EFAAD.EF.......BBBCC...... 147 3,6,26,40,40,24,8
07 .....G..DEFGAADEFG.......BBBCC...... 417 9,6,30,64,100,112,80,16
06 .....E.....EAA...FD....FDBBBCC...... 94 6,20,40,10,10,6,2
07 .....F....EFAA..EFD.....DBBBCC...... 235 3,10,44,62,48,40,20,8
07 .....F...E.FAA.E.GD....GDBBBCC...... 198 18,20,56,42,26,26,6,4
08 .....G...EFGAA.EFGD.....DBBBCC...... 577 9,10,52,102,128,144,84,32,16
07 .....F..E..FAAE..GD....GDBBBCC...... 178 18,32,68,24,18,12,2,4
08 .....G..E.FGAAE.FGD.....DBBBCC...... 369 9,16,64,84,76,60,28,16,16
08 .....G..EF.GAAEF.HD....HDBBBCC...... 362 54,32,84,64,50,40,22,8,8
09 .....H..EFGHAAEFGHD.....DBBBCC...... 915 27,16,72,128,176,204,156,56,48,32
08 .........F.HAA.F.H.E.FBB.E..G.CCDDG. 3909 805,120,320,592,854,664,300,162,92
07 .....F.....FAA...FE.....EBBBCC....DD 474 12,40,120,110,100,62,26,4
08 .....G...F.GAA.F.GE.....EBBBCC....DD 1042 36,40,152,206,236,230,94,40,8
06 .....F....EFAA..EF.......BBBCC....DD 394 4,16,72,116,106,68,12
07 .....G..E.FGAAE.FG.......BBBCC....DD 714 12,24,104,178,196,136,56,8
08 .....G..F..GAAF..GE.....EBBBCC....DD 882 36,64,200,200,182,122,38,32,8
08 .....H..EFGHAAEFGH.......BBBCC....DD 1962 36,24,120,274,440,508,400,144,16
09 .....H..FG.HAAFG.HE.....EBBBCC....DD 1854 108,64,232,312,366,358,226,100,72,16
09 ....H...EGHIAAEGHI..FBB..DF....DCC.. 10866 510,534,1241,1501,1522,1799,1905,1299,484,71
08 .....G....FGAA..FGE.....EBBBCC....DD 1128 12,40,176,278,254,202,110,48,8
09 .....H...FGHAA.FGHE.....EBBBCC....DD 2688 36,40,208,438,582,642,442,196,88,16
09 .....H..F.GHAAF.GHE.....EBBBCC....DD 1764 36,64,256,384,384,306,162,84,72,16
11 ....I...EGIJAAEGIJ...HBB.DFH...DFCC. 8744 525,324,831,1245,1359,1273,1243,1021,610,252,57,4
10 .....I..FGHIAAFGHIE.....EBBBCC....DD 4248 108,64,288,560,792,910,750,360,224,160,32
06 .....F.....FAA...F.......BBBCC..DDEE 183 3,12,36,48,52,24,8
07 .....G..F..GAAF..G.......BBBCC..DDEE 369 9,18,60,90,102,62,24,4
10 .........G.I.AAG.I.EFGBB.EF.H.CCDDH. 10821 2732,316,768,1332,2018,1814,941,447,302,129,22
18 ........EGHIAAEGHIBBFGH..DF....DCC.. 6065 342,114,313,524,626,558,566,474,218,88,82,160,238,263,335,447,439,238,40
08 .....G.....GAA...GF.....FBBBCC..DDEE 531 9,30,90,120,130,84,46,18,4
09 .....H...G.HAA.G.HF.....FBBBCC..DDEE 1141 27,30,114,192,250,256,166,74,24,8
10 .....I..F..IAAF..J.EGBBJ.EGH.J.CCHDD 1587 224,192,460,340,210,73,40,28,15,4,1
09 .....H..G..HAAG..HF.....FBBBCC..DDEE 981 27,48,150,210,232,162,82,46,16,8
10 .....I..GH.IAAGH.IF.....FBBBCC..DDEE 2007 81,48,174,294,388,394,306,178,88,40,16
07 ..E.....E.FHAAE.FH.DBBG..D..G..CC... 3287 573,672,685,432,473,331,109,12
15 ........E.FGAAE.FGBBE.F..D.....DCC.. 1882 129,141,139,81,168,209,165,106,75,77,114,106,117,135,92,28
07 .....G....FGAA..FG.......BBBCC..DDEE 453 3,12,54,102,124,102,44,12
08 .....H..F.GHAAF.GH.......BBBCC..DDEE 819 9,18,78,156,210,188,112,40,8
09 .....I..FGHIAAFGHI.......BBBCC..DDEE 2205 27,18,90,228,402,520,504,304,96,16
08 ..E.....EFGIAAEFGI.DBBH..D..H..CC... 10770 2164,1502,1704,1408,1697,1421,688,170,16
08 ........F..HAAF..H.EFBB..E..G.CCDDG. 3997 825,929,895,399,459,302,117,53,18
11 ..F..H..F..HAAF..I.EBB.I.E.G.I.CCGDD 1226 208,120,260,168,190,135,81,35,15,9,4,1
16 ........EFGHAAEFGHBBE.G..D.....DCC.. 6506 516,333,369,293,533,750,681,464,242,167,266,355,334,392,447,288,76
09 .....H....GHAA..GHF.....FBBBCC..DDEE 1269 9,30,132,246,298,266,162,86,32,8
06 .....F.....FAA...F.......BBBCC.DDEEE 89 1,4,12,20,28,16,8
09 ........FG.IAAFG.I.EFBB..E..H.CCDDH. 10876 2732,1668,1772,1051,1410,1214,597,245,141,46
07 .....G..F..GAAF..G.......BBBCC.DDEEE 179 3,6,20,36,52,38,20,4
10 .....I...GHIAA.GHIF.....FBBBCC..DDEE 2967 27,30,156,366,562,678,590,334,152,56,16
08 .....G.....GAA...GF.....FBBBCC.DDEEE 255 3,10,30,50,70,46,28,14,4
10 .....I..G.HIAAG.HIF.....FBBBCC..DDEE 1971 27,48,192,348,436,392,250,138,84,40,16
09 .....H...G.HAA.G.HF.....FBBBCC.DDEEE 529 9,10,38,74,118,122,84,50,16,8
19 .........FHI.AAFHIBBEGH..DEG...DECC. 5280 444,180,234,274,479,670,594,403,222,130,126,202,209,133,151,256,300,202,65,6
09 .....H..G..HAAG..HF.....FBBBCC.DDEEE 469 9,16,50,86,122,88,52,30,8,8
10 ........FG.IAAFG.I.EFGBB.E..H.CCDDH. 5497 1819,124,202,248,554,871,811,456,215,143,54
10 .....I..GH.IAAGH.IF.....FBBBCC.DDEEE 923 27,16,58,114,182,188,152,98,48,24,16
11 .....J..GHIJAAGHIJF.....FBBBCC..DDEE 4653 81,48,216,480,760,936,902,598,312,192,96,32
07 .........F...AAF....EFBB.DE..G.DECCG 3246 1386,213,281,309,508,407,140,2
08 ..EF....EFGIAAEFGI.DBBH..D..H..CC... 6016 1449,248,386,572,970,1199,845,313,34
20 .........FGH.AAFGHBBEFG..DE....DECC. 3956 363,66,107,162,266,495,499,315,169,67,23,28,59,132,164,172,198,278,265,116,12
05 .....E.....EAA...E.......BBBCC...DDD 127 3,12,36,36,32,8
06 .....F..E..FAAE..F.......BBBCC...DDD 257 9,18,60,72,66,28,4
07 .....F.....FAA...FE.....EBBBCC...DDD 375 9,30,90,90,80,50,22,4
08 .....G...F.GAA.F.GE.....EBBBCC...DDD 797 27,30,114,162,184,170,70,32,8
08 .....G..F..GAAF..GE.....EBBBCC...DDD 697 27,48,150,162,146,98,34,24,8
09 .....H..FG.HAAFG.HE.....EBBBCC...DDD 1415 81,48,174,246,286,270,166,72,56,16
07 .....G....FGAA..FG.......BBBCC.DDEEE 221 1,4,18,38,58,58,32,12
08 .....H..F.GHAAF.GH.......BBBCC.DDEEE 399 3,6,26,58,94,100,72,32,8
09 .....I..FGHIAAFGHI.......BBBCC.DDEEE 1041 9,6,30,82,162,232,248,176,80,16
09 .....H....GHAA..GHF.....FBBBCC.DDEEE 611 3,10,44,92,140,144,92,54,24,8
10 .....I...GHIAA.GHIF.....FBBBCC.DDEEE 1385 9,10,52,132,236,316,288,190,96,40,16
06 .....F.....FAA...F.......BBBCC.DDDEE 89 1,4,12,20,28,16,8
10 .....I..G.HIAAG.HIF.....FBBBCC.DDEEE 945 9,16,64,132,204,206,144,86,44,24,16
07 .....G..F..GAAF..G.......BBBCC.DDDEE 179 3,6,20,36,52,38,20,4
11 .....J..GHIJAAGHIJF.....FBBBCC.DDEEE 2163 27,16,72,176,320,426,432,318,184,96,64,32
08 .....G.....GAA...GF.....FBBBCC.DDDEE 255 3,10,30,50,70,46,28,14,4
09 .....H...G.HAA.G.HF.....FBBBCC.DDDEE 549 9,10,38,74,118,130,96,50,16,8
09 .....H..G..HAAG..HF.....FBBBCC.DDDEE 469 9,16,50,86,122,88,52,30,8,8
10 .....I..GH.IAAGH.IF.....FBBBCC.DDDEE 959 27,16,58,114,182,196,168,110,48,24,16
06 .....F....EFAA..EF.......BBBCC...DDD 313 3,12,54,90,86,56,12
07 .....G..E.FGAAE.FG.......BBBCC...DDD 567 9,18,78,138,156,112,48,8
08 .....H..EFGHAAEFGH.......BBBCC...DDD 1509 27,18,90,210,340,392,304,112,16
08 .....G....FGAA..FGE.....EBBBCC...DDD 893 9,30,132,216,206,162,90,40,8
09 .....H...FGHAA.FGHE.....EBBBCC...DDD 2063 27,30,156,336,454,490,330,152,72,16
09 .....H..F.GHAAF.GHE.....EBBBCC...DDD 1395 27,48,192,300,308,246,134,68,56,16
03 .....C.....CAA...C....BB............ 72 4,16,48,4
03 ....C.....C.AA..C....BB............. 48 3,12,27,6
04 ....CD....CDAA..CD...BB............. 174 3,12,63,84,12
04 .....D...C.DAA.C.D....BB............ 240 16,40,132,44,8
10 .....I..FGHIAAFGHIE.....EBBBCC...DDD 3261 81,48,216,432,616,698,562,272,176,128,32
04 ....D....CD.AA.CD....BB............. 178 13,32,82,42,9
05 ....DE...CDEAA.CDE...BB............. 634 13,32,178,282,116,13
05 .....E...C.EAA.C.E...DBB...D........ 208 16,24,92,64,10,2
05 ....E....CE.AA.CE....DBB...D........ 170 14,20,63,60,11,2
06 ....EF...CEFAA.CEF...DBB...D........ 596 14,20,123,246,176,15,2
03 ...C.....C..AA.C....BB.............. 48 14,12,18,4
06 .....D.....D..AA.D...CBB...C.....C.. 116 10,8,36,40,14,6,2
06 ....D.....D...AAD....CBB...C.....C.. 102 9,8,30,38,10,6,1
07 ....DE....DE..AADE...CBB...C.....C.. 354 9,8,54,128,122,26,6,1
04 .....D..C..DAAC..D....BB............ 240 16,46,144,32,2
04 ....D...C.D.AAC.D....BB............. 144 11,32,67,24,10
05 ....DE..C.DEAAC.DE...BB............. 510 11,32,163,219,65,20
05 .....E..CD.EAACD.E....BB............ 804 64,115,390,172,57,6
05 ....E...CDE.AACDE....BB............. 554 49,87,206,136,59,17
06 ....EF..CDEFAACDEF...BB............. 1922 49,87,467,742,419,133,25
06 .....F..CD.FAACD.F...EBB...E........ 700 64,69,266,206,79,14,2
06 ....F...CDF.AACDF....EBB...E........ 546 54,55,159,178,71,25,4
07 ....FG..CDFGAACDFG...EBB...E........ 1860 54,55,324,649,570,171,33,4
04 ...D....CD..AACD....BB.............. 178 60,37,53,25,3
07 .....E.....E..AA.E..CDBB..CD.....D.. 392 40,23,102,116,60,31,16,4
07 ....F.....FGAA..FGDBB...D.E.....ECC. 7820 294,711,1803,1980,1332,938,606,156
07 ....E.....E...AAE...CDBB..CD.....D.. 334 35,23,78,112,48,23,14,1
08 ....EF....EF..AAEF..CDBB..CD.....D.. 1126 35,23,147,346,380,143,37,14,1
07 .....G....FGAA..FG.......BBBCC.DDDEE 221 1,4,18,38,58,58,32,12
05 ....E...C.E.AAC.E...DBB...D......... 112 10,22,42,24,12,2
06 ....EF..C.EFAAC.EF..DBB...D......... 388 10,22,108,147,72,25,4
08 .....H..F.GHAAF.GH.......BBBCC.DDDEE 399 3,6,26,58,94,100,72,32,8
09 .....I..FGHIAAFGHI.......BBBCC.DDDEE 1077 9,6,30,82,162,236,264,192,80,16
06 ....F...CEF.AACEF...DBB...D......... 448 46,61,130,116,66,25,4
07 ....FG..CEFGAACEFG..DBB...D......... 1516 46,61,313,500,383,167,40,6
07 ....G...CEG.AACEG...DFBB..DF........ 456 52,39,100,138,86,30,10,1
09 .....H....GHAA..GHF.....FBBBCC.DDDEE 611 3,10,44,92,140,144,92,54,24,8
08 ....GH..CEGHAACEGH..DFBB..DF........ 1512 52,39,217,435,479,234,43,12,1
10 ......E..G.IEAAG.I..FGBB..F.H.CCDDH. 17708 3512,528,1464,2870,4246,3348,1258,340,112,22,8
10 .....I...GHIAA.GHIF.....FBBBCC.DDDEE 1433 9,10,52,132,236,324,316,202,96,40,16
08 .....F..C..F..CAAF..DEBB..DE.....E.. 344 40,17,74,88,65,30,21,8,1
07 ...E....CEFGAACEFG..DBBH..D..H...... 2292 276,126,440,632,566,223,28,1
10 .....I..G.HIAAG.HIF.....FBBBCC.DDDEE 945 9,16,64,132,204,206,144,86,44,24,16
07 ....F...CEF.AACEF...DEBB..D......... 284 34,17,50,86,56,19,18,4
08 ....FG..CEFGAACEFG..DEBB..D......... 932 34,17,101,236,312,172,36,20,4
11 .....J..GHIJAAGHIJF.....FBBBCC.DDDEE 2235 27,16,72,176,320,434,464,350,184,96,64,32
03 ..C.....C...AAC....BB............... 48 14,23,9,2
04 ..C..D..C..DAAC..D.BB............... 116 10,16,54,27,9
06 ....D.....D..AA.D...CBB...C.....C... 56 6,9,12,11,8,6,4
07 ....DE....DE.AA.DE..CBB...C.....C... 188 6,9,39,47,40,25,14,8
04 ..C.....CD..AACD...BB............... 178 60,61,34,20,3
05 ..C..E..CD.EAACD.E.BB............... 392 40,40,141,91,62,18
07 ....E....DE..AADE...CBB...C.....C... 234 28,26,40,50,40,25,20,5
08 ....EF...DEF.AADEF..CBB...C.....C... 768 28,26,118,170,188,132,64,35,7
06 ..C..F..CD.FAACD.F...EBB...E........ 344 40,24,91,82,75,29,3
09 .....I..F..IAAF..J..GBBJE.GH.JECCHDD 1959 246,236,580,448,269,100,44,26,9,1
08 ....F....DF..AADF...CEBB..CE....C... 246 32,17,32,57,52,26,20,9,1
09 ....FG...DFG.AADFG..CEBB..CE....C... 792 32,17,83,153,222,173,69,31,11,1
04 ..CD....CD..AACD...BB............... 102 41,15,18,21,7
09 ..C..E..C..E..CAAE...DBB...D.....D.. 194 25,8,33,37,35,19,16,13,5,3
07 ...D....CDEFAACDEF..CBBG.....G...... 1276 174,62,197,280,318,193,50,2
08 ....E....DE..AADE...CDBB..C.....C... 156 21,8,18,37,34,14,9,11,4
09 ....EF...DEF.AADEF..CDBB..C.....C... 498 21,8,42,91,145,115,43,16,13,4
07 .....E.C...E.CAA.E...DBB...D.....D.. 292 34,20,84,80,32,26,10,6
06 ...D.....DEFAA.DEF.CBB.G.C...G...... 1964 234,152,519,609,356,88,6
05 ...D.....DE.AA.DE..CBBF..C..F....... 434 83,56,133,130,30,2
04 .....D....CDAA..CD....BB............ 282 11,44,153,71,3
07 ....E..C..E..CAAE....DBB...D.....D.. 246 29,20,66,76,22,22,8,3
08 ....EF.C..EF.CAAEF...DBB...D.....D.. 810 29,20,126,274,246,66,38,8,3
05 .....E...CDEAA.CDE....BB............ 978 45,112,424,302,88,7
06 .....F...CEFAA.CEF...DBB...D........ 880 46,68,295,319,137,13,2
04 ...C.....CD.AA.CD...BB.............. 178 37,32,63,40,6
07 .....E....DE..AADE...CBB...C.....C.. 506 29,24,120,178,112,32,10,1
05 .....E..C.DEAAC.DE....BB............ 890 43,124,439,239,43,2
06 .....F..CDEFAACDEF....BB............ 3134 177,317,1208,932,409,85,6
09 ....G.....GHD.AAGHD.EBB...EF.....FCC 25317 1182,1677,4685,5788,4771,3485,2362,1116,249,2
07 .....G..CDFGAACDFG...EBB...E........ 2860 182,193,829,931,564,141,18,2
08 ........F..HAAF..HE.FBB.E...G.CCDDG. 4856 965,1095,1051,424,512,412,228,127,42
05 ...D....CDE.AACDE...BB.............. 628 155,97,178,149,45,4
08 .....F....EF..AAEF..CDBB..CD.....D.. 1662 115,69,336,500,388,165,66,22,1
09 ........FG.IAAFG.IE.FBB.E...H.CCDDH. 13788 3287,2020,2153,1174,1538,1497,1008,618,375,118
17 ........FG.IAAFG.IBBFH.JE..H.JECCDDJ 715 108,41,91,62,96,76,58,29,17,10,13,18,23,26,22,15,8,2
11 ........FGIJAAFGIJBBFH..E..H..ECCDD. 8535 2086,848,1080,768,1021,1001,646,380,304,241,130,30
06 ...E....CE.FAACE.F..DBBG..D..G...... 580 104,46,142,160,105,22,1
08 .....G..CEFGAACEFG..DEBB..D......... 1420 114,51,240,362,356,180,75,36,6
11 ........FGHIAAFGHIBBFG..E.....ECCDD. 7259 2224,165,267,310,628,939,921,675,487,372,217,54
08 .....F.C...F.CAA.F..DEBB..DE.....E.. 1000 136,59,243,232,128,95,63,32,12
07 ...E....DEFGAADEFG.CBB.H.C...H...... 6616 966,470,1513,1801,1310,476,76,4
06 ...E....DEF.AADEF..CBBG..C..G....... 1494 347,176,365,416,167,22,1
04 ..C.....C.D.AAC.D..BB............... 144 34,55,33,18,4
05 ..C..E..C.DEAAC.DE.BB............... 388 26,41,147,101,58,15
05 ..C.....CDE.AACDE..BB............... 554 148,148,114,98,40,6
08 ....F..C..F..CAAF...DEBB..DE.....E.. 806 111,59,171,224,100,67,51,20,3
06 ..C..F..CDEFAACDEF.BB............... 1408 108,106,397,338,293,139,27
09 ....FG.C..FG.CAAFG..DEBB..DE.....E.. 2558 111,59,348,737,764,315,136,65,20,3
07 ..C..G..CDFGAACDFG...EBB...E........ 1320 112,65,262,299,335,194,50,3
06 ...D....CD.EAACD.E..CBBF.....F...... 332 66,23,66,76,69,30,2
05 ..CD....CDE.AACDE..BB............... 334 103,38,54,79,49,11
09 .....F...DEF.AADEF..CDBB..C.....C... 782 71,24,105,147,178,119,63,42,23,10
10 ....H....FHIDAAFHID.EBB...EG.....GCC 20262 1122,966,3092,4635,3916,2681,1966,1252,531,99,2
05 ...D.....D.EAA.D.E.CBB.F.C...F...... 492 88,56,162,134,48,4
08 .....F.C..EF.CAAEF...DBB...D.....D.. 1218 97,60,280,368,234,104,52,20,3
10 ....H....FHIAA.FHIDBBG..D.EG....EGCC 6848 462,324,1059,1483,1265,821,615,471,222,96,30
09 .....G.CD..G.CDAAG..EFBB..EF.....F.. 888 136,45,181,176,134,80,72,41,20,3
08 ....G...DFG.AADFG..CEFBB.CE......... 684 106,45,109,172,114,49,55,28,6
09 ....GH..DFGHAADFGH.CEFBB.CE......... 2100 106,45,244,499,626,359,109,76,30,6
05 ..D.....D.E.AAD.E..CBBF..C..F....... 348 80,116,80,51,20,1
06 ..D..G..D.EGAAD.EG.CBBF..C..F....... 952 60,85,315,253,166,70,3
07 ....E.....E..AA.E..CDBB..CD.....D... 152 20,27,27,22,17,17,14,8
08 ....EF....EF.AA.EF.CDBB..CD.....D... 488 20,27,108,103,81,57,44,32,16
06 ..D.....DEF.AADEF..CBBG..C..G....... 1308 340,307,254,240,136,30,1
07 ..D..H..DEFHAADEFH.CBBG..C..G....... 3392 240,214,824,791,750,452,118,3
08 ....F....EF..AAEF..CDBB..CD.....D... 602 90,76,89,100,82,61,59,38,7
09 ....FG...EFG.AAEFG.CDBB..CD.....D... 1868 90,76,317,367,378,279,167,120,65,9
09 ....G....EG..AAEG..CDFBB.CDF....D... 606 100,49,70,114,105,58,54,42,13,1
10 ....GH...EGH.AAEGH.CDFBB.CDF....D... 1824 100,49,217,324,445,354,161,97,61,15,1
10 ..D..F.CD..F.CDAAF...EBB...E.....E.. 506 85,22,84,74,70,40,42,42,23,15,9
07 ..DE....DEFGAADEFG.CBB.H.C...H...... 3260 630,194,527,622,698,446,134,9
06 ..DE....DEF.AADEF..CBBG..C..G....... 764 230,75,102,172,139,45,1
10 ....G.....GHD.AAGHDBBF....EF....EFCC 13969 822,324,1176,2113,2957,2820,2015,1217,435,77,13
06 ...E....DE.FAADE.F.CBB.G.C...G...... 1736 372,176,486,424,225,50,3
09 ....F....EF..AAEF..CDEBB.CD.....D... 376 65,22,39,74,68,29,23,31,19,6
10 ....FG...EFG.AAEFG.CDEBB.CD.....D... 1114 65,22,105,191,290,231,93,48,42,21,6
09 .....G.C..FG.CAAFG..DEBB..DE.....E.. 4022 383,177,799,1030,796,421,243,126,44,3
08 ....G...E.GHAAE.GH..FBB.D.F...DCC... 4180 138,276,646,622,482,782,828,358,48
09 .....H..DFGHAADFGH.CEFBB.CE......... 3452 378,135,585,742,722,413,240,155,70,12
09 ....H...EGHIAAEGHI..FBB.D.F...DCC... 14299 615,723,1838,2162,1914,2064,2370,1794,713,106
08 .....F.C...F.CAA.F.D.EBB.D.E.....E.. 184 28,12,48,40,18,20,8,8,2
08 ....F..C..F..CAAF..D.EBB.D.E.....E.. 148 22,12,36,38,12,16,7,4,1
09 ....FG.C..FG.CAAFG.D.EBB.D.E.....E.. 460 22,12,72,146,124,40,32,7,4,1
06 ..DE....DE.FAADE.F.CBB.G.C...G...... 924 250,75,182,172,159,78,8
10 .....G...EFG.AAEFG.CDEBB.CD.....D... 1910 235,66,266,300,356,243,152,129,88,51,24
11 ....I...EGIJAAEGIJ...HBBD.FH..D.FCC. 12010 651,447,1294,1974,1868,1504,1515,1406,910,365,72,4
09 .....G.C...G.CAA.G.DEFBB.DEF.....F.. 640 112,36,141,116,68,64,47,32,20,4
11 ....I...EGIJAAEGIJDBBH..D.FH....FHCC 4064 288,171,498,727,626,419,399,411,303,162,54,6
09 ....G..C..G..CAAG..DEFBB.DEF.....F.. 484 82,36,93,112,52,44,37,21,6,1
10 ....GH.C..GH.CAAGH.DEFBB.DEF.....F.. 1444 82,36,201,391,384,172,99,51,21,6,1
10 ....H...EGHIAAEGHI..FGBBD.F...DCC... 8365 453,171,549,992,1224,1189,1318,1337,820,270,42
10 .....H.CE..H.CEAAH.DFGBB.DFG.....G.. 576 112,28,107,88,69,50,51,35,26,9,1
09 .....G.C..FG.CAAFG.D.EBB.D.E.....E.. 732 78,36,160,190,122,72,42,23,8,1
08 ....F..C..F..CAAF..DEBB..DE.....E... 104 16,20,15,11,9,11,10,10,2
09 ....FG.C..FG.CAAFG.DEBB..DE.....E... 320 16,20,75,56,41,32,30,25,21,4
07 ..E.....E.FHAAE.FHDBB.G.D...G..CC... 3934 664,784,792,466,552,466,186,24
09 ....G..C..G..CAAG..DEFBB.DEF....E... 388 68,54,49,50,42,36,39,37,12,1
10 ....GH.C..GH.CAAGH.DEFBB.DEF....E... 1144 68,54,211,197,190,147,103,87,68,18,1
15 ........E.FGAAE.FGBBE.F.D.....DCC... 2272 162,177,172,87,168,209,165,136,123,82,105,143,177,194,132,40
11 ..E..G.CE..G.CEAAG.D.FBB.D.F.....F.. 332 70,14,51,37,35,21,26,29,18,14,14,3
10 ....G..C..G..CAAG..DEFBB.DEF....EF.. 224 46,14,21,37,34,15,14,20,15,7,1
11 ....GH.C..GH.CAAGH.DEFBB.DEF....EF.. 620 46,14,63,100,145,116,50,32,29,17,7,1
08 ..E.....EFGIAAEFGIDBB.H.D...H..CC... 13378 2571,1796,2021,1572,1933,1898,1181,370,36
16 ........EFGHAAEFGHBBE.G.D.....DCC... 8127 669,432,468,333,545,750,681,524,369,273,273,404,524,664,686,420,112
10 .....H.C..GH.CAAGH.DEFBB.DEF.....F.. 2436 306,108,463,530,408,256,177,112,61,14,1
07 ..E.....EF.HAAEF.HDBBG..D..G...CC... 5800 1993,955,1082,725,627,321,87,10
11 ......E..H.JEAAH.J.FGHBB.FG.I.CCDDI. 32012 10068,1024,2272,3564,5265,4747,2572,1272,807,306,89,26
08 ..E.....EFHJAAEFHJDBBGI.D..GI.CC.... 11241 2321,1012,1309,1382,1744,1718,1175,488,92
19 .........FHI.AAFHIBBEGH.D.EG..D.ECC. 6971 648,255,314,330,503,670,594,433,307,218,186,243,331,385,473,487,361,181,48,4
09 ..E.....EF.HAAEF.HDBBG..D..G..CC.G.. 1187 429,143,171,118,136,95,46,30,13,6
24 ..E.....EFHIAAEFHIDBBG.JD..G.JCC.G.J 1856 310,93,223,122,158,173,114,50,34,28,16,10,2,6,6,20,32,46,72,95,98,75,48,19,6
11 ..E.....EFHJAAEFHJDBBG..D..GI.CC.GI. 3643 705,236,352,410,524,524,360,219,158,99,44,12
07 ..E.....EF.GAAEF.GDBBF..D......CC... 3846 1570,258,345,351,575,505,218,24
11 .....J..G..JAAG..K.FHBBKEFHI.KECCIDD 4507 728,596,1352,862,471,182,132,100,59,19,5,1
09 ..E.....E.GIAAE.GIDBBFH.D..FH..CCF.. 7730 1750,318,489,680,1071,1378,1188,675,175,6
17 ........EFGHAAEFGHBBEFG.D.....DCC... 5076 480,93,143,201,284,495,499,315,229,173,126,164,243,336,445,464,302,84
11 .....H.C..GH.CAAGH.DEFBB.DEF....EF.. 1172 186,42,161,153,178,124,89,87,65,45,35,7
09 ........G.HIAAG.HIBBG...EF....EFCCDD 12792 3169,3463,3089,738,825,712,430,254,100,12
12 ..G..I..G..IAAG..J.FBB.JEF.H.JECCHDD 3659 736,410,856,439,418,278,238,150,73,39,16,5,1
10 ........GHIJAAGHIJBBG...EF....EFCCDD 32012 10076,5960,5732,1906,2328,2326,1632,1049,691,276,36
05 ..D.....D.E.AAD.E.CBB.F.C...F....... 376 84,126,88,52,24,2
06 ..D..G..D.EGAAD.EGCBB.F.C...F....... 1040 64,93,345,274,175,83,6
07 ....E.C...E.CAA.E...DBB...D.....D... 168 22,30,30,22,18,20,14,12
08 ....EFC...EFCAA.EF..DBB...D.....D... 540 22,30,120,112,82,63,53,34,24
06 ..D.....DEF.AADEF.CBB.G.C...G....... 1432 360,335,286,256,148,44,3
07 ..D..H..DEFHAADEFHCBB.G.C...G....... 3768 260,236,912,873,808,508,162,9
08 ....F.C..EF.CAAEF...DBB...D.....D... 674 100,85,100,106,85,72,65,46,15
09 ....FGC..EFGCAAEFG..DBB...D.....D... 2096 100,85,355,406,399,299,206,142,83,21
05 ..D.....DE..AADE..CBBF..C..F........ 618 272,154,99,77,15,1
06 ..D..G..DE.GAADE.GCBBF..C..F........ 1080 152,88,313,221,204,90,12
09 ....G.C..EG.CAAEG...DFBB..DF....D... 686 112,55,80,126,107,68,66,46,23,3
10 ....GHC..EGHCAAEGH..DFBB..DF....D... 2072 112,55,245,366,483,370,203,135,71,29,3
05 ..D.....DE..AADE..CBBE..C........... 362 173,58,54,55,20,2
10 ..D..FC.D..FC.DAAF...EBB...E.....E.. 570 93,25,96,83,71,46,51,44,31,21,9
09 ....F.C..EF.CAAEF...DEBB..D.....D... 428 73,25,45,83,69,35,32,31,23,12
10 ....FGC..EFGCAAEFG..DEBB..D.....D... 1274 73,25,120,218,318,240,120,75,44,29,12
06 ..D.....DEG.AADEG.CBBF..C..F........ 1826 656,363,301,315,152,37,2
07 ..D..H..DEGHAADEGHCBBF..C..F........ 3848 416,231,868,784,840,519,175,15
06 ..D.....DEF.AADEF.CBBE..C........... 1090 419,141,158,205,124,39,4
10 .....GC..EFGCAAEFG..DEBB..D.....D... 2166 259,75,304,339,377,263,191,151,106,71,30
08 ..........GHAA..GHDEBBG.DEF.....FCC. 20322 876,1773,4005,4753,3530,2521,1990,794,80
08 ........F.GHAAF.GHBBF...E.....ECCDDD 1999 377,427,455,182,227,192,93,34,12
09 ........FGHIAAFGHIBBF...E.....ECCDDD 5092 1192,676,768,432,602,628,434,222,102,36
06 ...D.....DEFAA.DEF..BB.........CCC.. 1949 268,88,230,495,566,266,36
07 ...E....DEFGAADEFG..BB.........CCC.. 4985 863,175,421,919,1270,925,352,60
11 ....F...D.FGAAD.FG..EBBH..E..HCCC..H 298 6,12,46,65,57,27,27,12,13,15,15,3
12 ....G...DFGHAADFGH..EBBI..E..ICCC..I 996 27,30,123,206,226,150,90,47,27,25,27,15,3
11 ...F....DF.GAADF.G..EBBH..E..HCCC..H 242 30,6,20,34,54,36,16,9,10,12,12,3
09 .........GHIAA.GHIDEBBH.DEF.....FCC. 57277 3204,3780,9174,11349,10252,8259,6360,3639,1132,128
08 ...F....DFGHAADFGH.BB.....E.....ECCC 2585 464,66,154,349,556,528,324,124,20
12 ...FG...DFGHAADFGH..EBBI..E..ICCC..I 638 21,6,29,70,132,174,108,44,17,10,12,12,3
10 ..D.....D..EAAD..E.BB..F.....FCCC..F 192 24,24,48,8,2,6,6,20,24,24,6
07 ........D..FAAD..F..DBB.....E.CCC.E. 1365 231,252,224,134,226,199,79,20
13 ........D.EGAAD.EG..DBBH....FHCCC.FH 415 31,31,62,5,1,3,9,17,43,69,74,48,18,4
12 ........D..FAAD..F..DBBG...E.GCCCE.G 506 80,44,88,12,3,9,15,39,69,78,53,14,2
08 ........DE.GAADE.G..DBB.....F.CCC.F. 4214 837,492,444,312,612,753,518,200,46
14 ........DEFHAADEFH..DBBI....GICCC.GI 1392 115,64,128,9,2,6,22,47,117,220,277,228,116,35,6
13 ........DE.GAADE.G..DBBH...F.HCCCF.H 308 56,20,40,4,1,3,7,16,35,48,45,23,8,2
11 ........DE.HAADE.H..DFBB...FG..CCCG. 2969 648,240,216,164,348,513,435,212,93,60,32,8
15 ........DEGIAADEGI..DBBJ...FHJCCCFHJ 1083 94,33,66,4,1,3,13,30,73,152,217,206,126,50,13,2
08 .........EFGAA.EFGBB.E...D.....DCCC. 3644 784,156,316,590,712,450,252,240,144
10 .........FGH.AAFGHBBEF...DE....DCCC. 9798 2577,344,613,1129,1610,1352,807,571,495,264,36
14 ....G...E.GHAAE.GHBBF..I.DF..I.DCCCI 583 12,20,68,80,66,30,34,25,41,56,60,41,31,16,3
10 ....I....GIJ.AAGIJ..FHBBDEFH..DECC.. 39750 2706,2007,5331,7229,6693,5464,4501,3370,1843,551,55
15 ....H...EGHIAAEGHIBBF..J.DF..J.DCCCJ 1690 54,50,178,242,244,156,100,60,55,82,124,127,89,71,46,12
12 ........EGHIAAEGHIBBFG...DF....DCCC. 5285 1393,130,224,428,708,736,527,307,227,249,216,116,24
08 ........E..GAAE..G.DEBB..D..F.CCC.F. 3567 773,834,714,292,408,342,142,42,20
15 ........E.FHAAE.FH.DEBBI.D..GICCC.GI 817 89,89,178,17,3,7,20,28,59,89,97,69,38,20,10,4
09 ........EF.HAAEF.H.DEBB..D..G.CCC.G. 9775 2618,1523,1312,670,1095,1216,827,352,114,48
16 ........EFGIAAEFGI.DEBBJ.D..HJCCC.HJ 2338 302,169,338,29,6,14,48,82,166,280,341,283,159,71,32,14,4
12 ........EF.IAAEF.I.DEGBB.D.GH..CCCH. 5299 1710,633,498,228,437,601,501,274,151,124,96,39,7
07 ...E.....EFGAA.EFGBB....D.....DCCC.. 6294 1051,245,579,1195,1548,1098,470,108
08 ....F.C...F.CAA.F..DEBB..DE.....E... 488 76,95,69,44,38,51,45,46,24
09 ....FGC...FGCAA.FG.DEBB..DE.....E... 1496 76,95,354,251,166,141,145,116,104,48
09 ....G.C..FG.CAAFG..DEBB..DE.....E... 1842 330,260,227,212,174,168,179,167,104,21
10 ....GHC..FGHCAAFGH.DEBB..DE.....E... 5388 330,260,1007,893,802,630,505,423,334,177,27
10 ....H.C..FH.CAAFH..DEGBB.DEG....E... 1782 356,165,178,252,216,149,166,154,108,35,3
11 ....HIC..FHICAAFHI.DEGBB.DEG....E... 4992 356,165,673,786,968,757,460,363,263,157,41,3
11 ..E..GCDE..GCDEAAG...FBB...F.....F.. 1586 329,70,252,166,142,96,124,130,106,81,63,27
10 ....G.C..FG.CAAFG..DEFBB.DE.....E... 1080 229,70,99,166,138,72,75,85,77,51,18
09 ....H...F.HIAAF.HI..GBB.DEG...DECC.. 10491 351,609,1246,1183,1049,1882,2451,1409,296,15
11 ....GHC..FGHCAAFGH.DEFBB.DE.....E... 2946 229,70,309,463,636,482,255,189,136,102,57,18
09 ...F.....FGH.AAFGHBBE...D.E...DCCC.. 14587 3225,468,968,1946,2786,2387,1531,882,342,52
12 ....G...E.GHAAE.GHD.FBBID.F..ICCC..I 758 15,28,101,132,120,60,68,61,42,50,52,26,3
13 ....H...EGHIAAEGHID.FBBJD.F..JCCC..J 2259 66,67,257,396,438,306,206,156,104,85,88,64,23,3
13 ...G....EGIJAAEHIJBBFH..D.FH..DCCC.. 1793 409,99,168,209,220,156,92,64,56,68,90,91,56,15
14 ...G....EG.HAAEG.HBBF..ID.F..IDCCC.I 546 60,11,33,46,69,39,21,25,29,45,53,47,39,23,6
12 ........EGHIAAEGHIBBFG..D.F...DCCC.. 6716 1549,143,281,579,914,917,703,469,298,283,316,212,52
16 ...G....EGHJAAEGHJBBF..KD.F.IKDCCCIK 1557 102,22,86,167,271,261,120,52,43,36,46,60,81,96,75,33,6
15 ...G....EGHJAAEGHJBBF.I.D.F.I.DCCCI. 1418 126,33,85,153,227,192,102,68,54,50,64,78,81,63,33,9
16 ...G....EG.IAAEG.IBBF.HJD.F.HJDCCCHJ 1327 42,11,48,100,174,219,117,57,57,51,73,89,92,96,71,27,3
11 .....HC..FGHCAAFGH.DEFBB.DE.....E... 5598 887,210,794,696,754,536,439,418,345,264,183,72
08 ........E..GAAE..GD.EBB.D...F.CCC.F. 4240 904,975,822,325,487,448,207,52,20
15 ........E.FHAAE.FHD.EBBID...GICCC.GI 1070 112,112,224,19,3,8,22,31,74,121,140,109,61,25,7,2
13 ........E..GAAE..GD.EBBHD..F.HCCCF.H 1437 290,158,316,48,11,29,39,83,142,163,113,37,6,2
08 ..EF....EFGIAAEFGICDBBHJCD..HJ...... 8536 1516,429,1177,1488,1803,1346,639,137,1
09 ........EF.HAAEF.HD.EBB.D...G.CCC.G. 11831 3106,1792,1530,756,1280,1525,1143,520,133,46
16 ........EFGIAAEFGID.EBBJD...HJCCC.HJ 3181 388,214,428,33,6,16,54,92,201,368,476,429,273,132,51,16,4
15 ........EF.HAAEF.HD.EBBID..G.ICCCG.I 730 176,64,128,14,3,8,16,29,58,77,73,41,23,12,6,2
10 ....I...FHIJAAFHIJ..GBB.DEG...DECC.. 31826 1482,1509,3265,3556,3548,4531,5762,5030,2522,590,31
13 ........EF.IAAEF.I..EGBBD..GH.DCCCH. 7411 2208,817,692,381,679,904,753,437,229,124,104,57,22,4
17 ........EFHJAAEFHJD.EBBKD..GIKCCCGIK 2157 286,102,204,14,3,8,32,61,125,243,337,323,216,114,54,24,9,2
11 ....J...FHJKAAFHJK..GIBBDEGI..DECC.. 23774 1479,900,2121,2807,2947,2973,3257,3216,2415,1242,369,48
09 .........FGHAA.FGHBB.F..DE....DECCC. 12623 3220,473,855,1483,2028,1741,1215,900,564,144
16 ........F.GHAAF.GHBBF.G.DE....DECC.. 5386 465,486,396,99,168,209,165,166,246,346,438,459,496,527,442,226,52
10 .....I..F.HIAAF.HJDEFBBJDE.G.J...GCC 19032 3510,2311,5101,2007,2204,2115,1279,392,80,31,2
17 ........FGHIAAFGHIBBF.H.DE....DECC.. 17358 1758,1074,950,369,545,750,681,584,595,692,932,1327,1530,1673,1770,1376,624,128
09 ..F.....FGIKAAFGIK.EBBJ.DE.HJ.DCCH.. 23638 6913,2930,3115,2352,2796,2713,1862,784,163,10
20 ......D..GIJDAAGIJBBFHI..EFH...EFCC. 13116 1404,546,544,354,503,670,594,463,410,377,488,689,915,950,900,987,1019,792,391,108,12
11 ......D..GHIDAAGHIBBFG...EF....ECCC. 31554 10229,1020,1560,2546,3810,3766,3039,2445,1769,971,345,54
21 ......D..GHIDAAGHIBBFGH..EF....EFCC. 9816 1185,177,217,213,284,495,499,315,229,185,167,231,364,575,833,958,849,706,647,463,196,28
14 ....H...F.HIAAF.HIDEGBBJDEG..JCCC..J 1685 30,48,156,171,147,69,89,114,143,192,203,154,105,54,10
15 ....I...FHIJAAFHIJDEGBBKDEG..KCCC..K 4286 132,115,389,486,492,324,236,215,205,267,387,401,280,199,127,31
13 ........FHIJAAFHIJBBGH..DEG...DECCC. 15512 5105,323,475,797,1346,1555,1386,1098,905,895,843,568,192,24
16 ........F.GIAAF.GIDEFBBJDE..HJCCC.HJ 2441 343,343,686,67,9,19,50,53,108,167,193,161,113,69,38,18,4
09 ....G.CD..G.CDAAG..EFBB..EF.....F... 360 64,75,39,22,20,31,31,38,34,6
10 ....GHCD..GHCDAAGH.EFBB..EF.....F... 1056 64,75,264,139,84,78,92,84,93,71,12
10 ....H.CD..H.CDAAH..EFGBB.EFG....F... 1268 260,195,127,106,89,96,114,129,111,38,3
11 ....HICD..HICDAAHI.EFGBB.EFG....F... 3512 260,195,712,487,403,331,299,285,277,204,56,3
17 ........FGHJAAFGHJDEFBBKDE..IKCCC.IK 6156 1082,601,1202,109,18,38,120,166,302,500,623,562,386,230,126,63,24,4
12 ..F..HCDF..HCDFAAH.E.GBB.E.G.....G.. 1116 286,45,156,83,71,50,73,86,75,64,70,48,9
11 ....H.CD..H.CDAAH..EFGBB.EFG....FG.. 672 166,45,54,83,69,37,43,54,54,41,23,3
12 ....HICD..HICDAAHI.EFGBB.EFG....FG.. 1692 166,45,189,245,318,242,135,114,92,73,47,23,3
12 .....ICD..HICDAAHI.EFGBB.EFG....FG.. 3652 738,135,490,357,377,273,248,267,239,201,187,119,21
07 .........EF.AA.EF....EBB.....GCCCDDG 1116 126,36,117,255,342,200,36,4
08 ........EFG.AAEFG....FBB.....HCCCDDH 2632 384,70,210,462,706,556,200,36,8
08 .........FG.AA.FG..E.FBB.E...HCCCDDH 1624 320,60,160,296,400,280,94,10,4
09 ........FGH.AAFGH..E.GBB.E...ICCCDDI 3964 984,128,304,548,835,722,332,85,22,4
08 ....F.C...F.CAA.F.D.EBB.D.E.....E... 128 20,25,18,11,10,14,10,16,4
09 ....FGC...FGCAA.FGD.EBB.D.E.....E... 392 20,25,93,65,42,38,39,28,34,8
09 ....G.C..FG.CAAFG.D.EBB.D.E.....E... 492 88,69,60,56,45,47,45,49,28,5
10 ....GHC..FGHCAAFGHD.EBB.D.E.....E... 1440 88,69,267,236,211,167,142,111,97,45,7
06 ...D.....DEFAA.DEF..BB....CC........ 2341 301,188,513,661,482,172,24
10 ....H.C..FH.CAAFH.D.EGBBD.EG....E... 484 96,44,48,69,55,42,46,41,32,10,1
11 ....HIC..FHICAAFHID.EGBBD.EG....E... 1360 96,44,180,213,261,197,134,106,71,45,12,1
11 ..E..GC.E..GC.EAAGD..FBBD..F.....F.. 428 86,19,69,46,36,27,35,32,31,27,17,3
10 ....G.C..FG.CAAFG.D.EFBBD.E.....E... 296 62,19,27,46,35,21,23,20,21,18,4
11 ....GHC..FGHCAAFGHD.EFBBD.E.....E... 812 62,19,84,127,173,125,77,59,32,30,20,4
06 ....E.....EFAA..EF...BB........CCDD. 924 9,36,105,204,330,213,27
08 ....F.....FG..AAFG...EBB...E...CCDD. 2742 30,60,205,440,792,790,359,63,3
10 ....G....EGHAA.EGH...FBB...F...CCDD. 1840 18,24,94,214,402,519,355,142,55,15,2
06 .........E..AA.E.....EBB.....FCCDD.F 759 157,40,100,196,204,50,12
08 .........EFHAA.EFH...EBB....G.CCDDG. 1703 143,32,128,296,484,428,150,34,8
08 ....F.....FG.AA.FG..EBB...E....CCDD. 2061 24,60,160,311,573,592,262,61,18
07 ...E....DEFGAADEFG..BB....CC........ 6235 991,423,1090,1498,1317,716,184,16
09 ....G....FGH.AAFGH..EBB...E....CCDD. 6542 84,105,322,708,1421,1841,1353,554,130,24
07 ...F....DFH.AADGH...EGBB..ECCI.....I 5694 923,626,1250,1392,1014,410,74,5
12 ....H....FHI.AAFHI..EGBB..EG...CCDD. 4652 54,45,156,372,777,1167,1063,590,250,117,49,11,1
07 ..DF....DFGHAAEFGH..EBB..CC......... 3996 688,243,580,835,837,562,216,35
07 ........EF..AAEF.....FBB.....GCCDD.G 2202 554,100,242,440,528,253,61,24
10 .........FGI.AAFGI..EFBB..E.H.CCDDH. 4301 459,76,280,636,1062,1049,505,150,57,23,4
06 ..D.....D.EFAAD.EF.BB....CC......... 1684 258,348,414,309,239,100,16
09 ....G...E.GHAAE.GH..FBB...F...CCDD.. 1085 9,18,45,85,186,300,228,132,70,12
07 ..D.....DEFGAADEFG.BB....CC......... 5334 948,728,981,949,946,574,184,24
10 ....H...EGHIAAEGHI..FBB...F...CCDD.. 3717 36,36,102,226,518,873,886,573,304,136,27
07 ..DE....DEFGAADEFG.BB....CC......... 3045 631,150,275,417,612,594,305,61
13 ....I...EGIJAAEGIJ..FHBB..FH...CCDD. 2847 27,18,57,141,332,597,696,478,222,131,94,43,10,1
08 ..E.....EG..AAFG....FGBB.....HCCDD.H 1511 419,64,150,260,335,201,49,23,10
11 .....HC..FGHCAAFGHD.EFBBD.E.....E... 1524 234,57,217,192,199,144,128,111,94,84,54,10
08 ........E.FHAAE.FH..EBB.....G.CCDDG. 912 110,125,140,106,165,155,78,27,6
09 ........EFGIAAEFGI..EBB.....H.CCDDH. 3077 408,251,326,333,543,604,392,159,51,10
09 ........EF..AAEF....EFBB.....G.CCDDG 1156 375,34,61,85,192,227,130,36,12,4
10 ........EFGIAAEFGI..EFBB....H.CCDDH. 1956 294,24,54,104,238,420,449,260,79,26,8
08 .........E.GAA.E.G.D.EBB.DCCF.....F. 4137 837,316,693,833,730,508,182,30,8
07 ....F.....FGAA..FGBB.....E.....ECCDD 1902 24,72,192,376,616,442,135,45
09 ....G..E..GH.EAAGH...FBB...F...CCDD. 4732 72,108,324,676,1216,1196,638,319,158,25
12 ....H....FHIAA.FHI.E.GBB.E.G...CCDD. 2470 36,36,120,256,480,588,404,212,149,109,60,18,2
07 .........F..AA.F...E.FBB.E...GCCDD.G 1391 451,72,144,240,274,124,50,36
09 ....G.....GH.EAAGH.EFBB...F....CCDD. 3934 60,120,275,515,943,973,580,308,133,27
10 ....H..E..HI.EAAHI..FGBB..FG...CCDD. 10660 192,192,488,1000,1994,2510,2000,1235,704,297,48
09 ........EF.HAAEF.H.D.FBB.DCCG.....G. 11343 2769,779,1569,1951,1927,1458,668,170,44,8
14 ....I....GIJ.AAGIJ.EFHBB.EFH...CCDD. 6094 108,72,201,435,909,1299,1151,697,412,337,260,144,56,12,1
09 .........G.H.AAG.HBBFG...EF....ECCDD 4227 1620,196,372,556,712,441,171,112,41,6
11 ....H...F.HIAAF.HI.EGBB..EG...CCDD.. 1833 18,30,62,106,234,368,312,252,220,143,70,18
11 .....J..F.IJAAF.IK.EGBBK.EGH.K.CCHDD 3929 376,324,904,936,752,376,148,61,32,14,5,1
12 ....I...FHIJAAFHIJ.EGBB..EG...CCDD.. 5460 72,60,136,268,620,1004,1009,730,570,467,330,161,33
15 ....J...FHJKAAFHJK.EGIBB.EGI...CCDD. 3673 54,30,74,162,386,660,735,515,275,221,217,167,110,53,13,1
07 ........F..GAAF..GBBF....E.....ECCDD 2069 529,613,538,189,147,39,10,4
08 ........E..GAAE..G.DEBB..DCCF.....F. 4118 824,1015,1058,551,404,199,53,11,3
08 ........FG.HAAFG.HBBF....E.....ECCDD 5248 1716,1086,1054,482,532,268,68,30,12
12 ..F..I..F.HIAAF.HJ.EBB.J.E.G.J.CCGDD 3081 400,224,502,339,458,462,368,179,68,46,25,7,3
09 ........EF.HAAEF.H.DEBB..DCCG.....G. 11298 2794,1893,2175,1545,1475,945,364,85,18,4
10 ........EF.HAAEF.H.DEFBB.DCCG.....G. 5744 1783,325,462,563,839,884,599,228,40,19,2
07 ....F.....FGAA..FGBB....E.....ECCDD. 3061 30,105,295,575,935,746,294,81
09 ....G.....GH..AAGH...FBBE..F..ECCDD. 8548 96,168,544,1154,2078,2263,1447,632,163,3
11 ....H....FHIAA.FHI...GBBE..G..ECCDD. 5428 54,63,231,513,963,1305,1105,701,365,109,17,2
09 ....G.....GH.AA.GHBBF...E.F...ECCDD. 5895 72,162,396,746,1331,1378,944,545,249,72
10 ....H....GHI.AAGHIBBF...E.F...ECCDD. 17393 240,270,750,1570,3064,3918,3363,2279,1304,536,99
13 ....I....GIJEAAGIJE.FHBB..FH...CCDD. 11585 144,108,336,752,1531,2268,2224,1709,1265,785,341,100,20,2
07 ...F..D..FH.DAAGH...EGBB..ECCI.....I 23321 4255,3287,6158,5609,3072,858,78,4
11 ......E..GHJEAAGHJ..FGBB..F.I.CCDDI. 10451 1490,216,728,1544,2507,2373,1053,308,128,66,30,8
11 ....H...F.HIAAF.HIE.GBB.E.G...CCDD.. 2371 18,33,73,127,282,436,456,366,296,177,77,30
10 .....J..F.IJAAF.IK..GBBKE.GH.KECCHDD 5040 414,400,1165,1280,1007,503,180,60,23,7,1
12 ....I...FHIJAAFHIJE.GBB.E.G...CCDD.. 7353 72,66,164,332,764,1231,1371,1147,884,668,402,193,59
15 ....J...FHJKAAFHJKE.GIBBE.GI...CCDD. 5125 54,33,91,205,482,831,960,770,512,397,334,229,136,68,20,3
07 ..E.....E.HIAAF.HID.FBB.DCCG.....G.. 17884 3216,3218,4954,3749,2007,632,102,6
07 ........F..GAAF..GBBF...E.....ECCDD. 2440 608,713,616,194,185,80,32,12
09 ....G.C...G.CAA.G.DEFBB.DEF.....F... 400 72,84,42,22,21,34,31,46,40,8
10 ....GHC...GHCAA.GHDEFBB.DEF.....F... 1168 72,84,294,148,85,84,101,88,112,84,16
08 ........FG.HAAFG.HBBF...E.....ECCDD. 6409 2019,1291,1253,513,607,407,183,100,36
11 ..E.....EGI.AAFGI.D.FHBBDCCH.J.....J 12717 2647,1612,2832,2642,1794,752,201,97,86,30,20,4
10 ........FG.IAAFG.IBBFH..E..H..ECCDD. 3672 1240,525,625,313,374,276,124,78,67,40,10
18 ........FGIJAAFGIJBBFH.KE..H.KECCDDK 2198 246,92,212,162,267,268,225,119,64,30,27,45,73,98,103,82,53,26,6
10 ........FG.HAAFG.HBBFG..E.....ECCDD. 3010 1331,103,151,140,285,347,275,168,117,71,22
10 ....H.C..GH.CAAGH.DEFBB.DEF.....F... 1436 300,222,138,112,92,107,120,145,139,54,7
11 ....HIC..GHICAAGHIDEFBB.DEF.....F... 3944 300,222,804,526,424,351,338,311,319,257,83,9
09 ..E.....EGH.AAFGH.D.FGBBDCC..I.....I 9182 2084,597,1234,1569,1603,1246,640,171,28,10
11 ....I.C..GI.CAAGI.DEFHBBDEFH....F... 1332 312,138,108,138,111,91,112,120,123,64,14,1
08 ........E..GAAE..GD.EBB.DCC.F.....F. 4930 962,1200,1222,611,491,310,106,22,6
08 ....G.....GHAA..GHBB....EF....EFCCDD 6884 84,231,595,1169,1925,1670,838,327,45
12 ....IJC..GIJCAAGIJDEFHBBDEFH....F... 3456 312,138,522,462,523,403,299,270,228,197,85,16,1
12 ..F..HCEF..HCEFAAHD..GBBD..G.....G.. 1276 318,54,186,92,72,56,82,90,94,89,83,51,9
09 ........EF.HAAEF.HD.EBB.DCC.G.....G. 14118 3352,2318,2613,1752,1691,1318,752,259,51,12
11 ....H.C..GH.CAAGH.DEFGBBDEF.....F... 784 198,54,60,92,70,43,52,54,62,59,34,6
12 ....HIC..GHICAAGHIDEFGBBDEF.....F... 1948 198,54,222,272,346,251,162,141,96,92,72,36,6
12 ........EF.IAAEF.ID.EGBBDCCGH.....H. 9825 2626,1118,1417,1171,1182,848,474,344,333,211,69,28,4
10 ........EF.HAAEF.HD.EFBBDCC.G.....G. 7368 2161,417,598,675,933,1005,829,506,187,49,8
10 ....H..F..HI.FAAHI...GBBE..G..ECCDD. 16036 240,330,940,1940,3482,3750,2636,1645,821,227,25
13 ....I....GIJAA.GIJ.F.HBBEF.H..ECCDD. 7764 108,99,309,639,1197,1542,1334,1002,716,447,249,100,20,2
12 .....IC..GHICAAGHIDEFGBBDEF.....F... 4196 834,162,582,396,398,293,287,293,281,270,238,138,24
10 ....H..F..HI.FAAHIBBG...E.G...ECCDD. 12610 192,360,768,1404,2489,2606,2033,1493,842,348,75
11 ....I.EF..IJEFAAIJ..GHBB..GH...CCDD. 31432 576,540,1260,2468,4766,5931,5443,4538,3332,1840,628,110
15 ....J....HJKEAAHJKEFGIBB.FGI...CCDD. 16436 288,180,456,920,1873,2631,2561,2138,1826,1492,1049,612,285,101,22,2
10 ......E..H.IEAAH.IBBGH...FG....FCCDD 13788 6292,670,1150,1540,1954,1243,497,326,93,17,6
12 ....I...G.IJAAG.IJEFHBB.EFH...CCDD.. 4779 36,57,107,169,378,572,700,751,759,629,394,185,42
12 .....K..G.JKAAG.JL.FHBBLEFHI.LECCIDD 9625 1096,906,2398,2208,1550,744,349,188,111,50,18,6,1
13 ....J...GIJKAAGIJKEFHBB.EFH...CCDD.. 12700 144,114,232,416,968,1493,1723,1660,1615,1597,1322,914,423,79
16 ....K...GIKLAAGIKLEFHJBBEFHJ...CCDD. 7565 108,57,125,247,590,957,1068,898,683,638,660,586,461,309,140,35,3
08 ........G..HAAG..HBBG...EF....EFCCDD 7451 2139,2398,1978,336,336,167,67,26,4
09 ........GH.IAAGH.IBBG...EF....EFCCDD 17708 6720,4110,3666,857,1025,720,340,180,78,12
13 ..G..J..G.IJAAG.IK.FBB.KEF.H.KECCHDD 7989 1336,724,1552,798,876,755,735,507,315,226,115,37,10,3
10 ....H.CE..H.CEAAH.DFGBB.DFG.....G... 320 64,71,24,11,11,20,21,32,46,18,2
11 ....HICE..HICEAAHIDFGBB.DFG.....G... 896 64,71,237,83,43,46,62,61,87,101,37,4
11 ....I.CE..I.CEAAI.DFGHBBDFGH....G... 1064 248,177,78,56,47,60,75,100,132,74,16,1
12 ....IJCE..IJCEAAIJDFGHBBDFGH....G... 2768 248,177,609,290,213,184,196,202,240,263,123,22,1
13 ..G..ICEG..ICEGAAIDF.HBBDF.H.....H.. 968 292,35,117,46,36,29,47,58,63,64,79,73,26,3
12 ....I.CE..I.CEAAI.DFGHBBDFGH....GH.. 512 148,35,33,46,35,22,29,34,41,42,35,11,1
13 ....IJCE..IJCEAAIJDFGHBBDFGH....GH.. 1160 148,35,138,145,173,126,85,82,64,62,53,37,11,1
04 .....D.....DAA...D....BB..........CC 340 16,64,192,64,4
04 ....D.....D.AA..D....BB..........CC. 210 9,36,81,72,12
05 ....DE....DEAA..DE...BB..........CC. 738 9,36,189,279,201,24
05 .....E.....E..AA.E...DBB...D....CC.. 988 56,128,432,240,92,40
05 ....E.....E...AAE....DBB...D....CC.. 699 36,84,219,210,116,34
07 ........F..GAAF..GBBF...E.....ECCDDD 1086 265,305,291,80,90,41,10,4
06 ....EF....EF..AAEF...DBB...D....CC.. 2401 36,84,471,807,639,298,66
06 .....F...D.FAA.D.F...EBB...E....CC.. 720 44,64,248,200,68,74,22
08 ........FG.HAAFG.HBBF...E.....ECCDDD 2496 804,462,474,190,248,187,89,30,12
06 ....F....DF.AA.DF....EBB...E....CC.. 578 34,48,152,180,88,58,18
07 ....FG...DFGAA.DFG...EBB...E....CC.. 1938 34,48,296,612,556,228,130,34
04 ...D.....D..AA.D....BB..........CC.. 210 64,36,54,48,8
07 .....E.....E..AA.E...DBB...D.....DCC 470 36,16,72,104,144,66,30,2
07 ....E.....E...AAE....DBB...D.....DCC 396 25,16,60,88,130,54,22,1
08 ....EF....EF..AAEF...DBB...D.....DCC 1330 25,16,108,268,354,398,126,34,1
05 .....E..D..EAAD..E....BB..........CC 988 56,152,480,258,40,2
05 ....E.....E..AA.E...DBB...D....CC... 530 27,72,147,132,76,76
06 ....EF....EF.AA.EF..DBB...D....CC... 1806 27,72,363,525,407,224,188
06 .....F..D..FAAD..F..BB.....E.....ECC 2899 196,304,1056,747,394,165,37
07 ....F.....F...AAF....EBB..DE....DCC. 1865 113,177,414,432,337,257,130,5
08 ....FG....FG..AAFG...EBB..DE....DCC. 6194 113,177,945,1590,1428,993,655,284,9
07 .....G..DE.GAADE.G...FBB...F....CC.. 2135 154,152,592,543,322,218,121,33
08 ....G....EG..AAEG....FBB..DF....DCC. 1618 112,105,297,401,280,208,149,61,5
09 ....GH...EGH.AAEGH...FBB..DF....DCC. 5232 112,105,612,1256,1349,818,527,329,117,7
08 .....G...E.GAA.E.G.BBF....DF....DFCC 652 56,38,152,138,98,59,63,36,12
13 .....JCE..IJCEAAIJDFGHBBDFGH....GH.. 2936 732,105,365,204,199,149,159,182,187,190,211,183,63,7
08 ....G....EG.AA.EG..BBF....DF....DFCC 565 48,38,110,132,93,57,54,24,9
09 ....GH...EGHAA.EGH.BBF....DF....DFCC 1984 48,38,224,462,471,303,177,162,72,27
05 ...E....DE..AADE....BB..........CC.. 699 249,99,141,149,55,6
08 .....F.....F..AA.F.BBE....DE....DECC 1392 126,38,168,228,299,250,199,72,12
05 .....E....DEAA..DE....BB..........CC 1210 40,160,564,364,79,3
07 ...E.....EFGAA.EFG..BB....CC....DD.. 9416 1164,460,1313,2231,2380,1412,408,48
08 ....F.....F...AAF..BBE....DE....DECC 1123 81,38,126,204,259,204,153,53,5
06 .....F....EF..AAEF...DBB...D....CC.. 3719 146,336,1306,1158,549,185,39
09 ....FG....FG..AAFG.BBE....DE....DECC 3641 81,38,240,582,811,867,591,349,71,11
07 .....G...DFGAA.DFG...EBB...E....CC.. 2861 122,176,774,910,502,222,127,28
06 ....F...D.F.AAD.F...EBB...E....CC... 332 16,34,64,54,42,94,28
07 ....FG..D.FGAAD.FG..EBB...E....CC... 1096 16,34,166,234,177,154,247,68
07 .....G..D..GAAD..G..EBB...EF.....FCC 2135 154,184,656,561,354,163,59,4
05 ...D.....DE.AA.DE...BB..........CC.. 699 144,84,171,194,94,12
08 .....F....EF..AAEF...DBB...D.....DCC 1907 96,48,240,416,540,390,146,30,1
05 ....D.....DEAA..DE...BB.........CCC. 741 18,72,210,273,150,18
08 ....G...D.G.AAD.G...EBB...EF.....FCC 1242 73,91,193,214,183,218,201,68,1
09 ....GH..D.GHAAD.GH..EBB...EF.....FCC 3989 73,91,466,769,743,600,623,477,144,3
06 .....F..D.EFAAD.EF....BB..........CC 3230 134,362,1306,1016,361,49,2
08 .....H..DF.HAADF.H...GBB..EG....ECC. 1592 121,92,360,370,291,170,127,52,9
06 ....E.....EF..AAEF...DBB...D...CCC.. 2218 69,156,515,724,539,192,23
07 ....F....DFGAA.DFG...EBB...E...CCC.. 1536 60,84,323,517,381,138,27,6
05 ...D.....D.EAA.D.E..BB.........CCC.. 539 117,32,68,168,130,24
09 ....H...DFH.AADFH....GBB..EG....ECC. 1137 79,57,145,222,185,143,157,100,42,7
10 ....HI..DFHIAADFHI...GBB..EG....ECC. 3549 79,57,316,645,794,574,405,384,214,72,9
07 ....E.....EF.AA.EF..DBB...D.....CCC. 1566 48,120,320,442,342,191,91,12
09 .....H..DF.HAADF.H.BBG....EG....EGCC 476 44,23,92,87,66,40,49,42,27,6
07 .....G..D.FGAAD.FG..BB.....E.....ECC 10209 495,771,3013,2949,1907,824,219,31
09 ....H...DFH.AADFH..BBG....EG....EGCC 400 36,23,59,85,62,36,45,33,18,3
10 ....HI..DFHIAADFHI.BBG....EG....EGCC 1384 36,23,128,262,311,204,120,138,99,54,9
09 .....G..D..G..DAAG..EFBB..EF...CCF.. 1033 99,23,100,130,155,151,196,128,43,8
08 ...F....DFGHAADFGH..EBBI..E..I..CC.. 5698 676,208,735,1175,1389,982,421,102,10
08 ....G...DFG.AADFG...EFBB..E....CC... 793 55,23,67,122,134,115,149,99,29
08 ....F....EFG.AAEFG..DBB...D.....CCC. 4953 192,270,804,1232,1167,771,386,118,13
09 ....GH..DFGHAADFGH..EFBB..E....CC... 2486 55,23,136,323,480,460,377,398,193,41
09 ....G....EGH.AAEGH..DFBB..DF...CCC.. 3556 174,150,514,915,896,538,240,96,29,4
08 .....H..DEGHAADEGH...FBB...F....CC.. 8070 420,409,1775,2204,1699,889,456,182,36
06 ...E....DE.FAADE.F..BB.........CCC.. 1477 393,65,131,315,353,182,38
04 ..D.....D...AAD....BB..........CC... 210 64,91,27,24,4
05 ..D..E..D..EAAD..E.BB..........CC... 470 36,48,156,120,83,27
09 ....F....EFG.AAEFG..DEBB..D....CCC.. 2942 138,45,174,372,761,785,437,179,45,6
07 ....E.....E..AA.E...DBB...D.....DCC. 200 16,19,12,17,48,44,36,8
08 ....EF....EF.AA.EF..DBB...D.....DCC. 650 16,19,69,53,89,169,133,86,16
05 ..D.....DE..AADE...BB..........CC... 699 249,207,93,97,47,6
07 .....F..D..FAAD..F..DBB....E.....ECC 1392 126,96,324,260,287,203,83,13
10 ....F...D.F.AAD.F...E.BB..E..GCCC..G 719 18,36,90,125,108,99,87,69,60,24,3
11 ....G...D.GHAAD.GH..EBB...EF..CCCF.. 2411 81,90,249,402,424,351,265,189,158,110,70,22
08 ....F....EF..AAEF...DBB...D.....DCC. 774 69,49,40,65,141,176,143,77,14
09 .....H...EGHAA.EGH.BBF....DF....DFCC 2772 160,114,504,628,529,323,244,180,72,18
09 ....FG...EFG.AAEFG..DBB...D.....DCC. 2449 69,49,187,185,316,538,564,369,150,22
08 .....G...E.GAA.E.G..DFBB..DF....DCC. 1033 99,48,170,149,207,178,102,54,26
07 ...F....DF.GAADF.G.BB.....E.....ECCC 895 259,30,58,136,188,144,68,12
12 ...F....DFGHAADFGH..EBBI..E..ICCC..I 919 81,18,66,124,206,192,102,43,23,22,24,15,3
06 ...E....DEF.AADEF...BB..........CC.. 2156 534,222,418,538,343,93,8
12 ....G...DFG.AADFG...EFBB..E..HCCC..H 1533 63,18,63,142,288,336,234,133,83,81,52,32,8
09 ....G....EG..AAEG...DFBB..DF....DCC. 718 70,30,32,66,119,158,121,81,36,5
10 ....GH...EGH.AAEGH..DFBB..DF....DCC. 2210 70,30,122,162,307,472,505,316,161,58,7
09 .....G....FG..AAFG.BBE....DE....DECC 5402 328,114,552,912,1185,1081,762,380,80,8
05 ..D.....D..EAAD..E.BB.........CCC... 524 114,129,111,64,79,27
12 ........D..FAAD..F..DBBG....EGCCC.EG 562 55,55,110,13,3,9,18,40,76,90,67,22,4
08 ........D.EGAAD.EG..DBB.....F.CCC.F. 881 117,123,104,52,111,160,128,66,20
05 ..DE....DE..AADE...BB..........CC... 396 171,37,36,60,71,21
06 ..D.....DE.FAADE.F.BB.........CCC... 1470 394,236,211,142,234,179,74
10 ..D..F..D..F..DAAF...EBB...E...CCE.. 678 81,12,45,40,72,148,117,88,47,19,9
13 ........D.FGAAD.FG..DBBH...E.HCCCE.H 1681 195,108,216,21,5,15,40,91,198,292,281,163,48,8
09 ...E.G...EFG.AAEFH..DBBH..D.....DCC. 3818 550,108,307,402,723,921,612,170,21,4
09 ........DEFHAADEFH..DBB.....G.CCC.G. 3000 443,256,221,138,310,526,545,352,163,46
09 ....F....EF..AAEF...DEBB..D.....DCC. 518 51,12,18,40,62,133,92,65,39,6
10 ....FG...EFG.AAEFG..DEBB..D.....DCC. 1602 51,12,54,94,182,291,448,273,136,55,6
10 ........DE..AADE....DFBB...F.G.CCC.G 942 282,107,96,68,129,135,70,26,13,12,4
14 ........DEGHAADEGH..DBBI...F.ICCCF.I 1163 150,53,106,8,2,6,20,46,108,188,217,162,72,21,4
12 ........DEGIAADEGI..DFBB...FH..CCCH. 2348 366,133,117,86,197,366,438,317,164,89,51,20,4
06 ....E.....EFAA..EFBB.....D.....DCCC. 1725 48,144,384,512,349,198,90
08 .....H..D.GHAAD.GH..EBB...EF.....FCC 7002 369,447,1755,1885,1478,761,258,46,3
06 .....F.....FAA...F.DBB...D.E.....ECC 2468 176,312,1024,560,236,118,42
08 ....F.....FG..AAFGBB.E...D.E...DCCC. 4386 168,288,840,1128,873,492,377,196,24
08 ....G....EGHAA.EGH...FBB.D.F...DCCC. 2163 132,144,468,660,460,192,75,28,4
07 .........E.FAA.E.FBB.E...D.....DCCC. 1155 373,60,96,212,198,96,72,48
09 .....I..DFHIAADFHI...GBB..EG....ECC. 5712 321,241,1033,1355,1304,769,415,203,62,9
06 ....F.....F...AAF....EBB.D.E...D.CC. 1535 98,176,403,458,282,98,20
10 .........EFHAA.EFHBB.EG..D..G..DCCC. 2745 411,96,268,482,614,372,118,72,120,144,48
07 ....FG....FG..AAFG...EBB.D.E...D.CC. 5029 98,176,931,1507,1379,708,178,52
15 .........EFGAA.EFGBB.EF..D.....DCCC. 2018 108,36,132,222,422,324,82,19,7,14,44,80,114,150,168,96
07 .....G...E.GAA.E.G...FBB.D.F...DCC.. 1520 116,136,488,324,156,174,104,22
10 .....I..DFHIAADFHI.BBG....EG....EGCC 1972 124,69,300,377,356,218,178,176,120,48,6
09 ....F.....FG.AA.FG.BB....DE....DECCC 3505 120,240,550,730,616,484,405,254,100,6
07 ...F....DF.GAADF.G..EBBH..E..H..CC.. 1591 301,81,253,333,344,205,66,8
07 ....G....EG.AA.EG....FBB.D.F...DCC.. 1102 82,92,242,284,186,127,71,18
09 .....H..DFGHAADFGH..EFBB..E....CC... 3816 247,69,324,516,662,615,613,502,221,47
08 ....GH...EGHAA.EGH...FBB.D.F...DCC.. 3446 82,92,518,952,876,478,279,135,34
08 ...F....EFGHAAEFGH..BB....CC....DD.. 23008 3580,939,2521,4358,5327,4092,1775,384,32
14 .........E.FAA.E.FBB.E.F.D.....DCC.. 934 104,24,96,104,144,66,30,26,12,16,32,56,76,92,56
07 ...E.....EFGAA.EFG.DBB.H.D...H..CC.. 5284 704,232,764,1072,1212,904,360,36
06 ...E.....EF.AA.EF..DBBG..D..G...CC.. 1102 238,92,204,264,216,78,10
18 ..........FH..AAFHBB.EGH.D.EG..D.ECC 3108 162,48,256,480,572,422,112,42,22,16,26,60,108,134,196,220,166,62,4
14 .........EF.AA.EF.BB.EF..D.....DCC.. 736 63,24,72,88,130,54,22,13,8,16,32,44,54,72,44
16 .........EFGAA.EFGBB.EFG.D.....DCC.. 2302 63,24,144,304,354,398,126,34,25,8,16,32,68,138,206,234,128
05 ..D.....D.E.AAD.E..BB..........CC... 530 128,173,81,92,48,8
06 ..D..F..D.EFAAD.EF.BB..........CC... 1368 84,108,366,292,288,185,45
10 ....G....FGH.AAFGH.BB....DE....DECCC 9581 444,504,1251,1735,1637,1296,1112,899,513,166,24
06 ..D.....DEF.AADEF..BB..........CC... 1865 511,407,250,331,260,94,12
08 .....G..D.FGAAD.FG..DBB....E.....ECC 4492 313,234,821,715,951,871,458,116,13
06 ....F.....F.AA..F..DBB...DE.....ECC. 1284 76,164,283,319,194,204,44
07 ....FG....FGAA..FG.DBB...DE.....ECC. 4209 76,164,775,1037,973,563,509,112
10 ....H....FHI.AAFHI..EGBB.DEG...DCCC. 4897 372,264,725,1105,1025,662,379,214,112,36,3
09 .....H...EGHAA.EGH..DFBB..DF....DCC. 3663 268,126,465,474,743,771,493,208,89,26
07 .....G..E..GAAE..G.DBB...D.F.....FCC 7354 616,774,2582,1737,940,458,216,31
09 .........F.G.AAF.GBBEF...DE....DCCC. 3379 1291,136,199,413,521,366,208,149,84,12
08 ...E.F...E.F.AAE.G..DBBG..D.....DCC. 1072 236,42,110,119,210,233,101,17,4
13 .........FGI.AAFGI.BBFH..DE.H..DECCC 6737 1286,208,486,890,1279,1024,457,168,170,281,271,154,54,9
06 ..DE....DEF.AADEF..BB..........CC... 1123 357,79,90,170,240,154,33
17 .........FGH.AAFGHBBEFG..DE....DCCC. 4929 300,72,219,390,761,785,437,185,58,31,72,165,243,290,343,336,194,48
12 ....G...E.G.AAE.G..DF.BB.DF..HCCC..H 1573 36,60,124,152,126,120,132,165,222,211,145,67,13
13 ....H...E.HIAAE.HI.DFBB..DFG..CCCG.. 4669 162,150,334,462,460,384,316,285,368,483,556,412,244,53
07 .....G....FGAA..FG.DBB...D.E.....ECC 8487 440,784,2938,2442,1209,471,164,39
11 ........EG.HAAEG.HBBFG...DF....DCCC. 2200 896,70,96,190,286,254,157,80,67,60,36,8
23 ........EGHIAAEGHIBBFGH..DF....DCCC. 2684 126,30,80,148,288,336,234,133,83,81,52,35,13,13,36,84,122,115,102,139,182,156,80,16
08 ....G.....G..DAAG..DEBB...EF.....FCC 3994 292,367,706,812,728,629,381,77,2
08 ..EG....EGHIAAFGHI..FBB..CC.....DD.. 12243 2022,460,1151,1952,2570,2336,1314,389,49
13 ........E..GAAE..G.DEBBH.D..FHCCC.FH 1322 169,169,338,49,11,25,46,75,126,148,109,43,10,4
09 ....G.....GH.AA.GH.DEBBH.DEF.....FCC 12529 292,367,1807,2712,2662,2122,1567,829,163,8
10 ........E.FHAAE.FH.DEBB..D..G.CCC.G. 1885 355,369,296,96,162,212,169,104,60,42,20
08 .....H...EGHAA.EGH...FBB.D.F...DCC.. 5513 314,364,1476,1472,868,496,354,141,28
14 ........EF.HAAEF.H.DEBBI.D..GICCC.GI 3327 542,301,602,73,17,39,94,170,313,432,407,238,77,18,4
08 .....H..EF.HAAEF.H...GBB.D.G...DCC.. 4613 406,338,1210,901,639,507,416,169,27
12 ..E.....E.GIAAE.GI.DBBH..D.FH.CCCF.. 5721 1262,725,592,260,472,699,673,437,246,155,117,71,12
11 ..E.....EF..AAEF.....GBB.D.G.H.DCCCH 2026 810,305,241,106,180,172,96,45,25,27,16,3
06 ...E.....E.FAA.E.F.DBB.G.D...G..CC.. 1456 304,92,256,296,320,164,24
15 .........EFGAA.EFGBB.E.G.D.....DCC.. 3507 266,72,320,440,540,390,146,78,35,36,62,130,200,304,328,160
07 ..E.....E.FGAAE.FG.BB....CC....DD... 6642 1008,1209,1331,955,1105,754,248,32
07 ...E.....EFHAA.EFH.DBBGI.D..GICC.... 4674 400,140,572,1000,1136,882,426,118
18 ..........FG..AAFGBB.EFH.D.E.H.D.ECC 3272 126,48,240,464,572,504,136,34,22,16,32,76,134,190,274,254,112,34,4
09 ....H....FH..AAFH....GBB.DEG...DECC. 3069 262,203,449,580,513,442,349,212,57,2
10 ....HI...FHI.AAFHI...GBB.DEG...DECC. 9150 262,203,1058,1840,1953,1484,1110,755,386,95,4
08 ..E.....EFGHAAEFGH.BB....CC....DD... 19431 3433,2180,2692,2539,3429,3076,1602,432,48
07 ....F.....FG..AAFG...EBBD..E..D.CCC. 7336 252,501,1588,2348,1855,694,96,2
16 .........F.G.AAF.GBBEF.G.DE....DCC.. 2836 364,60,234,228,299,250,199,108,65,60,72,141,177,233,228,106,12
08 ....G....EGHAA.EGH...FBBD..F..DCCC.. 4617 204,255,923,1479,1154,444,109,43,6
08 ...F....EFGHAAEFGH.DBB.I.D...I..CC.. 15314 2528,630,1938,2588,3128,2676,1427,375,24
07 ...F....EFG.AAEFG..DBBH..D..H...CC.. 3209 850,255,480,678,599,274,67,6
06 ...E.....E.FAA.E.FBB....D.....DCCC.. 1833 475,91,173,414,414,206,60
20 .........FGI.AAFGI.BBFHI.DE.H..DECC. 8321 535,120,596,1032,1294,1107,621,292,109,56,74,128,215,238,303,402,443,384,250,103,19
08 ....F....EFGAA.EFG...EBBD.....DCCC.. 3788 171,63,258,486,996,990,590,222,12
08 .....H..E.GHAAE.GH.DBB...D.F.....FCC 23175 1474,1857,6895,6121,3989,1911,711,195,22
16 .........FG..AAFG.BBEFG..DE....DCC.. 2100 196,60,150,204,259,204,153,71,24,41,72,123,131,160,165,77,10
08 ..EF....EFGHAAEFGH.BB....CC....DD... 11069 2289,308,501,768,1601,2358,2084,981,179
18 .........FGH.AAFGHBBEFGH.DE....DCC.. 6279 196,60,330,654,811,867,591,349,107,36,47,72,159,263,400,566,512,229,30
08 ....F.D...FGDAA.FG..EBB...E.....CCC. 4994 168,384,952,1353,1046,536,373,164,18
07 ....G...E.G.AAE.G...FBB..DF....DCC.. 766 39,70,106,97,94,220,120,20
08 ....GH..E.GHAAE.GH..FBB..DF....DCC.. 2415 39,70,316,386,322,347,594,295,46
08 ........E..HAAE..H.DFBBH.DFG.....GCC 5506 484,487,1647,1322,829,430,243,62,2
09 ....GH....GH.AA.GI.DEBBI.DEF.....FCC 17668 584,734,2880,4230,3814,2779,1791,733,117,6
09 .....I..EFHIAAEFHI...GBB.D.G...DCC.. 15642 1074,879,3479,3556,2852,1772,1174,617,209,30
08 ....H...EGH.AAEGH...FBB..DF....DCC.. 2586 170,178,295,323,349,483,482,259,47
10 ....H...E.HIAAE.HI.DFBBI.DFG.....GCC 7780 170,178,829,1150,1131,1155,1383,1157,528,97,2
09 ....G.D..FGHDAAFGH..EBB...E.....CCC. 14437 636,807,2218,3394,3244,2102,1219,616,181,20
09 .....I..EG.IAAEG.I...HBB.DFH...DFCC. 3528 319,213,761,631,555,385,383,214,62,5
10 ....I...EGI.AAEGI....HBB.DFH...DFCC. 2149 175,108,205,288,301,301,330,257,141,40,3
07 ...F....EF.GAAEF.G.DBB.H.D...H..CC.. 4521 1143,255,676,734,862,619,214,18
11 ....IJ..EGIJAAEGIJ...HBB.DFH...DFCC. 6129 175,108,529,874,1037,938,847,798,519,237,62,5
10 ....H.D..FHIDAAFHI..EGBB..EG...CCC.. 9292 534,423,1314,2232,2169,1310,645,371,208,74,12
17 ........EG.HAAEG.HBBFG.H.DF....DCC.. 2156 286,38,145,130,155,151,196,140,72,59,53,84,105,130,165,150,83,14
17 .........FGH.AAFGHBBEF.H.DE....DCC.. 10044 899,180,766,960,1185,1081,762,452,205,122,158,293,449,616,835,733,312,36
08 ...F.....F.G.AAF.GBBE...D.E...DCCC.. 4675 1543,180,308,696,846,592,339,145,26
08 ...F....EFGIAAEFGI.DBBHJ.D..HJCC.... 12629 1385,375,1390,2326,2840,2407,1349,471,86
17 ........EGH.AAEGH.BBFGH..DF....DCC.. 1477 114,38,79,122,134,115,149,105,37,25,31,78,90,82,102,107,59,10
19 ........EGHIAAEGHIBBFGHI.DF....DCC.. 4258 114,38,193,359,480,460,377,398,205,55,31,31,90,126,155,251,352,334,179,30
19 .........FGH.AAFGHBBEFGI.DE..I.D..CC 8840 392,120,540,1008,1274,1214,761,373,88,53,80,159,277,354,504,624,546,323,126,24
10 ....G.D..FGHDAAFGH..EFBB..E....CCC.. 7942 444,108,372,722,1482,1657,1258,1011,656,216,16
11 ....G...E.G.AAE.G.D.F.BBD.F..HCCC..H 1996 45,84,191,264,240,240,285,261,218,130,35,3
09 .........F.HAA.F.H.E.FBB.ECCG...DDG. 15030 3098,756,1711,2565,2916,2272,1268,374,58,12
06 ..E.....E.F.AAE.F..DBBG..D..G..CC... 810 212,250,90,100,105,47,6
07 ..E..H..E.FHAAE.FH.DBBG..D..G..CC... 2164 149,172,572,366,353,351,177,24
14 ........E.F.AAE.F.BBE.F..D.....DCC.. 440 43,47,15,17,48,44,36,20,20,22,37,19,31,27,14
15 .....G..E.FGAAE.FGBBE.F..D.....DCC.. 1350 43,47,156,62,89,169,133,92,52,47,57,87,71,112,91,42
08 ........E..GAAE..G.DEBBG.D.F.....FCC 3582 396,278,898,639,610,449,238,65,9
12 ....H...E.HIAAE.HID.FBB.D.FG..CCCG.. 6078 198,201,503,792,870,780,718,635,544,416,264,127,30
09 ........E.HIAAE.HI.DFBBI.DFG.....GCC 15818 1078,1100,4052,3888,3011,1694,742,217,34,2
12 ...G....EG.IAAEH.IBBFH..D.FH..DCCC.. 485 164,33,46,52,48,28,18,14,14,20,24,18,6
07 ..E.....EFG.AAEFG..DBBH..D..H..CC... 2745 818,572,272,352,395,252,76,8
08 ..E..I..EFGIAAEFGI.DBBH..D..H..CC... 6837 528,358,1228,906,1183,1331,929,332,42
15 ........EFG.AAEFG.BBE.G..D.....DCC.. 1561 172,111,49,65,141,176,143,101,44,52,96,108,71,101,93,38
11 ........EG.HAAEG.HBBFG..D.F...DCCC.. 2666 974,77,121,260,362,321,216,108,70,79,62,16
15 ...G....EGHIAAEGHIBBF..JD.F..JDCCC.J 1951 162,33,109,171,266,228,117,80,81,99,130,142,140,116,62,15
16 .....H..EFGHAAEFGHBBE.G..D.....DCC.. 4575 172,111,382,212,316,538,564,381,218,94,116,201,237,252,362,305,114
14 ...G....EGHJAAEGHJBBF...D.F.I.DCCCI. 3686 575,66,170,351,538,462,272,190,158,164,206,231,192,93,18
17 ...G....EGHJAAEGHJBBF.IKD.F.IKDCCCIK 680 42,11,43,79,119,117,51,18,16,11,14,18,24,36,39,27,12,3
09 .....H...F.HAA.F.H..EGBB.DEG...DECC. 2275 261,122,404,270,370,323,235,165,104,21
10 ....HI..E.HIAAE.HJ.DFBBJ.DFG.....GCC 10774 340,356,1302,1768,1703,1704,1798,1255,469,77,2
14 ....H...EGH.AAEGH.D.FGBBD.F..ICCC..I 3571 126,33,100,196,384,408,279,246,267,331,391,393,279,118,20
13 ........E..GAAE..GD.EBBHD...FHCCC.FH 1630 206,206,412,53,11,29,50,85,157,194,148,63,12,4
10 ........E.FHAAE.FHD.EBB.D...G.CCC.G. 2393 434,450,355,106,195,284,259,180,89,31,10
18 .........FH..AAFH.BBEGH..DEG...DECC. 1305 148,60,38,66,119,158,121,93,46,37,40,87,59,27,50,74,59,21,2
10 .....J..EGIJAAEGIJ...HBB.DFH...DFCC. 11170 813,534,2070,2192,2162,1456,1007,603,259,69,5
20 .........FH..AAFH.BBEGHI.DEG.I.DECCI 3646 148,60,218,180,307,472,505,322,193,83,64,70,130,96,75,150,230,211,105,25,2
14 ........E.GHAAE.GHD.EBBID..F.ICCCF.I 4273 678,372,744,81,17,45,106,192,380,561,561,357,139,32,8
20 ..E.....E..G..EAAG.BBF.G.D.F...D.FCC 1419 234,22,75,40,72,148,117,88,47,31,37,37,32,71,64,89,77,75,48,13,2
11 ........EFGIAAEFGID.EBB.D...H.CCC.H. 7376 1560,884,712,292,556,895,959,724,449,225,92,28
10 ...F.....FGH.AAFGH.DEBBI.DE..I..ECC. 7432 1662,248,588,572,1028,1409,1196,570,134,22,3
11 ..E.....EF..AAEF.....GBBD..G.HDCCC.H 2666 1014,383,322,157,255,245,139,71,25,27,22,6
07 ..EF....EFG.AAEFG..DBBH..D..H..CC... 1593 557,102,92,176,268,269,115,14
16 ........EFHIAAEFHID.EBBJD..G.JCCCG.J 2521 462,166,332,28,6,16,48,90,183,302,345,269,146,74,35,15,4
15 ........EFHJAAEFHJ..EGBBD..GI.DCCCI. 5162 1194,434,357,186,357,599,684,502,297,187,135,99,66,41,20,4
23 ..E.G...E.GI..EAAI.BBFHI.D.FH..D.FCC 3648 335,44,166,164,294,491,569,290,106,50,35,23,23,42,60,79,102,125,176,208,163,80,21,2
19 .........FG..AAFG.BBEFG..DE....DECC. 970 121,22,21,40,62,133,92,65,39,12,6,13,32,65,47,37,56,67,36,4
21 .........FGH.AAFGHBBEFGH.DE....DECC. 2725 121,22,87,103,182,291,448,273,136,55,18,6,13,32,71,67,114,150,207,213,104,12
18 ........EGHIAAEGHIBBFG.I.DF....DCC.. 7163 665,114,467,540,662,615,613,526,288,144,110,159,243,286,399,529,495,264,44
09 ..EG....EGHJAAFGHJ..FBBK.D..IK.DCCI. 8301 1053,257,866,1402,1852,1605,879,317,64,6
21 ........EGHIAAEGHIBBFGHJ.DF..J.DCC.. 5880 228,76,310,560,736,671,541,472,197,52,43,78,129,134,121,138,220,338,400,309,113,14
09 ........E.GHAAE.GH.DEBBH.D.F.....FCC 10036 924,636,2113,1495,1764,1679,1030,328,58,9
10 .....I...FHIAA.FHI..EGBB.DEG...DECC. 7057 682,308,1052,786,1187,1245,907,467,274,128,21
09 ....H....FHIAA.FHI...GBBDE.G..DECCC. 6882 456,465,1423,1983,1430,624,300,157,40,4
20 .........FHI.AAFHIBBEGH..DEG.J.DECCJ 5053 296,120,316,284,492,730,707,401,194,83,85,121,135,99,107,182,257,249,147,44,4
08 .........F.GAA.F.GBB.F..DE....DECCC. 4240 1587,187,263,546,648,469,312,180,48
09 ...F.....F.G.AAF.G.DEBBH.DE..H..ECC. 2378 770,102,222,176,322,402,272,90,19,3
21 ..E.....E..H..EAAH.BBFGH.D.FG..D.FCC 4698 569,66,233,162,286,515,533,341,183,104,78,64,59,131,166,203,254,292,283,147,27,2
11 .........FGIAA.FGIBB.FH.DE..H.DECCC. 8957 1633,286,718,1183,1590,1290,756,406,351,444,252,48
09 ..E.....EFGIAAEFGI.BBF...D..HJ.DCCHJ 5705 892,146,382,464,830,1184,1111,542,144,10
22 .........FGH.AAFGHBBEFGI.DE..I.DE.CC 3855 242,44,130,164,284,486,617,351,158,47,13,11,23,51,81,120,156,207,268,230,120,44,8
16 .........FGHAA.FGHBB.FG.DE....DECCC. 6562 396,99,336,522,996,990,590,246,36,42,132,270,389,492,546,384,96
06 ....F.....F.AA..F.DBB...D.E.....ECC. 1748 98,237,443,422,224,240,84
07 ....FG....FGAA..FGDBB...D.E.....ECC. 5831 98,237,1154,1579,1273,650,612,228
10 ....G.....GHDAA.GHDBB....EF....EFCCC 12341 444,840,1811,2483,2124,1569,1381,1004,537,138,10
10 ........FG.IAAFG.I.E.GBB.ECCH...DDH. 38131 9637,1697,3489,5162,6605,5984,3669,1440,356,80,12
08 ....G.....G.D.AAG.D.EBB...EF.....FCC 5774 394,559,1189,1234,968,775,511,143,1
09 ....G.....GHDAA.GHD.EBBH..EF.....FCC 18605 394,559,2866,4509,4003,2793,1958,1171,347,5
11 ....H....GHIDAAGHIDBB....EF....EFCCC 30653 1536,1632,3776,5240,4977,3891,3596,3091,1806,782,280,46
09 ....H....FH.DAAFH.D.EBB...EG.....GCC 4727 374,322,816,1041,741,612,478,280,62,1
10 ....HI...FHIDAAFHID.EBB...EG.....GCC 14672 374,322,1782,3369,3442,2116,1514,1044,574,132,3
11 ....I.D..GIJDAAGIJ..FHBB.EFH...ECCC. 13801 1164,792,1989,2851,2563,1642,1056,779,548,308,100,9
09 .....H...F.HAA.F.HDBBG..D.EG....EGCC 1801 184,108,413,325,247,152,189,120,42,21
09 ....H....FH.AA.FH.DBBG..D.EG....EGCC 1511 154,108,281,307,235,147,153,78,33,15
10 ......D..G.HDAAG.HBBFG...EF....ECCC. 11831 5379,420,520,976,1368,1213,916,604,308,109,18
10 ....HI...FHIAA.FHIDBBG..D.EG....EGCC 5183 154,108,605,1150,1102,762,456,468,234,99,45
09 .....G.....GD.AA.GDBBF....EF....EFCC 4204 464,108,452,565,838,715,628,346,75,13
14 .........GHJAA.GHJDBBGI.DEF.I..EFCCC 19829 4850,600,1208,1922,2722,2437,1624,1136,852,756,656,491,341,189,45
09 ....GH....GHDAA.GID.EBBI..EF.....FCC 26446 788,1118,4614,6932,5687,3615,2273,1134,281,4
09 ........F..HAAF..H.EFBB..ECCG..DD.G. 14866 3041,3460,3436,1584,1654,1149,424,90,22,6
18 ......D..GHIDAAGHIBBFGH..EF....ECCC. 14261 996,180,492,770,1482,1657,1258,1035,692,292,214,454,750,928,1014,934,655,350,108
09 ....G.....G.D.AAG.DBBF....EF....EFCC 3246 274,108,320,491,719,569,454,258,46,7
10 ....GH....GHD.AAGHDBBF....EF....EFCC 10095 274,108,644,1451,2010,2389,1616,1038,464,82,19
13 ....H...F.H.AAF.H.DEG.BBDEG..ICCC..I 4925 90,144,276,339,294,303,450,618,790,781,534,245,57,4
10 ........FG.IAAFG.I.EFBB..ECCH..DD.H. 37965 9688,5722,6166,3887,4879,4354,2353,726,146,36,8
07 ....G...E.G.AAE.G...FBB.D.F...DCC... 960 46,92,154,116,104,252,168,28
08 ....GH..E.GHAAE.GH..FBB.D.F...DCC... 3070 46,92,430,544,380,386,693,431,68
14 ....I...F.IJAAF.IJDEGBB.DEGH..CCCH.. 13157 396,345,707,954,978,879,913,1004,1238,1589,1749,1356,777,255,17
10 .....I...FHIAA.FHIDBBG..D.EG....EGCC 7434 522,324,1367,1519,1271,819,682,552,240,108,30
12 ........FH.IAAFH.IBBGH..DEG...DECCC. 7411 3646,209,235,408,646,675,533,346,255,224,166,60,8
08 ....H...EGH.AAEGH...FBB.D.F...DCC... 3360 205,241,452,442,410,548,636,360,66
10 ....H...E.HIAAE.HID.FBBID.FG.....GCC 10327 205,241,1175,1730,1516,1344,1600,1566,798,150,2
11 ........FG.IAAFG.I.EFGBB.ECCH..DD.H. 19140 6220,672,868,983,2014,3042,2922,1731,550,91,43,4
10 .....H....GHD.AAGHDBBF....EF....EFCC 15572 1177,324,1484,2261,3133,3013,2231,1373,474,89,13
25 ........FHIJAAFHIJBBGHI.DEG...DECCC. 6834 252,57,134,208,384,408,279,246,267,331,391,399,294,147,90,171,297,367,368,408,439,387,274,156,64,16
11 ........F.GIAAF.GIDEFBB.DE..H.CCC.H. 5897 1397,1435,1084,206,301,404,366,281,187,134,82,20
10 ....I...EGI.AAEGI....HBBD.FH..D.FCC. 2897 217,149,332,448,372,344,418,368,198,48,3
11 ....IJ..EGIJAAEGIJ...HBBD.FH..D.FCC. 8525 217,149,779,1410,1562,1144,979,1033,789,374,84,5
10 .....I..EG.IAAEG.IDBBH..D.FH....FHCC 1138 124,57,215,162,118,90,119,121,84,39,9
10 ....I...EGI.AAEGI.DBBH..D.FH....FHCC 910 96,57,128,157,109,81,105,93,57,24,3
11 ....IJ..EGIJAAEGIJDBBH..D.FH....FHCC 3058 96,57,299,541,565,366,270,330,282,171,72,9
10 .....H..E..H..EAAH..FGBBD.FG..DCCG.. 2805 329,57,232,255,320,348,499,459,222,72,12
13 ..F.....F.HJAAF.HJDEBBI.DE.GI.CCCG.. 16207 4714,2661,2036,572,894,1271,1275,961,661,468,365,234,83,12
12 ..F.....FG..AAFG.....HBBDE.H.IDECCCI 6716 3138,1181,897,276,396,337,191,109,49,57,58,24,3
09 ....H...EGH.AAEGH...FGBBD.F...DCC... 2005 151,57,145,234,269,261,356,339,160,33
10 ....HI..EGHIAAEGHI..FGBBD.F...DCC... 5934 151,57,316,669,920,930,850,982,736,272,51
06 ..E.....E.F.AAE.F.DBB.G.D...G..CC... 960 244,290,102,104,130,78,12
07 ..E..H..E.FHAAE.FHDBB.G.D...G..CC... 2616 176,204,676,408,394,440,270,48
14 ........E.F.AAE.F.BBE.F.D.....DCC... 528 54,59,18,17,48,44,36,32,34,14,38,32,44,38,20
15 .....G..E.FGAAE.FGBBE.F.D.....DCC... 1634 54,59,195,71,89,169,133,98,85,73,42,99,115,162,130,60
10 ....HI..E.HIAAE.HJD.FBBJD.FG.....GCC 14391 410,482,1868,2624,2252,1976,2158,1752,739,128,2
08 ........E..GAAE..GD.EBBGD..F.....FCC 4204 464,329,1059,711,711,582,293,51,4
07 ..E.....EFG.AAEFG.DBB.H.D...H..CC... 3360 962,678,318,382,459,379,164,18
08 ..E..I..EFGIAAEFGIDBB.H.D...H..CC... 8627 647,440,1502,1040,1341,1624,1325,618,90
15 ........EFG.AAEFG.BBE.G.D.....DCC... 1932 223,144,60,71,141,176,143,125,83,80,78,134,124,162,132,56
16 .....H..EFGHAAEFGHBBE.G.D.....DCC... 5741 223,144,492,251,334,538,564,393,289,182,158,194,341,446,584,440,168
06 ..E.....EF..AAEF..DBBG..D..G...CC... 1909 892,435,206,201,131,39,5
09 .....H..EF.HAAEF.HD.EBB.D..G.....GCC 2805 329,151,499,312,427,433,314,210,124,6
07 ..E.....EFH.AAEFH.DBBGI.D..GI.CC.... 2897 888,388,250,370,414,357,184,46
11 .....J..EGIJAAEGIJDBBH..D.FH....FHCC 4520 344,171,701,737,639,428,418,462,356,192,66,6
18 .........FH..AAFH.BBEGH.D.EG..D.ECC. 1700 216,85,48,78,119,158,121,105,74,65,56,89,98,91,115,99,60,21,2
19 .....I...FHI.AAFHIBBEGH.D.EG..D.ECC. 4838 216,85,303,222,343,472,505,328,231,144,111,103,180,253,328,404,340,199,65,6
08 ..E.....EF..AAEF..DBBG..D..G..CC.G.. 324 160,56,25,29,29,12,8,3,2
22 ..E.....EF..AAEF..DBBG.HD..G.HCC.G.H 703 109,31,102,37,45,59,31,22,21,21,15,12,3,9,9,21,27,38,33,30,17,9,2
11 ..E.....EFHIAAEFHIDBBG..D..G.JCC.G.J 4028 722,236,594,410,532,560,409,240,166,103,44,12
10 ..E.....EFH.AAEFH.DBBG..D..GI.CC.GI. 870 252,87,70,107,119,103,55,36,25,12,4
24 ..E.....EFH.AAEFH.DBBG.JD..GIJCC.GIJ 2521 201,62,224,170,235,272,236,102,65,57,33,18,3,9,9,39,69,92,127,153,145,111,61,24,4
10 .....I..EGHIAAEGHI..FGBBD.F...DCC... 9660 779,171,752,1034,1311,1329,1481,1488,922,332,61
06 ..E.....EF..AAEF..DBBF..D......CC... 1293 684,130,90,137,179,65,8
15 .....G..EF.GAAEF.GBBEF..D.....DCC... 1752 282,31,105,49,72,148,117,94,82,84,100,151,143,141,111,42
10 ...F.HD..FGHDAAFGI..EBBI..E.....ECC. 9380 1972,318,762,680,1140,1608,1563,965,311,50,11
08 ..E.....E.G.AAE.G.DBBFH.D..FH..CCF.. 2005 664,128,115,205,290,329,207,64,3
18 .....I..EFGIAAEFGIBBEFH.D...H.D..CC. 4800 422,62,230,206,330,491,569,296,146,118,78,105,171,285,372,412,347,146,14
16 ........EFG.AAEFG.BBEFG.D.....DCC... 1230 160,31,27,49,62,133,92,65,63,42,41,57,80,88,106,92,42
17 .....H..EFGHAAEFGHBBEFG.D.....DCC... 3520 160,31,120,130,209,291,448,273,148,126,77,69,121,189,306,386,310,126
09 ........E.GHAAE.GHD.EBBHD..F.....FCC 12164 1111,769,2544,1687,2028,2110,1394,459,58,4
07 ..E.....EFH.AAEFH.DBBG..D..G...CC... 4727 1780,823,488,627,568,331,100,10
10 .....I..EFHIAAEFHID.EBB.D..G.....GCC 9003 874,387,1317,920,1363,1567,1289,750,391,139,6
06 .........E..AA.E.....EBB.....FCCCDDF 363 73,20,50,98,96,22,4
07 ........EF..AAEF.....FBB.....GCCCDDG 922 232,40,96,186,226,111,23,8
10 ..E.....EF.HAAEF.HDBBG..D..G.ICC.G.I 1067 269,87,208,107,127,123,64,39,27,12,4
09 ..E.....EFH.AAEFH.DBBG..D..G..CC.G.. 1070 412,143,85,118,128,91,45,29,13,6
23 ..E.....EFH.AAEFH.DBBG.ID..G.ICC.G.I 2728 310,93,316,159,206,247,189,106,86,78,48,30,6,18,18,60,96,130,160,147,120,68,31,6
12 ..E.....EFHJAAEFHJDBBG..D..GIKCC.GIK 3705 453,149,406,379,517,565,465,271,207,159,90,36,8
09 ...F.GD..F.GDAAF.H..EBBH..E.....ECC. 2906 886,128,284,205,353,472,372,159,36,11
07 ..E.....EFG.AAEFG.DBBF..D......CC... 3246 1348,258,208,351,502,412,149,18
07 .........F..AA.F...E.FBB.E...GCCCDDG 616 200,36,72,120,128,50,6,4
16 .....H..EFGHAAEFGHBBEF..D.....DCC... 5955 704,93,325,201,304,515,533,353,258,229,218,300,368,494,538,402,120
09 ..E.....E.GIAAE.GIDBBFHJD..FHJCC.F.. 7479 1086,190,498,563,935,1314,1404,972,445,72
08 ........FG..AAFG...E.GBB.E...HCCCDDH 1669 652,80,150,236,301,180,48,18,4
05 ....D.....DEAA..DE...BB....CC....... 867 27,108,315,279,120,18
07 ....E.....EG..AAFG..BBF....DCC...D.. 3705 254,572,1365,1089,348,62,13,2
07 ....E.....EF..AAEF..BB.....DCC...D.. 2631 102,228,755,819,468,198,53,8
08 ....F....DFHAA.DGH..BBG....ECC...E.. 2839 218,296,854,936,398,58,34,39,6
08 ....F....DFGAA.DFG..BB.....ECC...E.. 1967 90,120,458,618,358,116,84,97,26
05 ...D.....D.EAA.D.E..BB....CC........ 670 134,76,174,182,88,16
08 ....E.....EF..AAEF...DBB...DCC...D.. 1451 69,48,212,372,366,250,112,21,1
07 ....E.....EG.AA.FG.BB.F...DCC...D... 2609 205,514,979,633,174,48,40,16
07 ....E.....EF.AA.EF.BB.....DCC...D... 1931 75,192,515,498,294,169,132,56
07 ..........G.AA..G.DEBBG.DEF.....FCC. 4640 292,591,941,1122,610,652,392,40
08 ....F....EFH.AAEGH.BB.G...DCC...D... 8565 782,1146,2529,2339,1144,356,157,88,24
08 ....F....EFG.AAEFG.BB.....DCC...D... 6235 297,438,1312,1550,1105,685,484,284,80
08 .....H....GHAA..GHDEBBG.DEF.....FCC. 14933 292,591,2714,3450,3340,1723,1687,1016,120
10 ....G....EGI.AAEHI.BBFH...DFCC..D... 7055 708,632,1676,2080,1264,364,102,102,81,38,8
10 ....G....EGH.AAEGH.BBF....DFCC..D... 4945 279,246,851,1277,961,451,253,257,224,120,26
06 ...E....DE.FAADE.F..BB....CC........ 1934 468,179,401,437,325,112,12
09 ....F.....FH.AAEGH.BBEG...DECC..D... 4898 523,244,776,1278,1130,592,230,88,31,6
09 ....F....EFG.AAEFG..DEBB..DCC....... 3636 207,102,401,750,764,589,435,260,106,22
08 ....F...D.FHAAD.GH.BB.G...ECC...E... 1232 112,214,368,264,112,34,44,60,24
08 ....F...D.FGAAD.FG.BB.....ECC...E... 1010 36,72,174,159,105,76,117,181,90
09 ....G...DFGIAADFHI.BB.H...ECC...E... 4514 469,551,1084,1057,645,254,116,153,143,42
10 ....G...D.GHAAD.GH..EBB...EFCC...F.. 3533 162,195,520,614,469,304,274,417,421,151,6
06 ...F....DF..AADG....EGBB..ECCH.....H 1895 441,289,512,399,208,41,5
11 ....H...DFHJAADFIJ.BBGI...EGCC..E... 4185 482,337,804,1085,826,316,61,43,69,82,64,16
12 ....H...DFHIAADFHI..EBB...EGCC...G.. 3040 177,123,382,617,553,303,134,118,170,212,184,63,4
06 ..DF....DF.GAAEF.G..EBB..CC......... 1371 364,109,235,267,243,122,31
10 ....G...D.GIAADFHI.BBFH...EFCC..E... 2730 324,134,375,638,604,312,98,80,98,57,10
10 ....G...DFGHAADFGH..EFBB..ECC....... 2185 120,54,186,361,364,233,163,218,265,179,42
05 ..D.....D..EAAD..E.BB....CC......... 670 134,191,202,91,44,8
08 ....E.....EF.AA.EF..DBB...DCC...D... 718 42,51,70,69,117,163,134,60,12
06 ..D.....DE.FAADE.F.BB....CC......... 1934 468,364,464,318,226,82,12
09 ....F....EFG.AAEFG..DBB...DCC...D... 2534 171,123,202,254,367,485,490,315,111,16
11 ....G....EGH.AAEGH..DBB...DFCC..DF.. 2140 165,72,144,247,352,380,306,193,136,101,39,5
06 ..DE....DE.FAADE.F.BB....CC......... 1015 305,66,117,145,199,142,41
10 ....F....EFG.AAEFG..DEBB..DCC...D... 1625 123,33,76,153,231,295,304,233,128,44,5
08 ....F..D..FH.DAAGH..BBG....ECC...E.. 6633 690,1112,2333,1729,580,132,32,19,6
08 ....F..D..FG.DAAFG..BB.....ECC...E.. 4895 258,420,1243,1375,920,456,142,59,22
15 ...E.....EGIAA.FGIBB.FH..DCCH..D.... 4007 502,496,1154,1048,398,58,34,43,18,14,22,36,44,48,44,48
14 ...E.....E.HAA.FGHBB.FG..DCCG..D.... 2913 192,192,614,710,378,120,84,105,62,56,80,104,96,88,32
07 .........E..AA.E...D.EBB.DCC.F.....F 1358 406,140,258,258,200,84,8,4
15 .........EFGAA.EFGBB.EF..DCC...D.... 2303 165,72,264,396,366,250,112,33,17,8,16,40,84,190,214,76
08 ....F..D..FH.DAAGH.BB.G...ECC...E... 5297 591,1154,1869,1089,318,100,92,64,20
08 ....F..D..FG.DAAFG.BB.....ECC...E... 4119 198,402,931,925,636,395,340,228,64
09 ....G....FGI.AAFHI.DBBH..DECC...E... 14729 2076,2290,4135,3299,1628,616,336,233,100,16
09 ....G....FGH.AAFGH.DBB...DECC...E... 11323 720,816,2056,2283,1787,1325,1115,819,346,56
16 ...F....EFHJAAEGHJBB.GI..DCCI..D.... 9950 1638,1136,2292,2272,1264,364,102,106,97,66,50,69,112,139,120,87,36
15 ...F....EF.IAAEGHIBB.GH..DCCH..D.... 7368 588,414,1143,1427,1001,467,255,265,268,228,214,278,320,286,178,36
08 ........EF..AAEF...D.FBB.DCC.G.....G 4132 1446,367,654,644,601,318,80,18,4
10 ....G..D..GI.DAAHI.BBFH...EFCC..EF.. 6149 1323,412,980,1342,1130,592,230,90,37,11,2
17 .........FGH.AAFGHBBEFG..DECC..D.... 5791 477,162,504,792,764,589,435,276,132,50,40,88,178,348,504,343,105,4
15 ..E.....E.GIAAF.GIBBF.H..DCCH..D.... 2150 286,438,590,316,112,34,44,68,52,44,52,52,31,12,13,6
08 .........GH.AA.GH.DEBBH.DEF.....FCC. 13496 1068,1260,2218,2569,2214,1959,1533,607,68
14 ..E.....E..HAAF.GHBBF.G..DCCG..D.... 2034 78,129,257,199,121,82,117,197,202,192,208,162,68,18,4
16 ..E.....EGHJAAFGHJBBF.I..DCCI..D.... 7050 1143,1081,1622,1189,645,254,116,161,175,100,86,133,158,102,41,32,12
15 ..E.....EG.IAAFGHIBBF.H..DCCH..D.... 6239 342,342,735,712,505,322,276,433,541,391,410,526,438,210,48,8
18 ..EG....EGIKAAFHIKBBFHJ..DCCJ..D.... 5892 1120,643,1120,1165,826,316,61,43,69,86,78,34,25,51,83,91,52,17,12
10 ....H.....HIDEAAHIDEFBBI..FG.....GCC 41135 1068,1260,5998,8429,8209,6284,4835,3485,1371,192,4
17 ..EG....EG.JAAFHIJBBFHI..DCCI..D.... 4617 366,213,514,675,573,315,136,118,170,220,232,147,148,230,242,196,102,20
11 ..E.H..DE.HJ.DAAIJ.BBGI...FGCC..FG.. 3419 758,242,485,666,604,312,98,80,98,59,15,2
19 ........EGHIAAEGHIBBFGH..DFCC..D.... 3474 246,90,237,379,364,233,163,222,271,185,60,20,40,88,144,228,262,175,63,4
15 ........E.FGAAE.FGBBE.F..DCC...D.... 1404 108,120,125,75,117,163,134,78,54,52,66,72,68,95,63,14
16 ........EFGHAAEFGHBBE.G..DCC...D.... 4364 405,258,319,272,367,485,490,343,167,90,134,198,198,225,249,136,28
19 ...F.....FHI.AAGHIBBEGH..DECC..DE... 3099 342,138,206,259,352,380,306,203,146,107,59,33,54,86,75,77,110,112,48,6
08 ..E.....EF..AAEF...D.FBB.DCC.G.....G 2282 957,159,228,225,314,258,119,14,8
20 .........FGH.AAFGHBBEFG..DECC..DE... 2587 279,60,103,159,231,295,304,233,128,50,15,8,22,48,68,87,145,181,126,41,4
12 ..F.....FHJ.AAGHJ.E.GIBBECCI.K..DD.K 31954 6388,3635,6799,6707,4916,2271,650,251,198,63,50,22,4
10 ....HI....HIDAA.HJDEFBBJ.EFG.....GCC 57684 2136,2520,9476,13216,11588,8187,5813,3463,1135,144,6
09 ....I....GI..AAGI...FHBBDEFH..DECC.. 9735 902,669,1331,1622,1443,1330,1181,886,335,36
10 ..F.....FHI.AAGHI.E.GHBBECC..J..DD.J 26762 6048,1110,2398,3567,4657,4493,2931,1200,275,66,17
08 ....F.D...FHDAA.GH.BB.G...ECC...E... 7675 741,1642,2845,1661,426,104,104,104,48
11 ....I....GIJDAAGIJDEFBBJ.EFH.....HCC 27816 902,669,3338,5316,5337,4064,3252,2527,1698,635,76,2
08 ....F.D...FGDAA.FG.BB.....ECC...E... 5837 258,591,1465,1402,844,433,364,336,144
09 ........F..HAAF..HE.FBB.ECC.G..DD.G. 18376 3642,4165,4058,1770,1991,1654,806,228,50,12
09 ....G.D..FGIDAAFHI.BB.H...ECC...E... 23005 2694,3422,6807,5697,2614,822,382,295,200,72
09 ....G.D..FGHDAAFGH.BB.....ECC...E... 17223 972,1257,3454,3896,2801,1775,1274,978,608,208
06 ...F..D..F..DAAG....EGBB..ECCH.....H 7782 1975,1507,2409,1379,462,46,4
11 ....H.D..FHJDAAFIJ.BBGI...EGCC..E... 17182 2280,1780,4142,4586,2610,764,267,285,220,140,84,24
10 ........FG.IAAFG.IE.FBB.ECC.H..DD.H. 48408 11802,7011,7486,4455,5592,5660,3978,1803,497,103,21
11 ....H.D..FHIDAAFHI.BBG....EGCC..E... 12329 855,666,2067,2828,2066,1025,663,745,656,444,246,68
21 ......D..GHJDAAGHJ.BBGIJ.EF.I..EFCC. 24397 1981,354,1674,2636,3277,3000,1730,994,553,219,268,439,725,815,995,1174,1166,946,674,465,255,57
10 ....G.D...GIDAAFHI.BBFH...EFCC..E... 12138 1749,656,1820,2806,2572,1478,600,232,134,73,18
10 ....G.D..FGHDAAFGH..EFBB..ECC....... 9319 657,264,926,1616,1758,1527,1149,712,430,224,56
11 ....IJ...GIJDAAGIKDEFBBK.EFH.....HCC 38103 1804,1338,5338,8269,7896,5444,3771,2494,1306,393,48,2
13 ........FG.JAAFG.JE.FHBBECCHI..DD.I. 28263 7659,2846,3372,2477,3158,3105,2185,1348,930,633,326,143,67,14
15 ..E.....E.GIAAF.GIBBF.H.DCC.H.D..... 2600 308,522,748,384,112,34,44,76,104,88,52,44,26,20,26,12
14 ..E.....E..HAAF.GHBBF.G.DCC.G.D..... 2486 84,156,338,251,137,88,117,213,362,300,184,156,64,28,8
06 ..E.....E..HAAF..HD.FBB.DCCG.....G.. 7782 1975,1915,2478,1008,348,52,6
16 ..E.....EGHJAAFGHJBBF.I.DCC.I.D..... 8782 1241,1303,2128,1573,741,254,116,169,247,234,190,148,130,96,86,90,36
15 ..E.....EG.IAAFGHIBBF.H.DCC.H.D..... 7863 372,417,986,956,615,362,286,449,741,779,636,528,406,208,98,24
10 ..E.....EG..AAFG..D.FHBBDCCH.I.....I 4942 1419,831,1326,789,388,91,28,36,14,16,4
11 ........FG.IAAFG.IE.FGBBECC.H..DD.H. 25054 7650,847,1120,1204,2280,3423,3620,2843,1493,448,112,14
18 ..E.....EGIKAAFGIKBBFHJ.DCCHJ.D..... 7551 1228,781,1532,1633,994,316,61,43,77,114,138,130,107,94,84,82,68,51,18
17 ..E.....EG.JAAFGIJBBFHI.DCCHI.D..... 6033 402,261,708,955,719,359,154,120,186,300,400,417,344,290,222,128,56,12
08 ..E.....EG..AAFG..D.FGBBDCC..H.....H 3695 1256,301,569,555,541,328,117,18,10
17 ..E.....E.HJAAFGHJBBFGI.DCCGI.D..... 4876 828,296,683,960,764,338,98,80,114,127,114,103,95,78,64,72,50,12
16 ..E.....E..IAAFGHIBBFGH.DCCGH.D..... 4510 270,111,332,547,468,273,191,230,299,375,374,346,314,216,112,44,8
08 ....H...F.H.AAF.H...GBB.DEG...DECC.. 2470 117,203,280,236,242,616,610,158,8
09 ....HI..F.HIAAF.HI..GBB.DEG...DECC.. 7583 117,203,889,991,773,903,1745,1542,398,22
15 ........E.FGAAE.FGBBE.F.DCC...D..... 1750 138,153,156,81,117,163,134,96,96,62,54,96,106,168,110,20
16 ........EFGHAAEFGHBBE.G.DCC...D..... 5666 531,339,406,312,379,485,490,371,253,186,144,198,290,404,526,300,52
10 ..E.....EF..AAEF..D..GBBDCCG.H.....H 3695 1256,543,700,414,338,175,93,93,57,20,6
19 ........EFHIAAEFHIBBEGH.DCCG..D..... 4320 477,186,268,315,376,380,306,213,182,147,101,93,82,87,112,191,339,330,120,15
08 ..E.....EF..AAEF..D..FBBDCC..G.....G 2794 1111,197,286,261,352,319,201,50,17
17 ........EFGHAAEFGHBBEFG.DCC...D..... 3421 369,81,135,198,249,295,304,233,154,116,87,84,134,180,276,319,173,34
20 ......D..GHIDAAGHIBBFGHJ.EF..J.E..CC 25938 1376,354,1498,2562,3220,3325,2097,1218,559,208,280,554,958,1233,1636,1830,1511,949,435,121,14
09 ....I...FHI.AAFHI...GBB.DEG...DECC.. 7758 494,503,753,740,845,1259,1618,1180,349,17
10 ....IJ..FHIJAAFHIJ..GBB.DEG...DECC.. 22424 494,503,2262,2829,2542,2777,3688,3996,2519,755,59
10 ....J...FHJ.AAFHJ...GIBBDEGI..DECC.. 6047 493,300,507,626,675,739,908,918,619,227,35
12 ....J...FHJKAAFHJKDEGBBKDEGI.....ICC 16269 493,300,1407,2062,2195,2066,2087,2208,1882,1117,387,63,2
09 ....G.DE..GIDEAAHI.BB.H...FCC...F... 17747 2265,4128,6183,3273,894,220,232,284,208,60
09 ....G.DE..GHDEAAGH.BB.....FCC...F... 14101 720,1374,2989,2997,2094,1103,936,1044,684,160
11 ....IJ..F.IJAAF.IKDEGBBKDEGH.....HCC 30654 988,1006,3518,4322,3843,4140,5105,4651,2392,627,60,2
10 ....H.D..GHJDAAGIJ.EBBI..EFCC...F... 44755 7542,7580,12505,8969,4128,1524,824,750,605,280,48
12 ....J...FHJKAAFHJK...IBBDEGI.LDEGCCL 21627 986,600,2214,3195,3354,2980,2847,2611,1735,805,249,47,4
10 ....H.D..GHIDAAGHI.EBB...EFCC...F... 35309 2466,2568,6014,6495,5163,3721,3037,2778,2055,876,136
08 .....I..F.GIAAF.GI..F.BBDE..H.DECCH. 6560 585,646,2062,996,698,791,597,183,2
15 ........F.G.AAF.G.BBF.G.DE....DECC.. 1292 155,162,24,17,48,44,36,44,78,108,129,112,118,112,79,26
16 .....H..F.GHAAF.GHBBF.G.DE....DECC.. 3778 155,162,510,89,89,169,133,104,133,194,258,313,333,409,396,253,78
08 ..F.....F..HAAF..HDEBB.HDE.G.....GCC 12298 1562,1051,3299,2105,1692,1371,896,273,49
16 ...GI.D..GIJDAAHIJBBFH...EFCC..E.... 20392 1824,1194,2977,3310,2206,1077,669,777,836,836,949,1106,1039,898,534,148,12
22 ........FHIJAAFHIJBBGHIKDEG..KDECC.. 15012 636,194,744,1180,1423,1364,1232,1260,830,312,157,224,367,406,411,453,606,826,957,834,453,129,14
09 .....J..FGHJAAFGHJ..F.BBDE..I.DECCI. 18733 1948,1260,4106,2204,2381,2780,2413,1306,323,12
16 ........FGH.AAFGH.BBF.H.DE....DECC.. 4309 586,358,78,71,141,176,143,149,161,224,314,442,393,400,379,230,64
17 .....I..FGHIAAFGHIBBF.H.DE....DECC.. 11843 586,358,1152,305,334,538,564,405,381,386,474,673,976,1122,1376,1295,726,192
11 ....H.DE..HJDEAAIJ.BBGI...FGCC..FG.. 16439 4665,1180,2436,2994,2572,1478,600,240,154,85,29,6
10 ........FG.IAAFG.IDEFBBIDE.H.....HCC 7043 911,418,1328,676,879,873,781,622,437,114,4
18 ......D..GHIDAAGHIBBFGH..EFCC..E.... 16407 1575,438,1222,1736,1758,1527,1149,772,524,314,218,337,621,1176,1592,1043,350,51,4
07 .....H..F..HAAF..H..F.BBDE..G.DECCG. 12020 1115,1279,4050,2476,1554,1117,427,2
08 ..F.....FGI.AAFGI..EBBJ.DE.HJ.DCCH.. 6660 2746,1158,482,620,680,583,309,77,5
16 ..F.....F.HJAAG.HJBBG.I.DECCI.DE.... 5388 842,1194,1386,524,112,34,44,84,140,220,260,236,153,71,51,31,6
19 ......D..GI.DAAGI.BBFHI..EFH...EFCC. 3389 468,182,60,78,119,158,121,117,108,117,186,250,330,247,220,246,219,123,36,4
15 ..F.....F..IAAG.HIBBG.H.DECCH.DE.... 5938 186,297,549,359,185,106,117,229,490,892,1064,854,440,136,30,4
21 ......D..GI.DAAGI.BBFHIJ.EFH.J.EFCCJ 8716 468,182,606,258,343,472,505,334,275,227,209,316,433,603,599,692,789,723,461,177,40,4
21 ..F...D.F..HD.FAAH.BBG.H.E.G...E.GCC 4079 872,59,189,49,72,148,117,94,82,96,152,260,298,279,314,276,233,229,143,79,30,8
11 ...G..D..GHIDAAGHI.EFBBJ.EF..J..FCC. 20620 6378,798,1638,1086,1818,2695,2941,2137,860,204,59,6
17 ..F.....FHIKAAGHIKBBG.J.DECCJ.DE.... 16084 3207,2813,3610,1921,741,254,116,177,287,384,464,537,592,471,255,163,80,12
09 ..F.....F.HIAAF.HIDEBB.IDE.G.....GCC 30996 3510,2311,7412,4351,4335,4357,3175,1245,249,51
24 .........GHJ.AAGHJBBFGIJDEF.I.DEFCC. 8708 1167,118,406,230,330,491,569,296,146,130,131,183,261,361,494,581,568,419,365,392,383,325,228,106,28
20 ......D..GH.DAAGH.BBFGH..EF....EFCC. 2514 395,59,33,49,62,133,92,65,63,48,59,90,139,217,271,238,167,154,120,52,8
22 ......D..GHIDAAGHIBBFGHI.EF....EFCC. 6489 395,59,210,148,209,291,448,273,148,126,89,93,154,248,441,583,569,466,476,517,374,148,24
16 ..F.....FH.JAAGHIJBBG.I.DECCI.DE.... 16401 798,774,1521,1214,723,416,292,465,877,1427,1856,2234,2080,1216,420,80,8
19 ..FH....FHJLAAGIJLBBGIK.DECCK.DE.... 12236 2972,1619,2376,1841,994,316,61,43,77,118,156,180,200,220,287,324,261,132,47,12
11 ........FGIJAAFGIJDEFBBJDE.H.....HCC 19665 2332,1032,3356,1836,2547,2786,2417,1554,1096,584,121,4
18 ..FH....FH.KAAGIJKBBGIJ.DECCJ.DE.... 10697 840,477,1032,1105,779,395,160,120,186,308,456,645,796,938,1020,794,468,158,20
21 ......D..GIJDAAGIJBBFHI..EFH.K.EFCCK 11937 936,364,848,396,540,730,707,437,344,294,297,425,574,699,773,889,940,847,571,250,68,8
20 ........FHIJAAFHIJBBGHI.DEGCC.DE.... 8292 558,192,449,589,468,273,191,242,317,385,396,414,428,422,489,619,775,661,333,87,4
10 ...G..D..G.HDAAG.H.EFBBI.EF..I..FCC. 7334 3094,340,642,336,598,855,815,455,140,53,6
22 ..F...D.F..ID.FAAI.BBGHI.E.GH..E.GCC 12366 2039,177,581,213,304,515,533,353,258,253,323,491,633,738,953,932,750,745,744,516,245,62,8
16 ........F.GHAAF.GHBBF.G.DECC..DE.... 3952 378,399,338,93,117,163,134,114,166,246,300,324,314,376,325,139,26
24 .........GHI.AAGHIBBFGHJDEF..JDEF.CC 9135 790,118,302,230,320,486,617,351,194,153,110,129,221,360,584,749,740,619,563,536,438,311,154,52,8
17 ........FGHIAAFGHIBBF.H.DECC..DE.... 11208 1323,777,752,348,379,485,490,399,357,416,518,772,928,992,1129,809,286,48
20 ...G..D..GIJDAAHIJBBFHI..EFCC..EF... 7063 1002,378,432,339,376,380,306,223,212,173,129,177,236,317,386,412,566,594,324,89,12
21 ......D..GHIDAAGHIBBFGH..EFCC..EF... 6161 873,153,201,210,249,295,304,233,154,122,107,116,184,288,464,561,498,465,401,213,62,8
06 ....E.....EFAA..EF...BB....CC....DD. 3798 81,324,945,1242,882,288,36
08 ....F.....FG..AAFG...EBB...ECC...DD. 10614 288,612,2055,2904,2562,1536,551,97,9
09 ....G....EGHAA.EGH...FBB...FCC..DD.. 6717 222,288,1104,1676,1344,876,598,394,183,32
06 ...E.....E.FAA.E.F..BB....CC....DD.. 2896 588,204,486,742,620,224,32
09 ....F.....FG..AAFG...EBB...ECC...EDD 5801 195,96,424,816,1392,1526,976,336,39,1
08 ....F.....FG.AA.FG.BB.....ECC...EDD. 7656 207,504,1335,1806,1611,1105,648,328,112
09 ....G....FGH.AAFGH.BB.....ECC...EDD. 22873 768,1014,3031,4513,4658,3900,2740,1511,606,132
11 ....H....FHI.AAFHI..EGBB..EGCC..DD.. 15416 630,510,1738,2900,2849,2186,1699,1308,887,487,189,33
07 ...F....EF.GAAEF.G..BB....CC....DD.. 7673 1915,439,1021,1515,1619,898,242,24
10 ....G.....GI.AAFHI.BBFH...EFCC..EDD. 15569 1665,500,1602,3043,3724,2864,1435,539,162,33,2
10 ....G....FGH.AAFGH..EFBB..ECC...DD.. 13320 534,180,696,1416,2294,2855,2634,1696,745,235,35
09 ....G...E.GHAAE.GH..FBB...FCC..DD... 3260 66,120,272,296,300,452,537,521,480,216
11 ....H...E.HIAAE.HI..FBB...FGCC.DDG.. 10637 288,306,783,1037,1082,1258,1500,1568,1482,1011,310,12
13 ....I...EGIJAAEGIJ..FBB...FHCC.DDH.. 7920 291,186,559,959,1039,907,839,779,694,663,568,330,98,8
07 ..EG....EG.HAAFG.H..FBB..CC.....DD.. 4581 1239,234,526,740,896,650,251,45
11 ....H...E.HJAAEGIJ.BBGI...FGCC..FDD. 6774 783,226,634,1177,1413,1073,547,307,318,230,62,4
11 ....H...EGHIAAEGHI..FGBB..FCC..DD... 6611 216,75,251,506,678,727,905,999,961,807,406,80
06 ..E.....E..FAAE..F.BB....CC....DD... 2896 588,741,758,371,310,112,16
09 ....F.....FG.AA.FG..EBB...ECC...EDD. 2752 120,129,122,87,264,574,754,514,164,24
07 ..E.....EF.GAAEF.G.BB....CC....DD... 7673 1915,1241,1496,1030,1107,664,196,24
10 ....G....FGH.AAFGH..EBB...ECC...EDD. 9138 456,270,300,299,724,1479,2169,2040,1092,283,26
05 .....E.....EAA...E....BB........CCDD 372 12,48,144,108,56,4
05 ....E.....E.AA..E....BB........CCDD. 213 3,12,27,60,93,18
06 ....EF....EFAA..EF...BB........CCDD. 699 3,12,63,111,204,270,36
12 ....H....FHI.AAFHI..EGBB..EGCC..EDD. 6590 384,141,190,274,580,1032,1299,1130,762,479,247,66,6
07 .....F.....F..AA.F...EBB...E....CCDD 968 36,72,252,264,218,114,10,2
07 ....F.....F...AAF....EBB...E...CCDD. 646 10,20,55,126,233,158,41,3
08 ....FG....FG..AAFG...EBB...E...CCDD. 2056 10,20,115,243,452,710,426,77,3
08 .....G...E.GAA.E.G...FBB...F..CCDD.. 586 18,24,96,120,120,128,44,28,8
07 ..EF....EF.GAAEF.G.BB....CC....DD... 3972 1252,150,246,316,633,772,484,119
09 ....G....EG.AA.EG....FBB...F...CCDD. 454 6,8,26,60,120,129,56,34,13,2
10 ....GH...EGHAA.EGH...FBB...F...CCDD. 1380 6,8,50,120,222,384,381,144,50,13,2
08 .........EFGAA.EFG...EBB.....HCCDD.H 2139 171,32,136,300,528,568,308,80,16
07 .........EF.AA.EF....EBB....G.CCDDG. 407 57,16,48,100,124,46,12,4
06 .....F..E..FAAE..F....BB........CCDD 988 40,106,336,316,156,32,2
07 ....F.....F..AA.F...EBB...E....CCDD. 482 8,20,40,90,168,118,26,12
11 ....G....FGH.AAFGH..EFBB..ECC...EDD. 5901 324,54,90,162,327,766,1310,1422,950,391,97,8
08 ....FG....FG.AA.FG..EBB...E....CCDD. 1544 8,20,100,171,327,527,313,54,24
08 .....G.....G..EAAG..EFBB...F....CCDD 2605 120,159,570,682,600,331,124,18,1
08 ....G....FG..AAFG...EBB...E....CCDD. 1566 28,35,84,202,425,444,253,76,19
09 ....GH...FGH.AAFGH..EBB...E....CCDD. 4854 28,35,189,388,773,1384,1288,613,127,29
10 .....H...F.H.AAF.H..EGBB..EG...CCDD. 1606 60,53,212,291,327,293,176,108,66,19,1
11 ....H....FH..AAFH...EGBB..EG...CCDD. 1171 18,15,42,105,234,309,218,112,69,38,10,1
12 ....HI...FHI.AAFHI..EGBB..EG...CCDD. 3463 18,15,87,204,414,786,951,618,232,87,40,10,1
10 .........FGH.AAFGH..EFBB..E..ICCDD.I 5608 568,76,308,642,1145,1356,937,389,138,43,6
09 .........FG..AAFG...EFBB..E.H.CCDDH. 1050 184,38,102,216,282,151,45,20,10,2
08 ....G...E.G.AAE.G...FBB...F...CCDD.. 259 3,6,11,24,57,78,36,36,8
09 ....GH..E.GHAAE.GH..FBB...F...CCDD.. 803 3,6,29,48,96,204,234,93,74,16
08 ........E..HAAE..H..FBBH..FG...CCGDD 1677 84,87,318,429,389,221,107,38,4
09 ....H...EGH.AAEGH...FBB...F...CCDD.. 909 12,12,26,64,159,234,190,114,76,22
10 ....HI..EGHIAAEGHI..FBB...F...CCDD.. 2724 12,12,62,124,264,567,749,539,239,124,32
11 .....I..EG.IAAEG.I..FHBB..FH...CCDD. 1065 42,29,116,174,210,164,120,84,78,38,9,1
12 ....I...EGI.AAEGI...FHBB..FH...CCDD. 735 9,6,15,40,102,168,162,83,52,55,33,9,1
13 ....IJ..EGIJAAEGIJ..FHBB..FH...CCDD. 2103 9,6,33,76,168,363,543,486,219,90,65,35,9,1
09 ....G.....GIAA..HI.EBBH..E.FCCDD.F.. 21528 2224,3412,7379,5754,2102,488,86,53,22,8
11 ........EGHIAAEGHI..FGBB..F..JCCDD.J 3382 376,46,178,354,629,760,569,260,112,68,26,4
06 ..E..F..E..FAAE..F.BB..........CC.DD 462 26,32,102,117,101,66,18
07 ........E.F.AAE.F...EBB.....G.CCDDG. 221 43,49,18,28,43,26,10,4
08 .....H..E.FHAAE.FH..EBB.....G.CCDDG. 639 24,27,90,86,107,128,119,50,8
08 .....G..E..GAAE..G..EBB....F...CCFDD 1228 78,48,159,196,253,231,183,72,8
08 ........EFG.AAEFG...EBB.....H.CCDDH. 763 163,102,53,93,144,123,55,22,8
09 .....I..EFGIAAEFGI..EBB.....H.CCDDH. 2118 82,47,163,188,321,433,470,308,94,12
11 .....H..EF.HAAEF.H..EGBB...G...CCDD. 761 39,16,55,70,124,126,119,85,69,41,15,2
09 ....G..E..GH.EAAGH...FBB...FCC...DD. 17996 684,1068,3145,4422,4206,2790,1183,348,126,24
06 ..EF....EF..AAEF...BB..........CCDD. 394 180,22,18,39,82,46,7
11 .........FGH.AAFGH..EFBB..E..ICCEDDI 2621 371,24,72,104,245,463,558,418,222,101,37,6
09 ........EFG.AAEFG...EFBB....H.CCDDH. 493 118,12,15,37,79,116,78,24,10,4
06 .....F.....FAA...FBB.....E.....ECCDD 916 36,108,324,252,132,36,28
06 .....F....EFAA..EF....BB........CCDD 1164 25,100,363,373,227,73,3
06 ....F.....F.AA..F.BB.....E.....ECCDD 449 8,24,48,112,176,57,24
07 ....FG....FGAA..FGBB.....E.....ECCDD 1421 8,24,120,200,376,504,123,66
16 ...F.....FHJAA.GHJBB.GI..ECCI..EDD.. 11659 1426,1368,3304,3138,1310,246,130,157,60,30,34,48,68,92,108,76,64
08 .....G.....G..AA.GBB.F...E.F...ECCDD 1992 96,144,480,468,372,208,140,68,16
08 .....G....FG..AAFG...EBB...E....CCDD 3215 78,156,645,877,797,497,154,10,1
09 .....H...EGHAA.EGH...FBB...F..CCDD.. 2044 42,56,260,420,456,428,260,82,32,8
08 ....G..E..G..EAAG....FBB...F...CCDD. 1154 24,36,84,196,360,245,121,73,15
16 ...F.....F.IAA.GHIBB.GH..ECCH..EDD.. 9241 468,456,1468,1944,1456,946,646,432,265,152,132,152,152,160,180,184,48
09 ....GH.E..GH.EAAGH...FBB...F...CCDD. 3482 24,36,192,368,692,1072,627,247,181,43
07 .........E.FAA.E.F...EBB.....GCCDD.G 601 85,16,56,104,164,122,42,12
06 .........E..AA.E.....EBB....F.CCDDF. 653 129,40,90,192,168,30,4
10 .....H...F.HAA.F.H.E.GBB.E.G..CCDD.. 936 36,36,132,144,156,156,104,72,66,22,12
09 .........EFHAA.EFH...EBB....GICCDDGI 1640 86,16,80,196,360,454,316,106,22,4
11 ....H....FH.AA.FH..E.GBB.E.G...CCDD. 647 12,12,32,72,144,140,72,60,49,36,16,2
07 .....G..E.FGAAE.FG....BB........CCDD 2812 79,208,771,899,596,215,42,2
12 ....HI...FHIAA.FHI.E.GBB.E.G...CCDD. 1811 12,12,68,144,264,456,412,184,108,81,52,16,2
06 .........F..AA.F..BB.F...E.....ECCDD 481 219,48,48,112,38,8,8
08 .........F..AA.F...E.FBB.ECC.G..DD.G 5292 1688,356,662,902,916,560,176,24,8
08 .....G.....G.AA..GBBF....EF....ECCDD 2433 120,252,783,729,358,112,53,20,6
08 ..........GH.AA.GH..EBBH..EF...CCFDD 8055 250,329,1357,1989,2033,1355,588,140,14
08 ....G.....G..EAAG..EFBB...F....CCDD. 947 20,40,65,151,278,202,113,62,16
09 ....GH....GH.EAAGH.EFBB...F....CCDD. 2899 20,40,185,278,538,852,529,272,147,38
17 .........FGHAA.FGHBB.FG..ECC...EDD.. 8239 441,144,528,864,1392,1526,976,384,101,27,24,64,140,268,424,468,348,120
09 .....H...G.H.AAG.HBBF....EF....ECCDD 5389 320,336,1132,1236,1012,575,434,223,95,26
11 .....I...FHI.AAFHI..EGBB..EG...CCDD. 5326 138,121,550,937,1170,1064,734,347,167,77,20,1
09 .........F.G.AAF.G..EFBB..E..HCCDD.H 1661 293,38,130,222,359,333,175,79,28,4
08 .........F...AAF....EFBB..E.G.CCDDG. 1846 445,100,205,434,452,173,27,8,2
11 .........FGI.AAFGI..EFBB..E.HJCCDDHJ 4079 275,38,178,420,780,1030,828,367,110,38,13,2
09 ....H..E..H..EAAH...FGBB..FG...CCDD. 2659 64,64,120,288,600,606,454,284,150,29
11 ....H.....HI.AA.HI.EFBBI.EFG...CCGDD 7721 64,64,312,544,1082,1909,1698,1049,576,348,73,2
11 .....I..FG.IAAFG.I.E.HBB.E.H..CCDD.. 2627 120,84,305,357,420,349,316,229,225,137,61,24
09 ....G.....GIAA..HI.EBBH..EFCC.DDF... 16888 1875,3560,5860,3592,1173,332,253,171,64,8
09 ........E.HIAAE.HI..FBBI..FG...CCGDD 4710 156,162,670,1084,1203,856,421,131,25,2
12 .....J..EGIJAAEGIJ..FHBB..FH...CCDD. 3347 93,64,286,518,714,644,471,252,147,103,44,10,1
13 ....I....GI..AAGI..EFHBB.EFH...CCDD. 1645 36,24,51,123,276,332,242,151,134,129,91,44,11,1
14 ....IJ...GIJ.AAGIJ.EFHBB.EFH...CCDD. 4413 36,24,123,240,480,915,1018,680,321,218,193,107,46,11,1
09 ..........GH.AA.GH.EBBG..EFCC.DDF... 14729 510,990,2229,3024,2939,2114,1337,924,530,132
10 ........EG.HAAEG.H..FGBB..F..ICCDD.I 1085 215,23,77,123,195,195,121,64,46,22,4
08 .........G...AAG..BBFG...EF....ECCDD 1566 812,136,122,266,164,40,15,9,2
06 ........E...AAE.....EBB.....F.CCDDF. 481 115,139,48,80,75,20,4
07 .....G..E..GAAE..G..EBB.....F.CCDDF. 1154 50,59,195,215,235,221,141,38
07 ........EF..AAEF....EBB.....G.CCDDG. 1566 424,284,136,236,284,159,35,8
09 .....H..E.GHAAE.GH..EBB....F...CCFDD 3455 160,95,325,398,610,712,670,374,105,6
10 ....H...F.H.AAF.H..EGBB..EG...CCDD.. 454 6,10,14,30,72,94,60,72,52,32,12
11 ....HI..F.HIAAF.HI.EGBB..EG...CCDD.. 1325 6,10,44,60,120,256,287,165,170,117,66,24
12 .....I..EFHIAAEFHI..EGBB...G...CCDD. 2362 90,36,128,172,337,430,459,326,199,110,56,17,2
10 .........F.G.AAF.G..EFBB..E..HCCEDDH 825 195,12,33,37,86,146,136,93,54,27,6
08 ........EF..AAEF....EFBB....G.CCDDG. 946 298,34,36,85,181,203,88,17,4
11 ........EFGIAAEFGI..EFBB....HJCCDDHJ 1823 176,12,39,67,159,316,431,359,187,57,16,4
11 ....I...FHI.AAFHI..EGBB..EG...CCDD.. 1406 24,20,32,76,192,262,222,163,170,125,94,26
07 .....G....FGAA..FGBB.....E.....ECCDD 2602 72,216,768,768,468,184,87,39
12 ....IJ..FHIJAAFHIJ.EGBB..EG...CCDD.. 3870 24,20,92,148,312,676,838,633,374,337,228,148,40
13 .....J..FH.JAAFH.J.EGIBB.EGI...CCDD. 1790 84,48,173,219,267,185,185,168,186,140,80,42,12,1
09 .....H....GH..AAGHBB.F...E.F...ECCDD 5965 200,300,1168,1440,1248,780,431,249,135,14
14 ....J...FHJ.AAFHJ..EGIBB.EGI...CCDD. 1028 18,10,18,46,120,180,170,96,72,96,85,64,40,12,1
15 ....JK..FHJKAAFHJK.EGIBB.EGI...CCDD. 2627 18,10,48,88,192,420,579,508,250,132,142,111,74,42,12,1
11 .....I...FHIAA.FHI.E.GBB.E.G..CCDD.. 2915 84,84,356,504,552,504,364,180,150,91,34,12
07 .........F..AA.F...E.FBB.E..G.CCDDG. 1162 362,72,120,236,230,78,36,28
06 ........F...AAF...BBF....E.....ECCDD 653 247,287,30,66,18,3,2
08 .....G..F..GAAF..GBBF....E.....ECCDD 1146 78,90,279,294,210,123,48,18,6
07 ........FG..AAFG..BBF....E.....ECCDD 1846 854,552,95,170,132,28,9,6
09 ..F.....F..HAAF..H.EBB.H.E.G...CCGDD 2560 208,120,380,412,432,353,333,208,84,30
09 .....H....GH.AA.GHBBF....EF....ECCDD 6096 224,468,1663,1811,1150,446,188,96,38,12
13 ..F..I..FG.IAAFG.I.E.HBB.E.H...CCDD. 1270 78,30,97,100,166,140,169,142,114,90,59,52,27,6
09 ..G..J..G..J.FHAAKEFHBBKECCI.K...IDD 13513 2855,2175,4899,2172,967,330,83,23,7,2
10 ....H....GHJAA.GIJ.EBBI..EFCC.DDF... 43820 6234,6346,11763,10018,5415,2121,1004,596,247,60,16
08 ........FG..AAFG..BBFG...E.....ECCDD 946 571,58,27,59,124,80,17,6,4
10 .....I...GHI.AAGHIBBF....EF....ECCDD 14588 632,660,2520,3252,3088,2006,1203,654,371,178,24
06 ....F.....F.AA..F.BB....E.....ECCDD. 714 10,35,75,170,265,114,45
07 ....FG....FGAA..FGBB....E.....ECCDD. 2304 10,35,180,310,575,783,294,117
11 ....HI....HI.AA.HJ.EFBBJ.EFG...CCGDD 9485 128,128,496,952,1762,2364,1855,1007,491,253,47,2
12 .....J..FGIJAAFGIJ.E.HBB.E.H..CCDD.. 7584 276,192,785,1135,1404,1210,952,553,434,348,186,85,24
08 ....G.....G...AAG....FBBE..F..ECCDD. 2045 32,56,144,332,613,504,265,96,3
10 .........GHI.AAGHI.EBBH..EFCC.DDF... 37696 1770,1848,4556,6296,6729,6032,4672,3222,1844,649,78
09 ....GH....GH..AAGH...FBBE..F..ECCDD. 6365 32,56,312,634,1184,1878,1397,647,222,3
09 .........G...AAG...EFGBB.EF.H.CCDDH. 3413 1264,196,280,550,616,297,95,68,39,8
10 ....H....FH.AA.FH....GBBE..G..ECCDD. 1369 18,21,63,144,288,338,228,178,74,15,2
11 ....HI...FHIAA.FHI...GBBE..G..ECCDD. 4041 18,21,126,288,531,927,1015,620,364,114,15,2
17 ...G....FGIKAAFHIKBB.HJ..ECCJ..EDD.. 26262 4298,2786,5759,6021,3711,1257,402,373,303,165,88,93,146,213,256,210,133,48
08 ....G.....G..AA.G.BBF...E.F...ECCDD. 1402 24,54,96,218,388,284,199,97,42
09 ....GH....GH.AA.GHBBF...E.F...ECCDD. 4379 24,54,258,406,773,1204,800,519,239,102
14 .....K..FHJKAAFHJK.EGIBB.EGI...CCDD. 4787 186,106,422,638,852,704,564,367,300,276,188,116,54,13,1
17 ...G....FG.JAAFHIJBB.HI..ECCI..EDD.. 21134 1314,858,2321,3259,3014,2317,1802,1388,1002,686,489,443,476,470,466,477,292,60
07 ........F...AAF....EFBB..E..G.CCDDG. 1162 364,412,84,118,115,42,17,10
09 .....H..F.GHAAF.GHBBF....E.....ECCDD 2404 140,156,496,473,409,332,235,101,44,18
08 ........FG..AAFG...EFBB..E..H.CCDDH. 3413 1266,791,222,335,405,242,77,49,26
10 ..F.....F.HIAAF.HI.EBB.I.E.G...CCGDD 6041 400,224,726,733,911,930,957,640,293,161,66
14 ..F..J..FGIJAAFGIJ.E.HBB.E.H...CCDD. 3305 180,68,226,238,427,456,521,383,248,176,129,117,91,39,6
09 ....H....GH..AAGH.BBF...E.F...ECCDD. 4258 80,90,190,450,916,956,758,494,259,65
09 ........FG..AAFG...EFGBB.E..H.CCDDH. 1860 858,80,52,114,243,281,141,43,32,16
09 ........FG..AAFG...E.GBB.ECC.H..DD.H 14845 5605,853,1520,1920,2319,1682,718,178,42,8
10 ....HI...GHI.AAGHIBBF...E.F...ECCDD. 12755 80,90,460,860,1682,2938,2797,1961,1165,589,133
12 ....I....GI.EAAGI.E.FHBB..FH...CCDD. 3014 48,36,88,212,462,602,501,429,345,197,74,18,2
13 ....IJ...GIJEAAGIJE.FHBB..FH...CCDD. 8523 48,36,196,416,819,1536,1864,1445,1031,701,321,90,18,2
19 .........GHI.AAGHIBBFGH..EFCC..EDD.. 19069 1179,288,876,1488,2294,2855,2634,1754,835,308,110,128,287,540,842,1027,932,532,152,8
11 ......E..G.IEAAG.I..FGBB..F.HJCCDDHJ 14124 1920,216,816,1564,2737,3180,2179,959,382,135,32,4
10 ......E..GH.EAAGH...FGBB..F.I.CCDDI. 2645 604,108,256,516,661,322,94,44,24,12,4
16 ..F.....F.HJAAG.HJBBG.I..ECCI..EDD.. 5387 696,1031,1390,780,343,132,155,228,155,106,109,106,76,36,21,17,6
10 ....H...F.H.AAF.H.E.GBB.E.G...CCDD.. 585 6,11,17,36,87,110,108,84,80,26,20
11 ....HI..F.HIAAF.HIE.GBB.E.G...CCDD.. 1719 6,11,50,72,144,308,352,300,202,178,56,40
16 ..F.....F..IAAG.HIBBG.H..ECCH..EDD.. 6025 138,213,397,363,343,544,614,571,614,575,516,501,370,173,67,22,4
11 ....I...FHI.AAFHI.E.GBB.E.G...CCDD.. 1882 24,22,40,94,237,320,328,266,238,176,91,46
12 ....IJ..FHIJAAFHIJE.GBB.E.G...CCDD.. 5237 24,22,106,184,384,833,1051,952,644,488,328,149,72
12 .....J..FH.JAAFH.J..GIBBE.GI..ECCDD. 2321 96,62,232,311,360,312,266,244,248,135,45,9,1
17 ..F.....FHIKAAGHIKBBG.J..ECCJ..EDD.. 16567 2637,2275,3467,2701,1694,825,436,544,545,258,177,254,301,230,110,61,40,12
14 ....J...FHJ.AAFHJ.E.GIBBE.GI...CCDD. 1421 18,11,23,58,150,228,226,164,130,144,123,78,48,17,3
15 ....JK..FHJKAAFHJKE.GIBBE.GI...CCDD. 3686 18,11,56,112,240,525,741,689,449,278,236,165,92,54,17,3
12 ........FHIJAAFHIJ..GHBBE.G..KECCDDK 6319 1021,102,360,610,1011,1185,906,505,306,200,90,21,2
17 ..F.....FH.JAAGHIJBBG.I..ECCI..EDD.. 17236 594,534,1097,1195,1178,1411,1632,1660,1649,1437,1013,1027,1173,897,489,190,52,8
06 ........F...AAF...BBF...E.....ECCDD. 759 281,331,30,68,34,9,6
08 .....G..F..GAAF..GBBF...E.....ECC.DD 1372 92,107,330,345,253,135,68,30,12
07 ........FG..AAFG..BBF...E.....ECCDD. 2202 989,648,111,173,167,67,29,18
10 ........F..HAAF..H..FBBHE..G..ECCGDD 3231 256,148,468,502,541,430,433,266,129,54,4
09 ........FG..AAFG..BBFH..E..H..ECCDD. 1511 746,317,93,117,131,53,19,18,13,4
16 ........FG..AAFG..BBFH.IE..H.IECCDDI 1775 108,41,132,133,217,181,194,144,143,95,94,92,76,61,44,18,2
19 ..FH....FHJLAAGIJLBBGIK..ECCK..EDD.. 12461 2292,1244,2209,2378,1824,819,211,154,227,248,202,68,32,60,99,133,128,86,31,16
12 ........FGIJAAFGIJBBFH..E..H.KECCDDK 5735 986,395,924,466,654,726,527,308,273,234,160,70,12
09 ........FG..AAFG..BBFG..E.....ECCDD. 1156 668,72,36,70,130,96,42,22,16,4
18 ........FGHIAAFGHIBBFG..E....JECCDDJ 5363 1193,62,158,136,281,493,570,421,235,129,94,117,196,300,357,315,198,84,24
19 ..FH....FH.KAAGIJKBBGIJ..ECCJ..EDD.. 11050 594,321,748,1050,1092,968,894,821,713,679,633,461,286,303,380,351,301,255,164,36
07 ....G.....G.AA..G.BB....EF....EFCCDD 1643 28,77,147,350,553,306,158,24
08 ....GH....GHAA..GHBB....EF....EFCCDD 5121 28,77,378,616,1169,1611,770,406,66
09 ......E..G..EAAG....FGBB..F.H.CCDDH. 5248 1592,312,552,1138,1148,412,66,16,8,4
12 ......E..GHJEAAGHJ..FGBB..F.IKCCDDIK 9592 886,108,472,1028,1846,2357,1779,736,224,90,44,18,4
21 ........FHIJAAFHIJBBGHI..EGCC..EDD.. 9596 438,126,321,530,678,727,905,1009,979,835,442,115,45,104,223,353,457,505,433,268,95,8
09 ....H..F..H..FAAH....GBBE..G..ECCDD. 3972 80,110,240,566,1033,855,596,361,116,15
10 ....HI.F..HI.FAAHI...GBBE..G..ECCDD. 11720 80,110,570,1048,1982,3093,2265,1384,853,292,43
17 ........F.GHAAF.GHBBF.G..ECC...EDD.. 4687 288,300,245,93,264,574,754,547,241,132,129,194,234,214,235,176,61,6
13 .....K..FHJKAAFHJK..GIBBE.GI..ECCDD. 6429 210,135,565,922,1198,1080,822,528,426,319,162,51,10,1
12 ....I....GI.AA.GI..F.HBBEF.H..ECCDD. 2092 36,33,81,180,360,385,304,280,204,135,74,18,2
11 ........FH.IAAFH.I..GHBBE.G..JECCDDJ 2324 647,51,155,205,314,320,238,173,129,71,19,2
13 ....IJ...GIJAA.GIJ.F.HBBEF.H..ECCDD. 5636 36,33,180,360,657,1146,1151,816,592,356,199,90,18,2
07 ........F...AAF...E.FBB.E...G.CCDDG. 1391 422,482,96,120,137,73,39,22
09 .....H..F.GHAAF.GHBBF...E.....ECC.DD 2966 167,187,593,566,490,362,297,170,98,36
08 ........FG..AAFG..E.FBB.E...H.CCDDH. 4227 1502,947,268,358,449,339,181,121,62
18 ........FGHIAAFGHIBBF.H..ECC...EDD.. 14019 1029,582,535,317,724,1479,2169,2098,1201,434,231,361,571,589,583,596,386,122,12
11 ........F.HIAAF.HI..FBBIE..G..ECCGDD 7896 498,279,903,910,1133,1079,1148,888,561,345,148,4
11 ........FG.IAAFG.IBBFH..E..H.JECCDDJ 2003 494,208,464,160,203,183,89,68,62,46,22,4
10 ........FGI.AAFGI.BBFH..E..H..ECCDD. 2926 1100,453,190,274,335,259,117,76,67,43,12
17 ........FGI.AAFGI.BBFH.JE..H.JECCDDJ 4869 246,92,304,314,547,536,546,385,301,207,201,228,264,264,222,150,56,6
17 ........FG.HAAFG.HBBFG..E....IECCDDI 1908 663,31,74,46,95,152,136,96,64,45,45,68,96,109,98,58,24,8
10 ........FGH.AAFGH.BBFG..E.....ECCDD. 2373 1031,103,68,140,263,305,197,112,86,56,12
09 ....H..F..H..FAAH.BBG...E.G...ECCDD. 3083 64,120,176,416,730,566,491,315,162,43
21 ...G.....GIJ.AAHIJBBFHI..EFCC..EFDD. 8704 792,282,302,286,580,1032,1299,1155,790,503,280,112,69,126,185,158,123,157,212,186,69,6
10 ....HI.F..HI.FAAHIBBG...E.G...ECCDD. 9223 64,120,536,748,1445,2214,1556,1283,775,375,107
09 ..F.....FG..AAFG...E.GBB.ECC.H.DD..H 8147 3713,352,468,441,883,1120,809,306,34,21
10 .....IE....IE.AA.IBBGH...FGH...FCCDD 18269 1168,1150,3768,4012,3269,2002,1664,839,309,85,3
22 .........GHI.AAGHIBBFGH..EFCC..EFDD. 8441 705,102,131,168,327,766,1310,1422,950,403,116,23,19,49,123,213,267,344,382,353,208,56,4
10 ....I.EF..I.EFAAI...GHBB..GH...CCDD. 8023 192,180,300,716,1432,1457,1396,1165,793,323,69
12 ....I.....IJEAA.IJEFGBBJ.FGH...CCHDD 22497 192,180,840,1336,2618,4479,4111,3442,2656,1765,717,157,4
14 ....J....HJ.EAAHJ.EFGIBB.FGI...CCDD. 4627 96,60,112,260,570,673,605,573,560,476,349,192,79,20,2
15 ....JK...HJKEAAHJKEFGIBB.FGI...CCDD. 11713 96,60,292,512,993,1869,2078,1721,1365,1133,806,467,216,83,20,2
09 ......E..H..EAAH..BBGH...FG....FCCDD 5531 3264,493,352,780,456,115,44,20,5,2
08 .........F.HAA.F.H...FBB..CCG.DDEEG. 8823 985,168,574,1386,2376,2164,940,214,16
11 ....I...G.I.AAG.I.EFHBB.EFH...CCDD.. 1223 12,19,23,48,117,142,188,194,214,148,90,28
11 .....JE...IJE.AAIJBBGH...FGH...FCCDD 45880 2208,2164,8008,9908,9218,6160,4127,2303,1192,514,72,6
12 ....IJ..G.IJAAG.IJEFHBB.EFH...CCDD.. 3388 12,19,80,96,192,412,472,546,502,498,319,184,56
09 ..G.....G..J.FAA.J.FHBBJE.HI..ECCIDD 10213 728,596,1948,2310,1673,1030,926,688,278,36
12 ....J...GIJ.AAGIJ.EFHBB.EFH...CCDD.. 3436 48,38,52,118,303,376,436,418,479,474,374,258,62
12 ....IJ....IJEAA.IKEFGBBK.FGH...CCHDD 27117 384,360,1320,2352,4206,5498,4695,3654,2546,1473,529,96,4
13 ....JK..GIJKAAGIJKEFHBB.EFH...CCDD.. 8728 48,38,166,232,480,1051,1249,1278,1062,1056,933,637,402,96
14 .....K..GI.KAAGI.K.FHJBBEFHJ..ECCDD. 4677 192,106,364,419,492,396,526,566,638,491,271,148,55,12,1
15 ....K...GIK.AAGIK.EFHJBBEFHJ...CCDD. 2309 36,19,29,70,186,252,254,206,191,244,264,231,187,105,32,3
16 ....KL..GIKLAAGIKLEFHJBBEFHJ...CCDD. 5220 36,19,86,136,288,639,819,769,555,411,424,388,289,215,111,32,3
07 ........G...AAG...BBG...EF....EFCCDD 2450 1021,1147,54,120,72,23,11,2
09 .....H..G..HAAG..HBBG...EF....EFCCDD 3937 296,331,1008,1022,659,322,173,90,30,6
08 ........GH..AAGH..BBG...EF....EFCCDD 6637 3452,2153,195,299,304,138,57,33,6
10 ..G.....G..IAAG..I.FBB.IEF.H..ECCHDD 7905 736,410,1266,1287,1141,797,935,766,385,152,30
10 ......E..H..EAAH...FGHBB.FG.I.CCDDI. 10876 4816,670,814,1520,1677,800,271,180,89,29,10
09 ....G.....GIAA..HIEBB.H.E.FCC.DDF... 25480 2413,5235,9273,5741,1688,380,298,292,152,8
10 ..F.....FHI.AAGHI...GHBB.CC..JDDEE.J 9418 1424,161,477,1025,1843,2154,1537,610,134,42,11
08 ........F..HAAF..H..FBB..CC.G.DDEEG. 6202 882,993,1092,688,1063,953,431,94,6
09 ....G.E...GHEAA.GH.BB.....FCC...FDD. 21989 684,1515,3695,4990,4450,2767,1592,1176,832,288
09 ........FG.IAAFG.I..FBB..CC.H.DDEEH. 17028 2804,1553,1922,1608,2782,3230,2172,799,149,9
11 ........FGH.AAFGH...FGBB.CC..I.DDEEI 9720 1875,108,207,327,842,1674,2149,1636,697,167,33,5
10 ..G.....G.JK.FAAJK.FHBBKE.HI..ECCIDD 20633 1096,906,3304,4550,4082,2748,1951,1271,582,141,2
15 .....L..GIKLAAGIKL.FHJBBEFHJ..ECCDD. 10789 420,231,877,1210,1522,1272,1194,968,964,887,592,374,197,67,13,1
05 .....E.....EAA...E....BB.......CCDDD 176 4,16,48,52,52,4
07 .....F.....F..AA.F...EBB...E...CCDDD 408 12,24,84,112,118,48,8,2
06 .....F..E..FAAE..F....BB.......CCDDD 460 12,30,96,118,144,58,2
08 .....G..E..G..EAAG...FBB...F...CCDDD 1074 36,45,162,235,303,200,77,14,2
08 .....H..E..H..EAAH...GBB..FG..CCFDDD 663 18,18,66,102,167,171,90,27,4
08 .....G.E...G.EAA.G...FBB...F...CCDDD 768 32,48,160,204,216,76,20,8,4
08 ........G.H.AAG.H.BBG...EF....EFCCDD 3909 1432,1572,200,196,235,143,78,47,6
10 .....I..G.HIAAG.HIBBG...EF....EFCCDD 7278 504,546,1698,1516,1103,677,554,356,216,90,18
08 ....GI....GIAA..HI.EBBH..EF...CCFDDD 1138 20,40,165,265,303,225,90,18,12
09 .....H.EF..H.EFAAH...GBB...G...CCDDD 2048 96,96,324,440,564,332,132,40,20,4
10 ....H....GHJAA.GIJEBB.I.E.FCC.DDF... 70067 8187,9499,19587,17735,9094,3117,1265,805,545,215,18
09 ....HJ...GHJAA.GIJ.EBBI..EF...CCFDDD 2664 64,64,280,512,676,594,342,102,18,12
09 ........GHI.AAGHI.BBG...EF....EFCCDD 10821 4830,2921,516,568,724,577,320,218,129,18
09 ....HJ..F.HJAAF.IJ.EBBI..EG...CCGDDD 489 6,10,40,64,96,126,96,30,15,6
09 .....I.EF..I.EFAAI...HBB..GH..CCGDDD 1280 48,40,136,196,324,308,144,56,20,8
10 ....IK..FHIKAAFHJK.EBBJ..EG...CCGDDD 1296 24,20,84,152,248,312,261,129,39,21,6
11 ..G.....G.IJAAG.IJ.FBB.JEF.H..ECCHDD 16165 1336,724,2276,2070,2102,1685,1991,1706,1121,736,348,70
11 ..F..H.EF..H.EFAAH...GBB...G..CCDDD. 976 64,32,96,108,132,64,68,138,154,86,22,12
06 .....F.....FAA...FBB....E.....ECCDDD 598 14,49,147,161,161,50,16
08 .....G.....G..AA.G...FBBE..F..ECCDDD 1280 40,70,240,314,332,178,78,26,2
08 .....G.....G.AA..GBBF...E.F...ECCDDD 1441 40,90,280,336,403,228,41,17,6
09 .....H...G.H.AAG.HBBF...E.F...ECCDDD 3027 112,126,434,596,748,544,296,115,48,8
10 ....H.E..GHIEAAGHI.BB.....FCC...FDD. 59945 2415,2847,7772,11158,11512,9455,6502,4048,2558,1334,344
09 ....HJ..F.HJAAF.IJEBB.I.E.G...CCGDDD 621 6,11,45,73,108,144,138,66,18,12
10 ....IK..FHIKAAFHJKEBB.J.E.G...CCGDDD 1728 24,22,96,180,290,369,366,228,90,45,18
09 ...H.J..FH.JAAFI.JEBBI..E.G...CCGDDD 425 18,11,41,61,96,93,69,21,9,6
06 ........F...AAF...BBF...E.....ECCDDD 363 135,160,15,34,14,3,2
10 .....G..F..GAAF..GBBF...E.....ECCDDD 601 26,26,78,90,108,76,43,78,54,16,6
07 ........FG..AAFG..BBF...E.....ECCDDD 922 428,254,48,77,74,26,9,6
11 .....H..FG.HAAFG.HBBF...E.....ECCDDD 1222 72,36,108,120,144,94,91,159,182,128,67,21
09 .....H.F...H.FAA.H...GBBE..G..ECCDDD 2632 112,154,504,632,668,330,152,56,20,4
06 .....F....EFAA..EF....BB.......CCDDD 518 7,28,105,151,154,70,3
08 .....G....FG..AAFG...EBB...E...CCDDD 1298 22,44,187,323,376,252,84,9,1
07 .....G..E.FGAAE.FG....BB.......CCDDD 1234 20,50,190,290,354,249,79,2
08 .....H....GH..AAGH...FBB..EF..CCEDDD 3201 64,80,336,602,826,733,423,126,11
09 ....HJ....HJAA..IJEFBBI.EFG...CCGDDD 3434 64,120,480,736,801,588,321,198,90,36
12 ....I....GIKAA.GJKEBBHJ.E.FHCCDDF... 44589 5865,4264,10114,11634,7216,2469,947,898,591,327,192,64,8
11 .........HIJ.AAHIJBBGH...FGCC..FDDEE 29704 7506,600,1499,2791,4958,5598,3798,1792,756,314,86,6
10 .....I.FG..I.FGAAI...HBBE..H..ECCDDD 6508 320,300,980,1280,1598,1077,537,242,136,34,4
09 .....H.E..GH.EAAGH...FBB...F...CCDDD 2184 56,84,336,544,620,384,126,24,8,2
09 .....I.E..HI.EAAHI...GBB..FG..CCFDDD 5284 160,160,620,1012,1344,1090,632,214,42,10
10 ....IK...HIKAA.HJKEFBBJ.EFG...CCGDDD 7164 192,180,756,1296,1602,1341,879,504,243,141,30
12 .........GIJAA.GIJEBBHI.E.FHCCDDF... 36119 1839,1332,4059,6165,5841,4679,3855,3151,2305,1485,908,412,88
10 ....IK..G.IKAAG.JKEFBBJ.EFH...CCHDDD 1095 12,19,73,109,162,210,234,159,72,39,6
07 .....G....FGAA..FGBB....E.....ECCDDD 1690 24,84,312,446,456,264,83,21
11 ....JL..GIJLAAGIKLEFBBK.EFH...CCHDDD 2508 48,38,152,252,398,483,492,333,153,102,51,6
09 .....H....GH..AAGH...FBBE..F..ECCDDD 3913 72,126,522,878,1014,746,377,141,36,1
09 .....H....GH.AA.GHBBF...E.F...ECCDDD 3592 64,144,528,772,912,690,360,78,32,12
12 ..G..I.FG..I.FGAAI...HBBE..H..ECCDDD 2804 208,104,312,360,432,250,160,255,289,227,129,72,6
10 .....I...GHI.AAGHIBBF...E.F...ECCDDD 8404 192,216,864,1452,1902,1690,1196,598,200,82,12
04 .....D.....DAA...D....BB.........CCC 268 12,48,144,60,4
04 ....D.....D.AA..D....BB.........CCC. 162 6,24,54,66,12
05 ....DE....DEAA..DE...BB.........CCC. 564 6,24,126,195,189,24
05 .....E.....E..AA.E...DBB...D...CCC.. 696 40,88,300,196,60,12
05 ....E.....E...AAE....DBB...D...CCC.. 488 23,52,137,168,89,19
06 ....EF....EF..AAEF...DBB...D...CCC.. 1674 23,52,293,525,523,231,27
06 .....F...D.FAA.D.F...EBB...E...CCC.. 420 28,40,156,136,34,20,6
06 ....F....DF.AA.DF....EBB...E...CCC.. 339 20,28,89,120,59,17,6
07 ....FG...DFGAA.DFG...EBB...E...CCC.. 1149 20,28,173,366,380,159,17,6
04 ...D.....D..AA.D....BB.........CCC.. 147 47,12,18,58,12
10 ...H.K..FHJKAAFIJKEBBI..E.G...CCGDDD 1460 36,22,92,168,278,318,288,156,60,30,12
05 .....E.....EAA...E.BB.....D.....DCCC 676 36,90,288,174,58,30
07 ........F.G.AAF.G.BBF...E.....ECCDDD 616 184,214,48,60,64,29,11,6
11 .....H..F.GHAAF.GHBBF...E.....ECCDDD 1206 40,40,120,132,156,97,115,154,177,111,46,18
06 ....E.....E..AA.E...DBB...D.....CCC. 353 16,40,80,108,57,44,8
07 ....EF....EF.AA.EF..DBB...D.....CCC. 1173 16,40,200,306,333,154,108,16
08 ........FGH.AAFGH.BBF...E.....ECCDDD 1669 598,349,110,158,197,143,63,33,18
06 .....F...E.FAA.E.F.BB.....D.....DCCC 1755 120,165,582,463,258,135,32
12 .....I..FGHIAAFGHIBBF...E.....ECCDDD 2877 120,60,180,192,228,133,223,352,473,450,283,129,54
11 ....H.....HJAA.GIJEBBGI.E.FGCCDDF... 36703 5376,1288,3596,6349,7955,6504,3456,1307,489,272,101,10
07 ....F....EF..AAEF...DBB...D.....CCC. 1124 64,90,208,296,233,154,68,11
08 ....FG...EFG.AAEFG..DBB...D.....CCC. 3673 64,90,478,848,991,681,373,133,15
07 .....G..DE.GAADE.G...FBB...F...CCC.. 1052 84,75,294,289,162,96,44,8
10 .....I.F..HI.FAAHI...GBBE..G..ECCDDD 7172 192,264,1032,1628,1836,1276,620,236,72,14,2
08 ....G....EG..AAEG...DFBB..DF...CCC.. 809 58,50,138,223,173,93,47,23,4
09 ....GH...EGH.AAEGH..DFBB..DF...CCC.. 2609 58,50,288,607,770,518,218,73,23,4
05 ...E....DE..AADE....BB.........CCC.. 433 165,25,35,111,78,19
08 .....F...E.F.AAE.F..DEBB..D....CCC.. 828 78,15,66,112,233,171,106,41,6
11 ....H.E..GHIEAAGHI..FGBB..FCC...DD.. 32299 1632,444,1526,2866,4924,6592,6285,4171,2141,1142,490,86
08 ....F....EF..AAEF...DEBB..D....CCC.. 674 46,15,48,92,211,145,79,32,6
09 ....FG...EFG.AAEFG..DEBB..D....CCC.. 2160 46,15,93,236,431,706,418,171,38,6
06 .....F..D..FAAD..F.BB.....E.....ECCC 382 18,36,120,90,54,55,9
08 ....F...D.F.AAD.F...EBB...E...CCC... 171 6,12,22,30,21,30,18,26,6
10 ....F...D.F.AAD.F...EBBG..E..GCCC..G 527 6,12,58,87,96,63,84,42,52,24,3
07 .....G..DF.GAADF.G.BB.....E.....ECCC 981 60,66,238,216,171,151,63,16
10 ....G...D.G.AAD.G...EBB...EF..CCCF.. 576 27,30,63,98,90,81,59,56,50,20,2
12 ....G...D.GHAAD.GH..EBBH..EF..CCCF.. 1749 27,30,153,269,342,282,237,153,110,88,38,14,6
06 ...F....DF..AADF...BB.....E.....ECCC 287 119,12,16,50,56,28,6
11 ..D..G..D..G..EAAG..EFBB...F..CCCF.. 454 30,6,26,42,84,72,50,36,50,44,12,2
08 ..DF....DFGHAAEFGH..EBBI.....I.CCC.. 2274 268,42,149,299,520,528,318,124,26
10 ....G...DFG.AADFG...EFBB..E...CCC... 369 21,6,17,36,78,72,46,26,30,29,8
11 ...FG...DFG.AADFG...EBBH..E..HCCC..H 1102 21,6,35,87,168,270,216,134,60,50,44,11
04 ..D.....D...AAD....BB.........CCC... 147 47,56,9,29,6
09 ..D.....D...AAD....BB..E.....ECCC..E 316 24,24,72,33,9,19,21,63,45,6
08 ........D..FAAD..F..DBB.....EGCCC.EG 1293 141,150,303,76,156,224,168,63,12
07 ........D.E.AAD.E...DBB.....F.CCC.F. 209 43,46,9,17,34,32,20,8
12 ........D.E.AAD.E...DBBG....FGCCC.FG 611 31,31,93,21,3,9,27,51,111,122,78,30,4
05 ..D.....DE..AADE...BB.........CCC... 433 165,103,25,63,63,14
11 ........D...AAD.....DBBF...E.FCCCE.F 828 80,44,132,48,15,37,49,127,171,105,18,2
16 ..F.....F.HJAAG.HJBBG.I.ECC.I.EDD... 6538 748,1212,1730,932,343,132,155,258,296,226,113,108,81,62,58,60,24
09 ........D.FGAAD.FG..DBB....E.HCCCE.H 3922 508,293,590,171,380,652,699,440,159,30
08 ........DEF.AADEF...DBB.....G.CCC.G. 722 164,96,22,47,99,126,94,54,20
13 ........DEF.AADEF...DBBH....GHCCC.GH 2045 115,64,192,36,9,21,66,141,315,452,374,193,61,6
06 ..D.....DE..AADE...BB......F..CCCF.. 287 119,47,14,31,47,23,6
12 ........DE..AADE....DBBG...F.GCCCF.G 500 56,20,60,15,6,18,22,51,94,85,55,16,2
12 ........DEGHAADEGH..DFBB...F.I.CCC.I 2745 393,143,285,86,200,386,486,367,190,107,67,29,6
11 ........DEG.AADEG...DFBB...FH..CCCH. 570 136,50,13,30,64,95,79,44,28,20,9,2
15 .....I..DEGIAADEGI..DFBB...FH..CCCH. 1579 94,33,99,15,6,12,39,90,201,333,326,196,87,35,11,2
16 ..F.....F..IAAG.HIBBG.H.ECC.H.EDD... 7576 144,246,500,442,386,636,721,645,780,1006,776,468,422,210,114,64,16
05 ....E.....E.AA..E.BB.....D.....DCCC. 386 16,48,96,128,50,48
06 ....EF....EFAA..EFBB.....D.....DCCC. 1296 16,48,240,352,369,139,132
06 .....F.....F..AA.F...EBB.D.E...D.CCC 1640 120,204,672,448,150,44,2
07 ....F.....F...AAF.BB.E...D.E...DCCC. 996 56,96,216,264,158,104,90,12
08 ....FG....FG..AAFGBB.E...D.E...DCCC. 3244 56,96,504,816,805,417,266,248,36
07 .....G...E.GAA.E.G...FBB.D.F...DCCC. 688 64,72,256,168,48,52,24,4
07 ....G....EG.AA.EG....FBB.D.F...DCCC. 502 44,48,124,148,72,40,22,4
08 ....GH...EGHAA.EGH...FBB.D.F...DCCC. 1546 44,48,268,488,456,176,40,22,4
06 .........E..AA.E..BB.E...D.....DCCC. 354 158,24,24,80,36,16,16
14 .........E.FAA.E.FBB.E.F.D.....DCCC. 604 72,12,48,64,130,48,14,6,2,6,22,36,48,56,40
10 .........EFGAA.EFGBB.E.H.D...H.D.CCC 3356 472,96,304,508,724,526,238,196,176,92,24
09 .........EF.AA.EF.BB.EG..D..G..DCCC. 666 154,36,76,130,142,38,14,20,40,16
17 .........EFHAA.EFHBB.EGH.D..G..DCCC. 1857 103,24,128,258,398,372,68,11,5,8,16,32,62,70,56,90,116,40
14 .........EF.AA.EF.BB.EF..D.....DCCC. 468 36,12,36,50,120,36,13,3,2,6,22,30,30,40,32
16 .........EFGAA.EFGBB.EFG.D.....DCCC. 1464 36,12,72,158,232,372,84,13,3,2,6,22,42,80,118,132,80
17 ..F.....FHIKAAGHIKBBG.J.ECC.J.EDD... 20664 2838,2694,4463,3519,1918,825,436,574,759,626,430,320,302,259,227,219,189,66
07 ....FH....FHAA..GH.DBBG..DE.....ECCC 3535 140,284,1145,1189,487,164,102,24
08 ....F.....F..AA.F..BB....DE....DECCC 815 40,80,130,182,116,128,85,51,3
09 ....FG....FG.AA.FG.BB....DE....DECCC 2582 40,80,370,496,558,330,345,217,137,9
07 .....G.....G..AA.G...FBB.DEF...DECCC 4247 360,405,1359,1038,600,389,94,2
05 .....E....DEAA..DE....BB.........CCC 928 29,116,411,293,76,3
06 .....F....EF..AAEF...DBB...D...CCC.. 2587 101,224,882,856,413,102,9
08 ....GI...FGIAA.FHI.DBBH..DE.....ECCC 9347 468,531,2262,2785,1902,935,350,102,12
07 .....G...DFGAA.DFG...EBB...E...CCC.. 1687 76,108,479,591,317,85,25,6
17 ..F.....FH.JAAGHIJBBG.I.ECC.I.EDD... 22383 624,624,1415,1543,1402,1640,1967,1944,1965,2201,2015,1516,1296,1005,603,387,192,44
09 ....G....FG..AAFG..BB....DE....DECCC 2264 148,168,305,415,338,312,283,203,80,12
05 ...D.....DE.AA.DE...BB.........CCC.. 481 102,32,63,148,118,18
10 ....GH...FGH.AAFGH.BB....DE....DECCC 6929 148,168,809,1210,1360,978,798,704,514,204,36
11 ..F.....FH..AAGH..E.GIBBECCI.J..DD.J 13478 3914,2153,3534,2150,1156,311,82,93,31,32,18,4
06 .....F....EFAA..EF.BB.....D.....DCCC 2130 84,210,762,626,284,123,41
08 .....H..EF.HAAEF.H...GBB.D.G...DCCC. 1771 192,144,510,368,213,192,108,38,6
07 .....G...EFGAA.EFG.BB.....D.....DCCC 6073 296,410,1618,1694,1176,607,223,49
09 ....H....FH..AAFH...EGBB.DEG...DCCC. 1189 124,88,183,261,198,138,96,66,32,3
10 ....HI...FHI.AAFHI..EGBB.DEG...DCCC. 3388 124,88,447,766,882,570,282,128,66,32,3
08 .........F...AAF..BBEF...DE....DCCC. 1124 575,56,49,159,147,70,38,26,4
19 ..F.....FHJLAAGHJLBBGIK.ECCIK.EDD... 15864 2474,1482,2953,3262,2160,819,211,154,257,333,353,281,208,188,177,164,160,126,78,24
16 .........F.G.AAF.GBBEF.G.DE....DCCC. 1593 216,24,93,112,233,171,106,47,20,10,34,80,110,127,123,69,18
08 .....H..DEGHAADEGH...FBB...F...CCC.. 4017 226,200,870,1125,889,448,186,65,8
12 .........FGH.AAFGHBBEF.I.DE..I.D.CCC 8405 1507,208,598,934,1486,1382,789,447,390,357,230,71,6
12 .........FG..AAFG..BBFH..DE.H..DECCC 1721 495,80,134,252,319,167,51,27,60,71,45,17,3
20 .........FGI.AAFGI.BBFHI.DE.H..DECCC 4321 296,48,234,432,736,836,416,126,33,17,32,61,102,122,100,128,220,217,120,39,6
16 .........FG..AAFG.BBEFG..DE....DCCC. 1188 100,24,57,92,211,145,79,35,11,10,34,74,80,76,86,58,16
19 ..F.....FH.KAAGHJKBBGIJ.ECCIJ.EDD... 14820 630,378,993,1429,1337,1127,1101,1025,868,831,938,966,852,698,591,467,316,181,76,16
18 .........FGH.AAFGHBBEFGH.DE....DCCC. 3495 100,24,129,263,431,706,418,171,41,11,10,34,86,145,207,266,265,152,36
06 ...E....DEF.AADEF...BB.........CCC.. 1302 340,65,115,283,318,151,30
09 .....G...EFG.AAEFG..DEBB..D....CCC.. 3182 198,45,216,412,785,811,467,196,46,6
08 ....GI..E.GIAAE.HI.DBBH..DF.....FCCC 1092 33,56,226,246,165,165,144,51,6
11 ....G...E.G.AAE.G.BBF....DF....DCCC. 390 12,20,28,36,24,38,35,64,61,49,20,3
13 ....G...E.G.AAE.G.BBF..H.DF..H.DCCCH 1130 12,20,88,108,114,72,106,85,146,158,129,67,22,3
08 .....H.....H..EAAH..EGBB.DFG...DFCCC 2477 180,168,570,488,417,437,170,46,1
07 .....G..D.FGAAD.FG.BB.....E.....ECCC 984 33,66,247,237,165,148,74,14
11 ....F...D.FGAAD.FG..E.BB..E..HCCC..H 690 12,24,92,139,129,81,66,37,41,45,21,3
09 ....HJ..EGHJAAEGIJ.DBBI..DF.....FCCC 3351 144,132,556,704,642,531,372,207,57,6
09 ..F.....FH..AAGH..E.GHBBECC..I..DD.I 11575 4114,622,1208,1462,1806,1415,688,194,49,17
08 .....H..DFGHAADFGH.BB.....E.....ECCC 2907 126,138,552,632,570,463,278,124,24
12 ....H...E.H.AAE.H..DFBB..DFG..CCCG.. 1174 54,50,78,110,96,92,76,94,137,155,154,65,13
14 ....G...D.GHAAD.GH..EBBI..EF.ICCCF.. 2329 54,60,246,430,494,366,227,121,79,77,78,56,28,11,2
14 ....H...E.HIAAE.HI.DFBBI.DFG..CCCG.. 3291 54,50,228,320,378,300,268,196,204,286,354,361,188,89,15
07 ..DF....DF.GAAEF.G..EBBH.....H.CCC.. 696 140,18,54,102,164,134,66,18
07 ...F....DFG.AADFG..BB.....E.....ECCC 715 196,24,41,110,160,122,52,10
10 ........EG..AAEG..BBFG...DF....DCCC. 806 439,30,24,76,100,66,27,17,16,9,2
11 ...F....DFG.AADFG...EBBH..E..HCCC..H 1598 81,18,84,154,294,330,236,140,98,94,56,13
22 ........EG.HAAEG.HBBFG.H.DF....DCCC. 889 60,10,38,42,84,72,50,36,50,44,12,8,8,8,26,50,60,55,49,50,44,27,6
13 ....G...DFGHAADFGH..EFBB..E..ICCC..I 1474 42,12,58,140,282,384,260,105,44,32,36,39,32,8
15 ........EGHIAAEGHIBBFG...DF..J.DCCCJ 4133 761,80,228,348,598,638,430,212,98,99,160,178,137,96,58,12
22 ........EGH.AAEGH.BBFGH..DF....DCCC. 685 42,10,20,36,78,72,46,26,30,29,8,3,2,8,26,44,38,25,31,46,41,20,4
24 ........EGHIAAEGHIBBFGHI.DF....DCCC. 1861 42,10,50,96,168,270,216,134,60,50,44,11,3,2,8,26,50,60,59,71,108,136,115,60,12
06 ..D.....D..EAAD..E.BB........FCCC..F 463 67,73,143,32,64,63,21
06 ........D...AAD.....DBB.....E.CCC.E. 354 90,102,24,52,58,20,8
18 ..F.....F.IKAAGHIKBBGHJ.ECCHJ.EDD... 11607 1934,488,1135,1754,1834,1233,565,307,354,381,308,231,200,205,191,167,166,125,29
11 ........D...AAD.....DBBF....EFCCC.EF 886 55,55,165,54,12,28,57,126,186,110,34,4
09 ........D.EGAAD.EG..DBB.....FHCCC.FH 908 74,77,157,35,77,146,166,114,50,12
08 ........D..FAAD..F..DBB....E.GCCCE.G 1255 229,133,260,69,147,198,155,60,4
07 ........DE..AADE....DBB.....F.CCC.F. 1124 329,199,56,125,198,146,51,20
12 ........D.F.AAD.F...DBBG...E.GCCCE.G 2636 195,108,324,84,24,58,124,286,532,539,276,78,8
09 ........E..GAAE..G.DEBB..D..FHCCC.FH 3173 461,486,955,167,276,376,289,117,34,12
09 ........E.F.AAE.F..DEBB..D..G.CCC.G. 473 133,140,20,28,47,41,28,16,12,8
10 ........DEFHAADEFH..DBB.....GICCC.GI 3066 279,160,327,91,211,436,605,523,293,115,26
14 ........E.F.AAE.F..DEBBH.D..GHCCC.GH 1231 89,89,267,75,9,21,60,84,153,157,109,58,34,22,4
11 ........DE.GAADE.G..DFBB...F.H.CCC.H 787 163,60,115,30,67,109,100,57,37,29,16,4
10 ........DE..AADE....DFBB...FG..CCCG. 806 255,97,30,68,126,127,60,21,13,7,2
11 ..E.....E..GAAE..G.DBB.G.D.F..CCCF.. 2036 240,132,396,183,60,116,126,251,304,186,28,14
14 .....H..DE.HAADE.H..DFBB...FG..CCCG. 1800 150,53,159,30,12,30,61,141,298,389,286,134,44,11,2
13 ........DEGIAADEGI..DFBB...FHJ.CCCHJ 2396 230,83,170,56,133,289,455,454,286,133,63,31,11,2
12 ........E..HAAE..H.DEBBI.D.FGICCCFG. 8362 1540,881,1706,358,653,1010,1063,699,294,112,35,9,2
11 ..E.....E.G.AAE.G..DBBH..D.FH.CCCF.. 1482 480,278,48,82,142,159,113,70,45,37,25,3
18 ..F.....F..JAAGHIJBBGHI.ECCHI.EDD... 12889 462,150,436,746,878,872,1091,1222,1128,1088,1067,952,820,766,558,350,211,80,12
16 ..E.....E.GIAAE.GI.DBBHI.D.FH.CCCF.. 3591 302,169,507,123,30,54,144,246,450,572,455,254,124,75,49,28,9
13 ..E.....EF.HAAEF.H.DBB.H.D.G..CCCG.. 868 128,48,144,36,18,48,31,57,104,107,85,32,18,12
07 .....G....FG..AAFG...EBB.D.E...D.CCC 5493 286,488,1843,1715,868,259,33,1
08 .....H...EGHAA.EGH...FBB.D.F...DCCC. 2514 172,192,772,760,380,140,68,26,4
06 .....F.....F..AA.F...EBBD..E..D..CCC 2460 158,307,1035,688,218,52,2
09 .........E.FAA.E.FBB.E.G.D...G.D.CCC 959 215,36,96,156,210,98,60,52,28,8
07 .........EF.AA.EF.BB.E...D.....DCCC. 988 312,60,84,186,172,70,56,48
15 .........EFGAA.EFGBB.E.G.D.....DCCC. 2219 175,36,160,250,428,334,86,25,7,14,38,78,120,160,188,120
11 .........EFHAA.EFHBB.EGI.D..GI.DCCC. 2787 257,60,240,464,656,532,158,74,94,148,88,16
17 .........EFGAA.EFGBB.EFH.D...H.D.CCC 2068 72,24,120,244,402,452,99,12,5,8,22,48,92,126,138,124,64,16
06 ....F.....F...AAF....EBBD..E..D.CCC. 1634 84,167,418,570,316,77,2
17 ........F.GHAAF.GHBBF.G.ECC...EDD... 6096 378,393,316,99,264,574,754,580,318,219,147,184,345,426,501,410,164,24
07 ....FG....FG..AAFG...EBBD..E..D.CCC. 5492 84,167,919,1626,1773,812,109,2
07 .....G...E.GAA.E.G...FBBD..F..DCCC.. 1331 100,128,484,401,110,66,36,6
08 .....H....GH..AAGH...FBB.DEF...DECCC 12961 828,936,3475,3297,2300,1397,593,134,1
07 ....G....EG.AA.EG....FBBD..F..DCCC.. 1037 68,85,251,350,190,54,33,6
08 ....GH...EGHAA.EGH...FBBD..F..DCCC.. 3410 68,85,506,1030,1114,514,54,33,6
05 ...E.....E..AA.E..BB....D.....DCCC.. 524 195,35,45,147,72,30
07 .....F...E.FAA.E.F...EBBD.....DCCC.. 1049 100,21,90,147,321,218,140,12
07 ....F....EF.AA.EF....EBBD.....DCCC.. 855 57,21,72,114,285,170,124,12
08 ....FG...EFGAA.EFG...EBBD.....DCCC.. 2800 57,21,135,330,540,935,490,280,12
09 .....I..EFHIAAEFHI...GBB.D.G...DCCC. 5995 508,376,1463,1437,1062,630,320,150,43,6
07 ....FH....FHAA..GHDBB.G.D.E.....ECCC 5141 180,412,1706,1808,653,184,138,60
07 ....F.D...F.DAA.F...EBB...E.....CCC. 1144 56,128,232,346,166,122,82,12
11 .........F.G.AAF.GBBEF.H.DE..H.D.CCC 2579 716,80,198,296,456,337,184,118,100,69,23,2
08 ....FGD...FGDAA.FG..EBB...E.....CCC. 3706 56,128,616,893,1050,435,306,198,24
09 .........FG..AAFG.BBEF...DE....DCCC. 2851 1070,136,159,369,454,288,153,128,82,12
07 .....G.....G..AA.G...FBBD.EF..D.ECCC 5735 448,558,1906,1433,771,464,153,2
17 .........FGH.AAFGHBBEF.H.DE....DCCC. 5536 512,72,303,430,785,811,467,208,77,31,66,151,248,322,390,388,221,54
14 .........FGI.AAFGI.BBFHJ.DE.HJ.DECCC 6510 791,128,448,818,1292,1276,614,199,136,235,275,189,83,23,3
18 ........FGHIAAFGHIBBF.H.ECC...EDD... 18710 1362,762,688,357,736,1479,2169,2156,1370,692,426,381,672,1037,1336,1496,1099,426,66
19 .........FGH.AAFGHBBEFGI.DE..I.D.CCC 4803 200,48,210,412,734,950,510,167,40,19,38,89,161,221,252,270,244,160,66,12
12 ........FG..AAFG....FHBBECCH.IE.DD.I 11575 4114,1543,1892,975,1084,850,487,293,185,84,47,19,2
13 ....G...E.GHAAE.GH.DF.BB.DF..ICCC..I 1417 24,40,136,172,150,94,93,91,138,172,146,100,51,10
08 ....GI...FGIAA.FHIDBB.H.D.E.....ECCC 14439 620,781,3472,4553,3034,1262,456,207,54
08 ....G.D..FG.DAAFG...EBB...E.....CCC. 3348 212,269,560,840,649,423,273,105,17
16 ....H...E.HIAAE.HI.DFBBJ.DFG.JCCCG.. 4197 108,100,356,508,536,388,260,175,192,288,381,356,284,190,64,10,1
21 ........FGIJAAFGIJBBFHI.ECCH..EDD... 12114 1062,369,390,342,604,1032,1299,1180,874,614,396,230,192,217,251,291,424,665,792,605,250,35
09 ....GHD..FGHDAAFGH..EBB...E.....CCC. 10557 212,269,1367,2274,2766,1858,1007,582,199,23
14 ........EG.HAAEG.HBBFG...DF..I.DCCCI 1498 457,40,92,130,214,194,118,54,28,39,47,37,26,18,4
11 ........EGH.AAEGH.BBFG...DF....DCCC. 1648 632,50,56,144,230,204,115,62,63,57,29,6
08 .....H..EF.HAAEF.H...GBBD..G..DCCC.. 3007 276,228,850,737,388,277,177,66,8
23 ........EGHIAAEGHIBBFG.I.DF....DCCC. 2834 162,30,122,160,294,330,236,140,98,94,56,19,11,10,34,76,110,119,126,157,186,159,87,18
28 ........EGHIAAEGHIBBFGH..DF..J.DCCCJ 2379 84,20,80,152,282,384,260,105,44,32,36,39,32,11,5,10,28,50,60,52,36,36,71,121,131,100,70,40,8
09 ..F.....FG..AAFG..E..GBBECC..H.DD..H 10270 4427,437,598,532,1006,1327,1148,619,131,45
07 ........E...AAE....DEBB..D..F.CCC.F. 988 312,348,66,105,102,35,12,8
12 ........E...AAE....DEBBG.D..FGCCC.FG 2170 169,169,507,210,48,80,149,245,318,192,57,22,4
11 ........E.FHAAE.FH.DEBB..D..GICCC.GI 1848 222,229,454,68,115,195,215,158,92,54,34,12
09 ..E.....E..GAAE..G.DBB.H.D.F.HCCCF.. 3152 758,434,813,143,261,332,272,115,20,4
08 ........EF..AAEF...DEBB..D..G.CCC.G. 2851 1078,642,146,260,352,236,79,38,20
09 ....H.D..FH.DAAFH...EGBB..EG...CCC.. 2178 178,141,344,547,424,230,144,102,56,12
14 ........E..HAAE..H.DEBBH.D.FG.CCCFG. 5542 542,301,903,306,90,170,303,553,881,843,428,145,62,9,6
10 ....HID..FHIDAAFHI..EGBB..EG...CCC.. 6672 178,141,767,1482,1858,1256,532,248,142,56,12
14 ..E.....E.GIAAE.GI.DBBHJ.D.FHJCCCF.. 5477 782,447,882,178,330,588,756,640,383,204,124,86,55,19,3
11 ........EF..AAEF...DEGBB.D.GH..CCCH. 1648 717,270,54,106,177,164,77,30,22,20,9,2
17 .....I..EF.IAAEF.I.DEGBB.D.GH..CCCH. 2691 336,124,372,72,36,72,76,147,313,421,338,180,79,53,35,22,13,2
07 ...F.....F...AAF..BBE...D.E...DCCC.. 1470 669,72,80,258,213,111,54,13
09 .....GD..F.GDAAF.G..EFBB..E....CCC.. 2391 280,36,148,216,470,407,367,317,134,16
19 ........FGHIAAFGHIBBFGH.ECC...EDD... 11449 939,132,169,207,345,766,1310,1422,1021,548,288,191,251,468,659,858,924,652,257,42
07 .....G....FG..AAFG...EBBD..E..D..CCC 8781 390,763,2963,2848,1403,373,40,1
09 ....G.D..FG.DAAFG...EFBB..E....CCC.. 1869 148,36,100,174,416,328,281,248,122,16
10 ....GHD..FGHDAAFGH..EFBB..E....CCC.. 5721 148,36,208,474,824,1417,1006,742,596,254,16
08 ....GI..E.GIAAE.HIDBB.H.D.F.....FCCC 1413 39,73,303,335,198,177,186,90,12
09 ....G...E.G.AAE.G.D.FBB.D.F...CCC... 490 15,28,45,66,48,76,80,78,48,6
11 ....G...E.G.AAE.G.D.FBBHD.F..HCCC..H 1439 15,28,129,177,210,144,212,202,162,122,35,3
08 .....H...EGHAA.EGH...FBBD..F..DCCC.. 5159 268,341,1465,1722,938,276,102,41,6
08 .....H.....H..EAAH..EGBBD.FG..D.FCCC 2969 198,201,693,592,487,504,238,55,1
09 ....HJ..EGHJAAEGIJDBB.I.D.F.....FCCC 4467 168,168,738,992,862,618,468,318,117,18
11 ....H...E.H.AAE.H.D.FBB.D.FG..CCCG.. 1511 66,67,123,198,192,190,190,185,170,99,28,3
06 ...E.....EF.AA.EF.BB....D.....DCCC.. 1610 407,91,157,363,366,172,54
13 ....H...E.HIAAE.HID.FBBID.FG..CCCG.. 4307 66,67,324,519,684,600,554,502,393,314,182,66,27,9
08 ...G.I..EG.IAAEH.IDBBH..D.F.....FCCC 964 90,56,212,207,156,117,87,33,6
08 .....G...EFGAA.EFG...EBBD.....DCCC.. 4080 252,63,300,552,1035,1036,606,224,12
11 ...G....EG..AAEH..BBFH..D.FH..DCCC.. 134 64,11,8,13,9,5,4,3,4,6,5,2
10 ........EG..AAEG..BBFG..D.F...DCCC.. 942 472,33,33,105,121,84,38,17,19,16,4
13 ...G....EG..AAEG..BBF..HD.F..HDCCC.H 1142 60,11,44,57,111,81,66,90,123,170,158,115,50,6
14 ...G....EGHIAAEGHIBBF...D.F..JDCCC.J 5416 854,88,272,468,780,791,554,358,229,182,214,250,222,124,30
13 ...G....EGH.AAEGH.BBF...D.F.I.DCCCI. 904 223,22,42,92,129,84,52,43,36,46,54,48,27,6
15 ...G....EGH.AAEGH.BBF..JD.F.IJDCCCIJ 2532 102,22,108,209,372,423,252,156,129,108,138,168,171,123,45,6
16 ...G....EGHJAAEGHJBBF.I.D.F.IKDCCCIK 1458 84,22,86,158,247,249,120,52,43,36,46,60,78,84,60,27,6
13 ...G....EG..AAEG..BBF.H.D.F.H.DCCCH. 897 42,11,26,48,105,81,60,72,87,120,121,86,35,3
15 ...G....EG..AAEG..BBF.HID.F.HIDCCCHI 2504 42,11,59,126,222,351,243,174,186,189,254,264,220,127,33,3
09 ........E..GAAE..GD.EBB.D...FHCCC.FH 3845 545,574,1129,185,327,478,390,165,40,12
09 ........E.F.AAE.F.D.EBB.D...G.CCC.G. 592 161,169,22,31,59,60,48,28,10,4
14 ........E.F.AAE.F.D.EBBHD...GHCCC.GH 1583 112,112,336,84,9,24,66,93,192,223,177,102,38,13,2
11 ..E.....E...AAE...D.BB.GD..F.GCCCF.G 2412 290,158,474,198,60,128,143,287,370,249,45,10
08 .....H....GH..AAGH...FBBD.EF..D.ECCC 18593 1068,1339,5102,4966,3285,1767,814,251,1
10 ........EF.HAAEF.HD.EBB.D...GICCC.GI 10354 1852,1049,2042,404,764,1261,1416,1000,425,115,26
10 ........EFG.AAEFG.D.EBB.D...H.CCC.H. 1877 586,335,54,92,171,215,179,128,73,32,12
15 ........EFG.AAEFG.D.EBBID...HICCC.HI 4715 388,214,642,138,30,60,165,276,543,765,688,451,228,91,32,4
06 ..EF....EF..AAEG..DBBG..D.....CCC... 895 449,176,41,71,97,43,18
13 ..E.....EF..AAEF..D.BB.HD..G.HCCCG.H 1238 176,64,192,54,21,60,61,98,165,148,116,55,20,8
15 ........EFHIAAEFHI..EGBBD..G.JDCCC.J 6309 1305,475,905,186,363,638,775,595,349,227,169,128,93,64,31,6
14 ........EFH.AAEFH...EGBBD..GI.DCCCI. 1344 454,166,32,61,110,151,122,74,50,40,33,24,16,9,2
18 .....J..EFHJAAEFHJ..EGBBD..GI.DCCCI. 3199 286,102,306,54,21,36,99,183,345,530,503,325,181,102,62,35,18,9,2
09 .....I..EFHIAAEFHI...GBBD..G..DCCC.. 10845 730,597,2466,2851,2110,1112,582,296,93,8
06 .....G.E...G.EAA.G...FBBD..F..DCCC.. 6268 496,773,2519,1706,562,186,26
08 ...F.....FG..AAFG.BBE...D.E...DCCC.. 4036 1306,180,260,618,746,485,281,134,26
10 .....HD..FGHDAAFGH..EFBB..E....CCC.. 8742 688,108,484,806,1548,1747,1356,1094,685,210,16
08 .....H...F.HAA.F.H...GBBDE.G..DECCC. 2337 232,244,844,515,158,180,124,36,4
12 ....G...E.GHAAE.GHD.F.BBD.F..ICCC..I 1826 30,56,202,288,276,188,197,164,134,152,104,32,3
13 ........GHJKAAGHJKBBGI..FCCI..FDDEE. 18069 4455,1492,1961,1177,1794,2209,1804,1027,666,591,498,280,94,21
08 ....H....FH.AA.FH....GBBDE.G..DECCC. 1636 152,155,371,452,232,132,104,34,4
09 ....HI...FHIAA.FHI...GBBDE.G..DECCC. 4825 152,155,836,1450,1390,568,132,104,34,4
15 ....H...E.HIAAE.HID.FBBJD.FG.JCCCG.. 5551 132,134,514,840,978,770,568,416,293,258,254,203,116,53,19,3
12 ........GHIJAAGHIJBBGH..FCC...FDDEE. 19684 5960,294,471,493,1113,2084,2750,2516,1789,1151,702,300,61
07 .........F..AA.F..BB.F..DE....DECCC. 1365 686,77,63,213,162,96,52,16
09 ...G.J..EGIJAAEHIJDBBH..D.F.....FCCC 3671 243,151,623,764,720,510,354,216,78,12
15 .........F.GAA.F.GBB.F.GDE....DECCC. 2064 290,33,126,147,321,218,140,36,6,18,66,126,162,189,146,40
12 ...G....EGI.AAEHI.BBFH..D.FH..DCCC.. 455 155,33,34,49,46,28,18,14,14,20,23,16,5
11 .........FGHAA.FGHBB.F.IDE...IDE.CCC 11214 1916,286,830,1252,1902,1787,1233,851,604,383,146,24
10 .........FG.AA.FG.BB.FH.DE..H.DECCC. 2240 618,110,202,318,390,212,126,62,110,76,16
13 ...G....EG.HAAEG.HBBF...D.F..IDCCC.I 1880 502,44,110,177,277,241,165,98,50,49,58,57,40,12
18 .........FGIAA.FGIBB.FHIDE..H.DECCC. 5859 397,66,336,621,942,1034,504,244,22,24,48,102,196,240,220,266,351,206,40
11 ........EGH.AAEGH.BBFG..D.F...DCCC.. 2026 695,55,75,197,292,250,164,87,66,76,55,14
15 .........FG.AA.FG.BB.FG.DE....DECCC. 1548 132,33,90,114,285,170,124,24,6,18,66,108,108,126,112,32
14 ...G....EGH.AAEGH.BBF..ID.F..IDCCC.I 3730 162,33,142,214,387,402,282,258,294,368,424,385,261,103,15
15 ...G....EGHJAAEGHJBBF...D.F.IKDCCCIK 3556 352,44,172,343,575,570,292,147,122,118,152,195,219,171,72,12
14 ...G....EGH.AAEGH.BBF.I.D.F.I.DCCCI. 320 42,11,21,37,54,33,18,16,11,14,18,18,15,9,3
17 .........FGHAA.FGHBB.FGHDE....DECCC. 4698 132,33,189,384,540,935,490,280,24,6,18,66,144,258,377,430,312,80
16 ...G....EGH.AAEGH.BBF.IJD.F.IJDCCCIJ 1056 42,11,54,100,156,180,99,54,48,33,42,54,60,60,42,18,3
15 ....H...EGHIAAEGHID.FGBBD.F..JCCC..J 3232 84,22,96,200,375,483,291,171,165,175,235,286,306,229,97,17
07 ........E...AAE...D.EBB.D...F.CCC.F. 1155 359,401,72,118,127,54,16,8
12 ........E...AAE...D.EBBGD...FGCCC.FG 2614 206,206,618,228,48,92,163,277,396,269,83,24,4
11 ........E.FHAAE.FHD.EBB.D...GICCC.GI 2385 273,281,557,75,136,254,306,251,155,68,23,6
08 ..E.....E..GAAE..GD.BB..D..F.HCCCF.H 3734 878,500,943,161,308,417,355,156,16
08 ........EF..AAEF..D.EBB.D...G.CCC.G. 3379 1254,743,166,292,416,312,130,46,20
13 ........EF..AAEF..D.EBBHD...GHCCC.GH 6846 678,372,1116,336,90,188,347,627,1061,1108,645,212,60,6
12 ........EFGIAAEFGID.EBB.D...HJCCC.HJ 7199 974,549,1086,200,385,740,1029,961,659,368,168,64,16
14 ........EF.HAAEF.H..EGBBD..G.IDCCC.I 2023 565,207,376,61,116,178,160,96,68,58,49,37,30,18,4
12 ........EF..AAEF....EGBBD..GH.DCCCH. 2200 903,342,86,157,249,230,117,54,22,20,11,7,2
17 .....I..EF.IAAEF.I..EGBBD..GH.DCCCH. 4032 462,166,498,108,42,96,160,281,520,645,498,297,141,66,32,11,7,2
16 ........EFHJAAEFHJ..EGBBD..GIKDCCCIK 4964 740,268,529,125,247,478,716,705,475,270,159,104,68,42,25,11,2
08 ....GI....GIAA..HIDEBBH.DEF.....FCCC 12423 556,1066,4175,4055,1459,440,387,243,42
09 ....G.....G.DAA.G.DBB....EF....EFCCC 2909 148,280,417,647,393,404,322,223,70,5
10 ....GH....GHDAA.GHDBB....EF....EFCCC 9020 148,280,1257,1606,1957,1098,1092,816,565,186,15
07 .....H.E..GH.EAAGH...FBBD..F..DCCC.. 20165 1154,1805,6728,6203,3132,971,159,13
09 .....I...FHIAA.FHI...GBBDE.G..DECCC. 8178 616,643,2511,2316,1154,468,284,144,38,4
09 ....HJ...GHJAA.GIJDEBBI.DEF.....FCCC 29555 1740,1849,7602,8647,5336,2507,1099,568,189,18
10 .........F.GAA.F.GBB.F.HDE...HDE.CCC 3365 901,110,266,387,594,439,316,183,115,46,8
08 .........FG.AA.FG.BB.F..DE....DECCC. 3567 1304,187,223,477,552,368,244,164,48
10 ....H....GH.DAAGH.DBB....EF....EFCCC 7392 512,544,896,1296,1028,949,976,716,320,132,23
16 .........FGHAA.FGHBB.F.HDE....DECCC. 7315 687,99,420,588,1035,1036,606,272,36,42,114,258,400,531,613,458,120
12 .........FGIAA.FGIBB.FHJDE..HJDECCC. 8869 1015,176,648,1141,1626,1600,920,524,303,430,346,124,16
11 ....HI...GHIDAAGHIDBB....EF....EFCCC 21873 512,544,2528,3544,4161,2917,2413,2404,1707,738,336,69
18 .........FGHAA.FGHBB.FGIDE...IDE.CCC 6602 264,66,312,588,939,1216,644,312,26,24,66,156,299,418,465,423,268,100,16
09 .....I..FG.IAAFG.I...HBBDE.H..DECCC. 5594 648,468,1594,998,548,611,463,206,52,6
07 .....H.....HDE.AAHDEBBG...F.G...FCCC 20094 1064,2050,7043,5545,2444,1209,727,12
10 ....I.D..GI.DAAGI...FHBB.EFH...ECCC. 3484 388,264,487,675,493,355,295,248,182,88,9
11 ....IJD..GIJDAAGIJ..FHBB.EFH...ECCC. 9253 388,264,1279,1988,2224,1389,705,437,300,182,88,9
09 ......D..G..DAAG..BBFG...EF....ECCC. 4214 2465,180,120,396,435,303,184,92,33,6
17 ......D..G.HDAAG.HBBFG.H.EF....ECCC. 4973 824,60,220,216,470,407,367,341,182,50,96,234,355,401,374,236,112,28
13 .........GHI.AAGHIBBFG.JDEF..JDE.CCC 25545 5867,600,1528,2036,3272,3437,2711,2130,1593,1118,775,383,89,6
13 .........GH.AA.GH.DBBGI.DEF.I..EFCCC 5323 1897,240,328,546,701,456,292,221,189,161,126,93,58,15
21 .........GHJAA.GHJDBBGIJDEF.I..EFCCC 11961 1056,120,552,886,1426,1710,1115,790,562,220,100,174,304,375,341,369,518,522,392,264,135,30
17 ......D..GH.DAAGH.BBFGH..EF....ECCC. 3532 332,60,124,174,416,328,281,260,134,48,92,202,267,262,239,175,102,36
19 ......D..GHIDAAGHIBBFGHI.EF....ECCC. 9907 332,60,304,546,824,1417,1006,742,608,266,48,92,238,447,625,760,732,512,268,80
09 ....HJ..F.HJAAF.IJDEBBI.DEG.....GCCC 3078 87,142,556,568,369,435,513,321,81,6
11 ....H...F.H.AAF.H.DEGBB.DEG...CCC... 1254 30,48,60,84,57,100,147,214,241,179,80,14
13 ....H...F.H.AAF.H.DEGBBIDEG..ICCC..I 3490 30,48,204,231,264,171,278,375,500,591,469,241,78,10
10 ....IK..FHIKAAFHJKDEBBJ.DEG.....GCCC 8439 372,322,1310,1540,1334,1227,1113,804,336,75,6
13 ....I...F.I.AAF.I.DEGBB.DEGH..CCCH.. 3430 132,115,159,234,210,223,263,321,445,524,485,263,55,1
15 ....I...F.IJAAF.IJDEGBBJDEGH..CCCH.. 9077 132,115,504,645,792,654,647,693,731,945,1164,1099,636,252,65,3
11 ........FH..AAFH..BBGH..DEG...DECCC. 2969 1865,95,55,177,251,216,123,70,57,43,15,2
24 ........FH.IAAFH.IBBGH.IDEG...DECCC. 2427 120,19,68,57,111,81,66,90,123,170,158,127,77,32,47,110,161,188,179,162,124,83,47,21,6
10 .....J..FGIJAAFGIJ...HBBDE.H..DECCC. 17687 1684,1200,4479,3875,2642,1706,1120,654,264,57,6
10 ....H.....HJAA..IJEFBBI.EFGCC.DDG... 54185 6870,12282,18723,10379,3201,696,582,691,545,200,16
16 ........FHIJAAFHIJBBGH..DEG..KDECCCK 11083 2653,190,470,600,998,1117,914,670,491,477,606,667,573,379,196,70,12
24 ........FHI.AAFHI.BBGHI.DEG...DECCC. 1815 84,19,32,48,105,81,60,72,87,120,121,92,44,17,47,101,122,113,107,113,100,69,41,16,4
26 ........FHIJAAFHIJBBGHIJDEG...DECCC. 4629 84,19,89,144,222,351,243,174,186,189,254,264,226,136,47,50,110,161,194,219,280,320,287,205,115,48,12
10 ........F.G.AAF.G.DEFBB.DE..H.CCC.H. 1537 527,546,50,53,87,84,70,48,36,28,8
15 ........F.G.AAF.G.DEFBBIDE..HICCC.HI 3665 343,343,1029,309,27,57,150,159,282,311,258,176,111,76,30,4
12 .........G.H.AAG.HBBFG.IDEF..IDE.CCC 8447 2914,240,520,660,1077,976,778,565,345,223,118,29,2
10 ......D..GH.DAAGH.BBFG...EF....ECCC. 9775 4362,420,392,862,1166,957,702,507,284,105,18
10 ......E...HIEAA.HI.FBBH..FGCC.DDG... 48171 1770,3261,6893,9553,9447,6232,3544,2910,2697,1536,328
12 ..F.....F.H.AAF.H.DEBBI.DE.GI.CCCG.. 4440 1816,1030,120,166,260,293,234,172,126,110,82,28,3
17 ..F.....F.HJAAF.HJDEBBIJDE.GI.CCCG.. 9423 1082,601,1803,483,102,162,372,498,822,1041,903,619,384,255,167,83,37,9
18 ......D..GHIDAAGHIBBFG.I.EF....ECCC. 16392 1880,180,716,854,1548,1747,1356,1142,793,290,206,438,765,1005,1162,1112,754,360,84
15 .........GHJAA.GHJDBBGIKDEF.IK.EFCCC 18352 2953,360,1120,1760,2665,2837,1892,1282,904,716,660,527,356,217,88,15
20 ......D..GHIDAAGHIBBFGHJ.EF..J.E.CCC 13449 664,120,488,844,1414,1933,1333,963,674,270,118,246,481,681,776,770,675,515,318,138,28
14 ....H...F.HIAAF.HIDEG.BBDEG..JCCC..J 4253 60,96,312,375,339,227,292,371,478,587,526,356,183,47,4
17 ....I...F.IJAAF.IJDEGBBKDEGH.KCCCH.. 11209 264,230,778,1038,1104,836,687,635,677,921,1181,1100,835,587,249,71,15,1
15 ........FH.IAAFH.IBBGH..DEG..JDECCCJ 4604 1781,114,218,253,419,425,341,234,152,154,167,151,109,60,22,4
12 ........FHI.AAFHI.BBGH..DEG...DECCC. 5299 2452,133,119,291,494,512,393,263,227,213,147,49,6
25 ........FHIJAAFHIJBBGH.JDEG...DECCC. 7224 324,57,218,226,387,402,282,258,294,368,424,397,294,138,76,157,271,355,407,459,482,411,288,162,69,18
30 ........FHIJAAFHIJBBGHI.DEG..KDECCCK 5703 168,38,140,224,375,483,291,171,165,175,235,286,306,235,112,40,52,109,157,175,153,137,181,268,300,262,213,142,70,32,8
12 ........F.GIAAF.GIDEFBB.DE..HJCCC.HJ 5616 870,889,1720,153,214,362,423,362,264,173,116,58,12
15 ..F.....F.HJAAF.HJDEBBIKDE.GIKCCCG.. 14817 2898,1631,3118,406,634,1062,1374,1254,899,593,401,281,167,74,22,3
18 .....J..FG.JAAFG.J.EFHBBDE.HI.DCCCI. 6867 1068,404,1212,264,132,258,250,312,572,736,635,429,238,156,98,55,35,11,2
05 .....E.....EAA...E....BB.......CCCDD 176 4,16,48,52,52,4
07 .....F.....F..AA.F...EBB...E...CCCDD 460 12,24,84,112,142,76,8,2
08 .....G...E.GAA.E.G...FBB...F..CCCDD. 282 6,8,32,48,72,76,22,14,4
08 .........EFGAA.EFG...EBB.....HCCCDDH 895 67,16,68,150,246,224,98,22,4
06 .....F..E..FAAE..F....BB.......CCCDD 408 12,30,96,118,120,30,2
08 .....G.....G..EAAG..EFBB...F...CCCDD 1074 36,45,162,235,312,188,78,17,1
10 .....H...F.H.AAF.H..EGBB..EG..CCCDD. 663 18,15,60,96,153,143,82,50,31,13,2
10 .........FGH.AAFGH..EFBB..E..ICCCDDI 2036 200,30,120,258,461,496,301,115,40,13,2
11 ....I....HIKAA.HJKEFBBJ.EFGCC.DDG... 127010 21699,20404,34505,26069,13003,4939,2279,1772,1427,717,172,24
08 .....G.....G.EAA.G.E.FBB...F...CCCDD 888 32,48,160,204,252,120,54,16,2
08 ....GI....GIAA..HI.EBBH..E.F..CCCFDD 1392 24,36,168,312,396,318,108,18,12
10 .....H...F.HAA.F.H.E.GBB.E.G..CCCDD. 448 12,12,44,60,96,90,52,36,32,10,4
09 .....H.....H.EFAAH.EFGBB...G...CCCDD 2103 96,96,324,440,564,295,184,80,23,1
09 ....HJ..F.HJAAF.IJ.EBBI..E.G..CCCGDD 2589 64,64,280,512,712,585,279,72,15,6
11 .....I..FG.IAAFG.I.E.HBB.E.H..CCCDD. 1077 36,24,87,123,207,164,135,98,99,66,30,8
06 .....F.....FAA...FBB....E.....ECCCDD 598 14,49,147,161,161,50,16
08 .....G.....G..AA.G...FBBE..F..ECCCDD 1441 40,70,240,314,395,276,78,26,2
12 ......F..IJKFAAIJKBBHI...GHCC..GDDEE 80173 25975,1749,3950,6546,11498,13194,9361,4770,2045,831,217,31,6
09 .....H...F.HAA.F.H...GBBE..G..ECCCDD 805 18,21,81,117,180,218,92,58,18,2
08 .....G.....G.AA..GBBF...E.F...ECCCDD 1280 40,90,280,336,340,130,41,17,6
09 .....H...G.H.AAG.HBBF...E.F...ECCCDD 3027 112,126,434,596,772,533,275,127,45,7
11 .....I...G.I.AAG.I..FHBBE.FH..ECCCDD 1656 48,36,136,200,324,333,212,175,121,56,14,1
11 ......E..GHIEAAGHI..FGBB..F..JCCCDDJ 4680 636,72,264,506,896,1000,689,362,171,62,18,4
11 ......E..HIJEAAHIJ.FBBI..FGCC.DDG... 111611 5790,5637,12887,17519,18944,16504,12213,8971,6977,4376,1605,188
09 .....H.....H.FAA.H.F.GBBE..G..ECCCDD 3039 112,154,504,632,767,490,284,80,14,2
11 .....I...G.IAA.G.I.F.HBBEF.H..ECCCDD 1387 36,33,117,153,252,280,218,132,112,36,16,2
10 .....I.....I.FGAAI.FGHBBE..H..ECCCDD 6704 320,300,980,1280,1580,988,710,384,140,21,1
06 .....F....EFAA..EF....BB.......CCCDD 518 7,28,105,151,154,70,3
08 .....G....FG..AAFG...EBB...E...CCCDD 1452 22,44,187,323,424,328,114,9,1
09 .....H...EGHAA.EGH...FBB...F..CCCDD. 951 12,16,76,148,228,256,154,41,16,4
07 .........E.FAA.E.F...EBB.....GCCCDDG 265 37,8,28,52,76,46,14,4
07 .....G..E.FGAAE.FG....BB.......CCCDD 1080 20,50,190,290,318,170,40,2
08 ..........GH.AA.GH..EBBH..EF..CCCFDD 3136 64,80,336,602,856,706,372,106,14
11 .....I...FHI.AAFHI..EGBB..EG..CCCDD. 2120 36,30,138,276,462,500,373,170,78,40,15,2
09 .........F.G.AAF.G..EFBB..E..HCCCDDH 636 114,15,51,91,146,120,59,27,11,2
12 .....J..GH.JAAGH.J.F.IBBEF.I..ECCCDD 3027 96,60,208,272,468,426,433,359,349,218,101,33,4
09 .....H....GH.EAAGH.E.FBB...F...CCCDD 2504 56,84,336,544,692,494,214,65,18,1
11 .....I...FHIAA.FHI.E.GBB.E.G..CCCDD. 1356 24,24,104,184,288,300,206,90,74,44,14,4
09 ........F.HIAAF.HI.EBB.I.E.G..CCCGDD 5284 160,160,620,1012,1380,1020,593,245,77,17
12 .....J..FGIJAAFGIJ.E.HBB.E.H..CCCDD. 2996 72,48,198,348,588,566,454,245,183,157,91,38,8
04 .....D.....DAA...D....BB....CC...... 324 16,64,192,48,4
04 ....D.....D.AA..D....BB....CC....... 192 9,36,81,54,12
05 ....DE....DEAA..DE...BB....CC....... 654 9,36,189,270,129,21
06 .....E.....E..AA.E..BB.....DCC...D.. 860 52,112,384,200,68,32,12
07 .....G....FGAA..FGBB....E.....ECCCDD 1690 24,84,312,446,456,264,83,21
07 .....F....EF..AAEG..BB.G...DCC...D.. 4485 285,628,1776,1316,409,50,18,3
06 ....E.....E...AAF...BBF....DCC...D.. 822 89,200,342,156,28,6,1
06 ....E.....E...AAE...BB.....DCC...D.. 594 34,76,201,156,92,30,5
07 ....EF....EF..AAEF..BB.....DCC...D.. 1963 34,76,429,726,449,191,50,8
07 .....F...D.FAA.D.F..BB.....ECC...E.. 560 36,48,184,136,52,26,52,26
09 .....H....GH..AAGH...FBBE..F..ECCCDD 4369 72,126,522,878,1140,976,477,141,36,1
08 .....G...DFGAA.DFH..BB.H...ECC...E.. 3102 227,304,984,978,430,84,40,46,9
07 ....F....DF.AA.DG...BBG....ECC...E.. 640 77,104,230,174,26,8,18,3
07 ....F....DF.AA.DF...BB.....ECC...E.. 455 30,40,126,124,50,26,42,17
08 ....FG...DFGAA.DFG..BB.....ECC...E.. 1450 30,40,246,496,384,106,42,80,26
10 .....I...FHIAA.FHI...GBBE..G..ECCCDD 2619 36,42,192,360,558,668,468,194,80,19,2
04 ...D.....D..AA.D....BB....CC........ 192 58,36,54,36,8
07 .....E.....E..AA.E...DBB...DCC...D.. 406 32,16,72,96,100,66,22,2
07 ....E.....E...AAE....DBB...DCC...D.. 332 23,16,60,84,78,54,16,1
08 ....EF....EF..AAEF...DBB...DCC...D.. 1070 23,16,108,264,310,224,104,20,1
05 .....E..D..EAAD..E....BB....CC...... 860 52,136,432,204,34,2
06 ....E.....E..AA.F..BB.F...DCC...D... 584 72,180,222,78,12,12,8
09 .....H....GH.AA.GHBBF...E.F...ECCCDD 3136 64,144,528,772,828,490,188,78,32,12
07 ....EG....EG.AA.FG.BB.F...DCC...D... 1900 61,154,663,692,234,42,34,20
06 ....E.....E..AA.E..BB.....DCC...D... 440 25,64,129,96,54,40,32
07 ....EF....EF.AA.EF.BB.....DCC...D... 1434 25,64,321,453,270,133,100,68
07 .....F..D..F..DAAF..BB.....ECC...E.. 2315 169,238,840,566,298,132,58,14
10 .....I...GHI.AAGHIBBF...E.F...ECCCDD 8192 192,216,864,1452,1992,1694,1010,466,213,81,12
08 .....G....FG..AAFH..DBBH..DECC...E.. 10992 907,1298,3668,3044,1559,419,79,17,1
07 ....F....EF..AAEG..BB.G...DCC...D... 1952 277,404,620,412,142,50,35,12
10 ........H.IJAAH.IJBBH...FGCC..FGDDEE 36960 9064,9623,9234,1668,2149,2279,1572,873,396,96,6
08 ....FH...EFH.AAEGH.BB.G...DCC...D... 6139 228,338,1561,2044,1272,441,144,84,27
07 ....F....EF..AAEF..BB.....DCC...D... 1452 99,146,340,309,220,165,125,48
12 .....J...GIJ.AAGIJ..FHBBE.FH..ECCCDD 4952 96,72,312,576,952,1050,816,476,323,189,74,15,1
08 ....FG...EFG.AAEFG.BB.....DCC...D... 4572 99,146,778,1290,989,563,365,254,88
09 .....G...E.G.AAE.G.BBF....DFCC..D... 1535 117,102,394,322,178,83,102,125,94,18
10 ......E..G.HEAAG.H..FGBB..F..ICCCDDI 1564 376,36,112,176,290,257,161,96,42,14,4
10 .....H...EGH.AAEGI.BBF.I..DFCC..D... 7899 745,652,2060,2178,1346,439,163,148,110,48,10
09 ....G....EG..AAEH..BBFH...DFCC..D... 1636 253,224,444,438,158,32,34,32,17,4
09 ....G....EG..AAEG..BBF....DFCC..D... 1183 93,82,229,276,156,88,90,91,62,16
10 ....GH...EGH.AAEGH.BBF....DFCC..D... 3577 93,82,475,954,924,417,170,168,164,104,26
05 ...E....DE..AADE....BB....CC........ 594 212,91,129,113,43,6
08 .....F...E.F.AAE.F..DEBB..DCC....... 1104 104,34,150,190,192,185,146,81,22
09 .....G....FG.AAEFH.BBE.H..DECC..D... 5794 592,244,888,1304,1258,812,432,198,60,6
08 ....F.....F..AAEG..BBEG...DECC..D... 1138 187,88,220,308,198,86,34,14,3
08 ....F....EF..AAEF...DEBB..DCC....... 859 69,34,111,176,150,137,110,56,16
18 ...HJ.E..HJKEAAIJKBBGI...FGCC..FDD.. 54529 3876,2376,5808,7272,6351,5083,4194,3422,2723,2176,1944,1937,1826,1612,1464,1401,826,214,24
09 ....FG...EFG.AAEFG..DEBB..DCC....... 2632 69,34,213,509,656,487,334,212,96,22
05 ..D..F..D..FAAE..F..E.BB.CC......... 560 36,72,236,158,52,6
07 ....F...D.F.AAD.G..BB.G...ECC...E... 284 40,76,80,40,14,4,18,12
08 ....FH..D.FHAAD.GH.BB.G...ECC...E... 876 32,62,256,258,123,43,21,51,30
07 ....F...D.F.AAD.F..BB.....ECC...E... 240 12,24,42,26,22,18,44,52
08 ....FG..D.FGAAD.FG.BB.....ECC...E... 736 12,24,114,149,86,60,59,123,109
10 .....I....HI.FAAHI.F.GBBE..G..ECCCDD 8216 192,264,1032,1628,2034,1628,946,380,102,9,1
08 .....G..D..G..DAAG..EBB...EFCC...F.. 1535 117,126,449,357,250,143,69,22,2
08 .....H..D.GHAAD.GI..EBBI..EFCC...F.. 6365 590,658,1806,1578,1104,481,128,17,3
08 ....G...DFG.AADFH..BB.H...ECC...E... 1060 169,197,256,205,95,32,30,55,21
09 ....GI..DFGIAADFHI.BB.H...ECC...E... 3155 131,157,689,854,638,295,111,97,135,48
09 ....G...D.G.AAD.G...EBB...EFCC...F.. 859 54,65,130,120,86,67,87,156,91,3
10 ....GH..D.GHAAD.GH..EBB...EFCC...F.. 2540 54,65,325,504,413,249,174,235,349,166,6
12 .....J...GIJAA.GIJ.F.HBBEF.H..ECCCDD 4008 72,66,276,468,738,832,694,376,268,148,50,18,2
11 .....H..DF.HAADF.H..EBB...EGCC...G.. 1044 81,54,207,176,120,46,31,53,84,118,68,6
12 .....I..DFHIAADFHJ..EBBJ..EGCC...G.. 4839 518,350,1058,1142,871,344,101,101,125,114,86,27,2
10 ....H...DFH.AADFI..BBGI...EGCC..E... 1000 175,121,208,249,131,28,6,19,27,28,8
11 ....H...DFH.AADFH...EBB...EGCC...G.. 760 59,41,100,140,97,51,30,46,73,83,38,2
12 ....HI..DFHIAADFHI..EBB...EGCC...G.. 2154 59,41,223,437,496,285,107,62,100,132,146,62,4
05 ..DF....DF..AAEF....EBB..CC......... 455 178,60,78,88,44,7
11 ........HIJKAAHIJKBBH...FGCC..FGDDEE 80173 26094,13506,13837,3599,5046,6258,5301,3395,1980,928,217,12
10 .....G..D..G..DAAG.BBF....EFCC..EF.. 739 72,18,77,89,75,62,75,114,107,44,6
10 .....H..D.GHAADFGI.BBF.I..EFCC..E... 3466 392,134,454,640,631,371,208,239,263,123,11
09 ....G...D.G.AADFH..BBFH...EFCC..E... 654 118,49,104,161,110,39,12,30,26,5
09 ....G...DFG.AADFG...EFBB..ECC....... 539 40,18,50,87,64,42,46,80,80,32
10 ....GH..DFGHAADFGH..EFBB..ECC....... 1550 40,18,104,237,323,215,112,111,189,159,42
04 ..D.....D...AAD....BB....CC......... 192 58,85,27,18,4
05 ..D..E..D..EAAD..E.BB....CC......... 406 32,44,144,98,65,23
07 ....E.....E..AA.E...DBB...DCC...D... 168 14,17,12,15,32,42,28,8
08 ....EF....EF.AA.EF..DBB...DCC...D... 520 14,17,63,51,72,116,114,59,14
05 ..D.....DE..AADE...BB....CC......... 594 212,174,87,79,36,6
08 ...........F..AA.F..DBBF..DECC..DE.. 1104 104,77,264,197,207,155,72,22,6
09 .....G....FG.AA.FH..DBBH..DECC..DE.. 4897 564,423,1026,793,933,744,336,68,8,2
08 ....F....EF..AAEF...DBB...DCC...D... 606 57,41,40,58,87,126,122,63,12
09 ....FG...EFG.AAEFG..DBB...DCC...D... 1811 57,41,163,178,255,340,377,275,108,17
10 ..DE.G..DE.G..DAAG.BBF.....FCC...... 739 72,33,118,90,112,95,59,43,52,42,23
11 .....H...EGH.AAEGI..DBBI..DFCC..DF.. 3633 468,216,564,548,690,592,318,113,58,47,18,1
10 ....G....EG..AAEG...DBB...DFCC..DF.. 526 55,24,32,61,77,81,68,55,45,24,4
11 ....GH...EGH.AAEGH..DBB...DFCC..DF.. 1508 55,24,104,157,259,298,254,148,92,77,35,5
05 ..DE....DE..AADE...BB....CC......... 332 141,35,36,54,49,17
10 ..D..F..D..F..DAAF...EBB.CCE.....E.. 534 64,11,42,39,56,89,102,73,36,15,7
09 ....F....EF..AAEF...DEBB..DCC...D... 394 41,11,18,39,51,70,74,55,30,5
10 ....FG...EFG.AAEFG..DEBB..DCC...D... 1147 41,11,51,93,168,214,241,189,95,39,5
07 .....F.D...F.DAA.F..BB.....ECC...E.. 1908 152,240,800,408,152,72,52,32
13 .....K..GHJKAAGHJK.F.IBBEF.I..ECCCDD 7740 192,120,472,768,1288,1284,1164,774,670,546,291,130,37,4
08 .....G.D..FG.DAAFH..BB.H...ECC...E.. 8705 809,1280,3424,2284,713,106,48,32,9
07 ....F..D..F..DAAG...BBG....ECC...E.. 1526 245,392,558,248,60,12,8,3
07 ....F..D..F..DAAF...BB.....ECC...E.. 1154 86,140,321,288,204,76,26,13
08 ....FG.D..FG.DAAFG..BB.....ECC...E.. 3571 86,140,741,1170,817,427,122,46,22
13 ...E.....E..AA.F.GBB.F.G.DCC.G.D.... 972 80,80,280,144,60,26,52,42,48,32,48,40,24,16
15 ...E.....EGHAA.FGHBB.F.I.DCC.I.D.... 4542 527,512,1432,1098,430,84,40,54,33,24,32,40,44,48,72,72
14 ...E.....EG.AA.FG.BB.FH..DCCH..D.... 948 181,176,290,174,26,8,18,7,4,6,10,16,12,8,12
16 ...E.....EG.AA.FGIBB.FHI.DCCHI.D.... 2790 140,144,686,934,526,96,22,36,14,8,12,20,32,24,32,40,24
13 ...E.....E..AA.FG.BB.FG..DCCG..D.... 725 64,64,162,132,54,26,42,25,20,24,40,40,24,8
15 ...E.....E..AA.FGHBB.FGH.DCCGH.D.... 2084 64,64,354,608,400,110,42,80,42,32,40,64,72,48,48,16
14 .........E.FAA.E.FBB.E.F.DCC...D.... 734 88,24,96,96,100,66,22,18,8,4,12,28,48,96,28
14 .........EF.AA.EF.BB.EF..DCC...D.... 556 55,24,72,84,78,54,16,9,4,4,12,28,44,54,18
16 .........EFGAA.EFGBB.EFG.DCC...D.... 1646 55,24,144,300,310,224,104,20,13,4,4,12,28,56,146,152,50
05 .....E....DEAA..DE....BB....CC...... 1086 37,148,528,312,58,3
06 .....E.....E..AA.F..BB.F...DCC...D.. 1228 120,256,592,224,20,12,4
07 ....F..D..F..DAAG..BB.G...ECC...E... 1226 210,408,388,138,26,24,22,10
07 .....F....EF..AAEF..BB.....DCC...D.. 3085 128,284,1116,956,412,133,48,8
08 ....FH.D..FH.DAAGH.BB.G...ECC...E... 3740 171,338,1361,1214,413,87,71,60,25
07 ....F..D..F..DAAF..BB.....ECC...E... 974 66,134,221,203,126,96,92,36
08 ....FG.D..FG.DAAFG.BB.....ECC...E... 2999 66,134,623,790,559,303,238,208,78
07 .....F...D.FAA.D.G..BB.G...ECC...E.. 778 86,112,304,196,40,8,24,8
08 .....G...DFGAA.DFG..BB.....ECC...E.. 2166 100,136,590,654,346,114,94,106,26
08 .....G.DE..G.DEAAG..BB.....FCC...F.. 5258 494,540,1820,1140,616,292,194,126,36
05 ...D.....DE.AA.DE...BB....CC........ 594 117,76,159,158,72,12
08 .....F....EF..AAEF...DBB...DCC...D.. 1566 81,48,240,388,382,278,126,22,1
06 .....F..D.EFAAD.EF....BB....CC...... 2590 113,290,1068,792,286,39,2
09 .....H.D..GH.DAAGI..EBBI..EFCC...F.. 21137 2557,2770,7160,4996,2556,763,190,101,41,3
07 .....F..D..F..DAAG..BB.G...ECC...E.. 3259 402,556,1332,686,216,43,19,5
08 ....G....FG..AAFH..DBBH..DECC...E... 3518 747,816,926,560,232,102,82,45,8
08 .....G....FG..AAFG..DBB...DECC...E.. 7640 397,576,2272,2138,1366,613,224,52,2
09 ....GI...FGI.AAFHI.DBBH..DECC...E... 10103 582,658,2783,3010,1755,706,288,201,103,17
08 ....G....FG..AAFG..DBB...DECC...E... 2782 240,272,504,472,402,349,326,185,32
09 ....GH...FGH.AAFGH.DBB...DECC...E... 8077 240,272,1320,1893,1488,1023,779,658,346,58
09 .....G...E.G.AAE.H.BBF.H..DFCC..D... 2089 290,244,664,488,198,59,53,54,33,6
14 ...F....EF..AAEG.HBB.G.H.DCC.H.D.... 2778 260,182,634,346,202,83,102,141,170,178,124,160,114,58,24
10 .....H...EGH.AAEGH.BBF....DFCC..D... 5589 319,286,1224,1404,1000,415,244,291,258,122,26
16 ...F....EFHIAAEGHIBB.G.J.DCC.J.D.... 11679 1743,1180,3132,2386,1346,439,163,156,148,120,88,104,129,143,144,168,90
15 ...F....EFH.AAEGH.BB.GI..DCCI..D.... 2451 599,408,548,438,158,32,34,36,25,16,18,33,46,31,20,9
17 ...F....EFH.AAEGHJBB.GIJ.DCCIJ.D.... 6652 440,320,1428,1828,1366,501,112,78,73,50,32,36,66,92,78,78,56,18
14 ...F....EF..AAEGH.BB.GH..DCCH..D.... 1920 196,138,289,288,166,90,90,99,90,76,92,134,108,54,10
08 .....F.....F.AAE.G.BBE.G..DECC..D... 1582 256,88,280,334,292,190,100,38,4
06 ...E....DEF.AADEF...BB....CC........ 1668 399,179,346,411,251,74,8
09 .....G...EFG.AAEFG..DEBB..DCC....... 4000 253,102,492,770,810,649,486,298,118,22
16 ...F....EF..AAEGHIBB.GHI.DCCHI.D.... 5144 196,138,703,1140,950,431,172,168,180,152,122,144,212,200,140,80,16
16 .........F.G.AAF.GBBEF.G.DECC..D.... 2062 286,54,210,190,192,185,146,101,56,32,24,64,106,182,182,49,3
06 ..D..G..D.FGAAE.FG..E.BB.CC......... 1464 68,134,498,438,248,72,6
10 .....H.D..GH.DAAGI.BBF.I..EFCC..EF.. 7369 1588,412,1212,1368,1258,812,432,202,71,12,2
08 .....G..D..G..DAAH..EBBH..EFCC...F.. 2089 290,304,730,444,224,69,20,7,1
09 ....G..D..G..DAAH..BBFH...EFCC..EF.. 1539 483,152,256,308,198,86,34,16,5,1
08 .....H..D.GHAAD.GH..EBB...EFCC...F.. 4548 248,283,1102,1089,907,571,275,67,6
20 ......E..HIJEAAHIJBBGHI..FGCC..FDD.. 50842 3723,741,2021,3064,4924,6592,6285,4361,2418,1354,749,562,989,1842,2841,3348,2882,1593,480,65,8
16 .........FG..AAFG.BBEFG..DECC..D.... 1458 159,54,132,176,150,137,110,66,26,14,24,64,102,128,90,25,1
18 .........FGH.AAFGHBBEFGH.DECC..D.... 4042 159,54,294,572,656,487,334,212,110,36,16,24,64,114,246,368,229,64,3
11 .....H..DF.HAADF.I..EBBI..EGCC...G.. 1358 211,134,356,278,150,41,31,46,38,47,23,3
12 .....I..DFHIAADFHI..EBB...EGCC...G.. 3532 213,149,622,712,616,288,108,105,183,250,214,68,4
14 ..E.....E.G.AAF.G.BBF.H..DCCH..D.... 518 104,158,108,40,14,4,18,16,10,12,14,12,3,2,3
15 ..E..I..E.GIAAF.GIBBF.H..DCCH..D.... 1470 78,122,460,352,127,43,21,53,45,31,37,41,32,10,9,9
13 ..E.....E...AAF.G.BBF.G..DCCG..D.... 508 26,43,57,30,26,18,44,60,52,56,60,28,6,2
14 ..E..H..E..HAAF.GHBBF.G..DCCG..D.... 1448 26,43,186,196,96,68,59,127,147,126,138,140,72,18,6
10 .....G..D..G..DAAH.BBF.H..EFCC..EF.. 1026 186,49,147,163,131,77,80,111,71,10,1
09 .....H.DE..H.DEAAH..FBB...FGCC...G.. 3590 342,300,1010,745,507,305,195,125,56,5
06 ..DF....DFG.AAEFG...EBB..CC......... 1138 296,109,188,265,200,72,8
10 .....H..DFGHAADFGH..EFBB..ECC....... 2460 160,54,249,365,384,264,198,237,298,203,48
09 .....I..E.HIAAE.HJ.DFBBJ.DFGCC...G.. 11948 1616,1438,3520,2442,1699,827,278,80,41,7
15 ..E.....EGH.AAFGH.BBF.I..DCCI..D.... 1752 421,393,328,205,95,32,30,59,35,18,28,45,40,10,7,6
16 ..E..J..EGHJAAFGHJBBF.I..DCCI..D.... 4677 301,295,1163,1074,664,299,111,99,150,87,53,83,120,100,33,27,18
05 ..D.....D.E.AAD.E..BB....CC......... 440 102,141,75,74,40,8
06 ..D..F..D.EFAAD.EF.BB....CC......... 1094 68,89,306,224,222,146,39
14 ..E.....EG..AAFGH.BBF.H..DCCH..D.... 1621 114,114,169,128,96,69,87,164,151,91,160,168,88,18,4
08 .....F.....F.AA..G..DBBG..DECC..DE.. 1582 256,190,430,266,250,141,37,7,5
06 ..D.....DEF.AADEF..BB....CC......... 1452 384,305,212,260,201,78,12
15 ..E..I..EG.IAAFGHIBBF.H..DCCH..D.... 4350 114,114,511,625,433,267,176,239,387,308,208,336,358,212,50,12
09 ..........FG..AAFG..DBBG..DECC..DE.. 3350 240,179,637,518,659,623,370,110,13,1
17 ...G....EG..AAEH.IBBFH.I.DFCCI.D.... 1993 180,102,351,194,138,46,31,53,84,134,156,130,124,126,82,42,18,2
10 ..DE.G..DE.G..DAAH.BBF.H...FCC...... 1026 186,84,202,154,168,122,48,20,20,15,7
19 ...G....EGIJAAEHIJBBFH.K.DFCCK.D.... 7235 1224,674,1682,1230,871,344,101,101,125,122,122,81,60,83,98,93,80,83,55,6
11 .....H...EGH.AAEGH..DBB...DFCC..DF.. 2528 194,90,337,319,442,420,276,146,126,118,55,5
17 ..EG....EGI.AAFHI.BBFHJ..DCCJ..D.... 1511 417,235,252,249,131,28,6,19,27,32,14,6,13,25,33,17,4,3
19 ..EG....EGI.AAFHIKBBFHJK.DCCJK.D.... 3788 286,173,727,862,786,393,100,30,47,56,64,28,12,26,50,66,42,22,12,6
10 ..D..F..D..F..DAAG.BBE.G...ECC...E.. 784 164,31,80,82,123,149,109,33,9,3,1
06 ..DE....DEF.AADEF..BB....CC......... 859 259,66,81,145,172,109,27
16 ..EG....EG..AAFHI.BBFHI..DCCI..D.... 1273 122,71,124,144,103,53,30,46,73,91,70,38,88,102,78,34,6
18 ..EG....EG..AAFHIJBBFHIJ.DCCIJ.D.... 3147 122,71,337,511,506,295,109,62,100,132,162,110,60,128,164,146,84,40,8
18 ........EG.HAAEG.HBBFG.H.DFCC..D.... 1431 198,30,113,89,75,62,75,118,117,56,34,26,32,56,80,122,109,35,4
17 ..G.....G.IKAAH.IKBBH.J.EFCCJ.EFDD.. 12911 1977,2728,3169,1244,343,132,155,288,409,552,579,498,361,206,119,98,47,6
11 ..E..I.DE.HI.DAAHJ.BBG.J..FGCC..FG.. 4447 1024,242,650,668,631,371,208,239,263,127,21,3
10 ..E.H..DE.H..DAAI..BBGI...FGCC..FG.. 881 284,91,120,161,110,39,12,30,26,7,1
07 .....F.D...F.DAA.G..BB.G...ECC...E.. 2660 364,560,1232,404,44,24,20,12
18 ........EGH.AAEGH.BBFGH..DFCC..D.... 924 82,30,59,87,64,42,46,82,82,36,10,8,32,56,72,72,48,15,1
20 ........EGHIAAEGHIBBFGHI.DFCC..D.... 2372 82,30,149,264,323,215,112,111,191,161,50,12,8,32,56,88,156,182,109,38,3
08 .....G.D..FG.DAAFG..BB.....ECC...E.. 6097 352,568,2156,1716,784,289,132,78,22
14 ...E.....E.GAA.F.GBB.F.H.DCC.H.D.... 1242 206,192,448,196,40,8,24,16,16,12,16,16,12,16,24
14 ........E.F.AAE.F.BBE.F..DCC...D.... 344 36,40,15,15,32,42,28,16,16,16,24,16,18,23,7
15 .....G..E.FGAAE.FGBBE.F..DCC...D.... 988 36,40,135,60,72,116,114,63,36,32,34,50,47,65,69,19
14 ...E.....EG.AA.FGHBB.F.H.DCC.H.D.... 3350 220,224,882,754,366,118,94,122,90,64,88,104,96,80,48
09 .......D...G.DAA.G..EBBG..EFCC..EF.. 2546 304,200,650,413,379,292,164,80,50,14
17 ...E.....EGIAA.FGIBB.FHJ.DCCHJ.D.... 4186 321,320,1152,1382,684,86,8,18,7,4,6,10,16,12,24,52,48,36
16 ...E.....E.HAA.FGHBB.FGI.DCCGI.D.... 2755 128,128,580,902,568,134,24,38,17,12,16,24,32,24,40,64,24
17 ..G.....G..JAAH.IJBBH.I.EFCCI.EFDD.. 16728 306,459,795,604,488,862,945,764,958,1647,2476,2637,2029,1112,439,161,42,4
10 .....H....GH.AA.GI.DEBBI.DEFCC..EF.. 9389 1596,1045,2260,1155,1306,1128,625,193,51,26,4
07 .........E..AA.E...D.EBB.DCCF.....F. 1154 341,140,219,234,164,48,6,2
15 .........EFGAA.EFGBB.E.G.DCC...D.... 2558 209,72,320,412,382,278,126,46,21,8,16,40,84,196,256,92
15 ........EFG.AAEFG.BBE.G..DCC...D.... 1110 135,86,49,58,87,126,122,75,34,28,60,70,48,65,53,14
16 .....H..EFGHAAEFGHBBE.G..DCC...D.... 3007 135,86,307,205,255,340,377,281,138,59,54,108,135,145,199,147,36
17 ...F....EF..AAEG.HBBEG.H.DCC.H.D.... 1365 160,69,226,104,126,95,59,43,52,50,67,76,52,58,46,46,26,10
19 ...F....EFHIAAEGHIBBEG.J.DCC.J.D.... 5407 1104,460,1012,576,690,592,318,113,58,51,36,27,16,25,32,53,67,66,75,36
18 ...F.....FH..AAGH.BBEGH..DECC..DE... 837 114,46,38,61,77,81,68,59,47,28,16,12,38,38,27,33,36,16,2
20 ...F.....FH..AAGHIBBEGHI.DECCI.DE... 2093 114,46,176,175,259,298,254,150,100,79,43,21,16,48,48,44,66,80,56,18,2
20 ..E.....E..G..EAAG.BBF.G.D.FCC.D.F.. 1024 176,20,69,39,56,89,102,73,36,23,27,22,18,30,38,49,81,44,24,7,1
19 .........FG..AAFG.BBEFG..DECC..DE... 672 93,20,21,39,51,70,74,55,30,9,4,4,18,30,34,31,43,33,12,1
08 .....G.DE..G.DEAAH..BB.H...FCC...F.. 7194 1228,1296,2864,1194,397,89,66,45,15
21 .........FGH.AAFGHBBEFGH.DECC..DE... 1749 93,20,81,102,168,214,241,189,95,39,11,4,4,18,30,38,53,110,124,83,29,3
09 .....H.D..GH.DAAGH..EBB...EFCC...F.. 15041 1076,1198,4472,3704,2432,1217,556,282,99,5
15 ...F....EF.HAAEG.HBB.G.I.DCC.I.D.... 3433 704,452,1032,488,198,59,53,62,63,58,42,52,49,37,48,36
15 ...F....EFH.AAEGHIBB.G.I.DCC.I.D.... 8822 700,502,1920,1596,1056,423,244,307,350,330,246,304,330,286,168,60
18 ...F....EFHJAAEGHJBB.GIK.DCCIK.D.... 10029 1039,728,2384,2770,1866,596,89,45,39,25,16,18,33,46,47,82,104,75,27
17 ...F....EF.IAAEGHIBB.GHJ.DCCHJ.D.... 6541 392,276,1130,1717,1381,601,187,106,87,62,46,52,78,92,86,118,106,24
09 .....G.D...G.DAA.H.BBF.H..EFCC..EF.. 2255 748,152,384,334,292,190,100,42,11,2
08 ........EF..AAEF...D.FBB.DCCG.....G. 3392 1181,367,505,618,475,198,38,8,2
17 .........FGH.AAFGHBBEF.H.DECC..D.... 6610 643,162,686,812,810,649,486,330,178,68,40,88,178,354,564,433,123,6
18 ..G.....GIJLAAHIJLBBH.K.EFCCK.EFDD.. 35995 7132,5745,7474,4225,1918,825,436,604,885,1003,1033,1069,1170,1009,641,406,290,118,12
09 .....H.DE..H.DEAAI..FBBI..FGCC...G.. 4696 894,750,1626,772,397,135,56,42,21,3
07 ....F.D...F.DAA.G..BB.G...ECC...E... 1750 262,578,614,192,28,24,28,24
08 ....FHD...FHDAA.GH.BB.G...ECC...E... 5496 217,486,2011,1895,575,96,74,82,60
07 ....F.D...F.DAA.F..BB.....ECC...E... 1358 86,197,357,288,150,96,104,80
09 ........E.HIAAE.HI.DFBBI.DFGCC...G.. 8885 643,595,2167,1849,1542,1073,629,272,104,11
08 ....FGD...FGDAA.FG.BB.....ECC...E... 4287 86,197,948,1251,778,351,244,256,176
18 ...G....EG.IAAEH.IBBFH.J.DFCCJ.D.... 2298 521,266,584,278,150,41,31,46,38,55,51,41,38,43,36,25,28,23,3
18 ...G....EGI.AAEHIJBBFH.J.DFCCJ.D.... 5761 466,275,1020,808,656,292,108,105,183,266,318,240,184,254,246,188,106,42,4
20 ..EG....EGIKAAFHIKBBFHJL.DCCJL.D.... 5698 703,408,1214,1332,1109,504,98,24,41,33,32,14,6,13,25,33,25,30,30,15,9
19 ..EG....EG.JAAFHIJBBFHIK.DCCIK.D.... 3738 244,142,532,779,748,430,152,75,91,72,71,40,22,40,62,68,50,58,50,12
08 ....G.D..FG.DAAFH..BB.H...ECC...E... 5380 963,1214,1600,960,328,120,86,73,36
11 .....H.DE..H.DEAAI.BBG.I..FGCC..FG.. 1509 550,91,213,163,131,77,80,111,71,14,7,1
18 ..G.....GI.KAAHIJKBBH.J.EFCCJ.EFDD.. 42830 1302,1143,2148,1921,1630,2010,2338,2190,2228,2939,4017,4694,5139,4564,2739,1250,466,104,8
19 ........EGHIAAEGHIBBFG.I.DFCC..D.... 4088 388,90,363,383,384,264,198,245,320,221,84,38,40,88,144,238,309,217,68,6
09 ........G.HIAAG.HIBBG...FCC...FDDEEE 6694 1240,1346,1474,459,670,734,475,216,68,12
09 ....GID..FGIDAAFHI.BB.H...ECC...E... 16099 768,994,4381,5165,2953,1011,341,225,180,81
08 ....G.D..FG.DAAFG..BB.....ECC...E... 4132 324,419,872,785,590,429,343,250,120
10 ........GHIJAAGHIJBBG...FCC...FDDEEE 15375 3595,1798,2087,959,1533,1992,1726,1018,473,164,30
07 ........E...AAE....DEBB..DCCF.....F. 1154 340,430,159,126,71,22,4,2
08 .....G..E..GAAE..G.DEBB..DCCF.....F. 2520 204,244,800,484,396,276,103,9,4
09 .....G.....G.AA..H.DEBBH.DEFCC..EF.. 3568 788,510,1044,448,409,242,71,22,21,13
09 ....GHD..FGHDAAFGH.BB.....ECC...E... 12433 324,419,2129,3266,2445,1447,927,724,522,230
08 ........EF..AAEF...DEBB..DCCG.....G. 3392 1198,848,402,434,324,140,35,8,3
10 .......D..GH.DAAGH..EBBH..EFCC..EF.. 6524 648,428,1427,872,997,997,723,310,94,26,2
10 .....HD..F.HDAAF.H.BBG....EGCC..E... 4249 375,286,1046,706,410,210,307,388,331,146,44
18 ...F....EF.HAAEG.HBBEG.I.DCC.I.D.... 1732 458,184,374,154,168,122,48,20,20,19,21,22,12,15,18,23,17,22,15
18 ...F....EFH.AAEGHIBBEG.I.DCC.I.D.... 3986 424,184,625,365,472,422,276,146,126,126,107,97,68,106,102,116,126,74,24
11 .....ID..FHIDAAFHJ.BBG.J..EGCC..E... 19781 2425,1844,5340,4836,2821,963,425,443,352,202,102,28
10 ....H.D..FH.DAAFI..BBGI...EGCC..E... 4123 825,636,1054,926,322,82,97,81,52,36,12
21 ...F.....FHI.AAGHIBBEGHJ.DECCJ.DE... 2647 228,92,260,274,397,451,372,191,77,37,15,5,4,10,10,17,33,44,52,52,23,3
11 ..E..G.DE..G.DEAAH.BBF.H...FCC...F.. 1192 484,63,130,82,123,149,109,33,9,5,4,1
09 ........EF..AAEF...DEFBB.DCCG.....G. 1834 779,159,128,225,275,195,63,5,4,1
20 .........FGH.AAFGHBBEF.H.DECC..DE... 3071 390,60,215,159,237,313,338,266,140,69,46,30,22,48,68,91,159,210,142,61,7
10 ....H.D..FH.DAAFH..BBG....EGCC..E... 3083 285,222,541,591,351,220,260,257,196,120,40
20 ..GI....GIKMAAHJKMBBHJL.EFCCL.EFDD.. 24575 5842,3017,4525,3656,2160,819,211,154,257,346,404,382,351,339,417,489,508,398,213,71,16
11 ....HID..FHIDAAFHI.BBG....EGCC..E... 8721 285,222,1207,2187,1954,902,416,484,460,330,206,68
09 .....GD..F.GDAAF.G..EFBB..ECC....... 3092 364,88,364,414,494,502,395,272,157,42
10 .....HD...GHDAAFGI.BBF.I..EFCC..E... 15028 2044,656,2154,2890,2946,2106,1167,594,316,137,18
09 ....G.D...G.DAAFH..BBFH...EFCC..E... 2922 633,240,502,672,480,230,82,42,32,9
09 ....G.D..FG.DAAFG...EFBB..ECC....... 2282 219,88,250,372,378,373,284,170,110,38
10 ....GHD..FGHDAAFGH..EFBB..ECC....... 6604 219,88,514,1122,1426,1219,892,544,320,204,56
14 ..E.....E.G.AAF.G.BBF.H.DCC.H.D..... 620 112,188,144,40,14,4,18,20,32,12,14,8,4,4,6
15 ..E..I..E.GIAAF.GIBBF.H.DCC.H.D..... 1800 84,146,564,454,131,43,21,55,66,86,37,39,23,15,18,18
13 ..E.....E...AAF.G.BBF.G.DCC.G.D..... 616 28,52,78,34,30,18,44,68,128,40,60,24,8,4
14 ..E..H..E..HAAF.GHBBF.G.DCC.G.D..... 1780 28,52,234,261,106,76,59,131,197,288,110,138,62,26,12
05 ..E.....E...AAF...D.FBB.DCCG.....G.. 2638 1005,1027,406,166,32,2
08 ..E.....E..HAAF..HD.FBBHDCCG.....G.. 4249 375,358,1217,901,616,405,253,108,16
08 ..E.....E.HIAAF.HID.FBBJDCCG.J...G.. 14583 1754,1718,4334,3152,2066,1037,426,81,15
15 ..E.....EGH.AAFGH.BBF.I.DCC.I.D..... 2152 457,473,456,257,95,32,30,63,69,60,40,40,28,16,18,18
20 ..GI....GI.LAAHJKLBBHJK.EFCCK.EFDD.. 23820 1296,684,1431,1645,1463,1271,1248,1152,939,863,1017,1212,1423,1570,1718,1702,1339,948,611,252,36
16 ..E..J..EGHJAAFGHJBBF.I.DCC.I.D..... 5927 327,357,1457,1454,818,311,111,101,175,182,153,109,105,79,62,72,54
14 ..E.....EG..AAFGH.BBF.H.DCC.H.D..... 2021 124,139,236,166,112,77,87,172,251,227,154,160,74,30,12
15 ..E..I..EG.IAAFGHIBBF.H.DCC.H.D..... 5522 124,139,653,860,545,297,188,243,445,558,472,350,334,182,90,42
07 ..E.....EG..AAFG..D.FBB.DCCH.....H.. 1895 816,505,328,187,40,6,11,2
16 ..E.....EG.IAAFG.ID.FBBIDCCH.....H.. 2480 215,126,445,266,156,50,31,55,98,181,267,250,153,109,49,23,6
16 ..E..J..EGIJAAFGIKBBFH.KDCCH..D..... 9361 1374,822,2174,1726,1047,344,101,113,171,212,263,259,219,199,168,113,56
17 ..E.....EGI.AAFGI.BBFHJ.DCCHJ.D..... 1902 457,285,368,341,131,28,6,19,31,44,44,34,31,26,20,16,12,9
18 ..E..K..EGIKAAFGIKBBFHJ.DCCHJ.D..... 4964 314,211,933,1220,1036,413,104,30,49,70,95,95,76,69,61,59,57,45,27
16 ..E.....EG..AAFGI.BBFHI.DCCHI.D..... 1631 134,87,178,202,117,65,32,46,81,131,158,132,108,90,46,18,6
17 ..E..J..EG.JAAFGIJBBFHI.DCCHI.D..... 4135 134,87,439,729,680,319,125,64,104,160,240,276,232,198,166,102,56,24
14 ..E..H..E..HAAFG.HBBFG..DCCG..D..... 1791 220,38,149,129,91,76,85,128,151,190,180,174,120,50,10
15 ..E.....E.HIAAFGHIBBFG.JDCCG.JD..... 7106 1120,298,870,964,809,407,210,263,380,413,400,357,301,196,106,12
16 ..E.....E.H.AAFGH.BBFGI.DCCGI.D..... 1232 310,111,180,229,122,39,12,30,34,35,28,27,25,16,12,16,6
17 ..E..J..E.HJAAFGHJBBFGI.DCCGI.D..... 3191 208,74,360,598,659,368,168,95,99,92,90,74,72,64,48,50,54,18
15 ..E.....E...AAFGH.BBFGH.DCCGH.D..... 1184 90,37,86,125,74,52,54,82,96,124,112,102,90,40,16,4
16 ..E..I..E..IAAFGHIBBFGH.DCCGH.D..... 3108 90,37,197,383,445,243,126,119,199,231,262,224,220,176,96,48,12
14 ........E.F.AAE.F.BBE.F.DCC...D..... 424 46,51,18,15,32,42,28,24,32,8,24,26,26,42,10
15 .....G..E.FGAAE.FGBBE.F.DCC...D..... 1236 46,51,171,69,72,116,114,67,58,58,20,55,75,107,129,28
09 ........E..GD.EAAGD.EBBG...FCC...F.. 3092 364,244,790,468,447,385,247,97,46,4
10 .....HD...GHDAA.GI..EBBI..EFCC..EF.. 12081 1948,1303,2814,1342,1490,1466,1097,480,98,37,6
15 ........EFG.AAEFG.BBE.G.DCC...D..... 1418 177,113,60,64,87,126,122,87,70,56,42,80,82,112,114,26
16 .....H..EFGHAAEFGHBBE.G.DCC...D..... 3923 177,113,399,244,273,340,377,287,174,129,90,87,169,247,383,350,84
22 ........GIJKAAGIJKBBHIJ.EFHCC.EFDD.. 21514 942,261,591,800,878,872,1091,1246,1170,1146,1133,1035,963,998,1025,1221,1477,1596,1448,1007,475,131,8
07 ..E.....EF..AAEF..DBBG..DCCG........ 1371 654,303,146,130,72,26,28,12
18 ........EF.HAAEF.HBBEG.HDCCG..D..... 1791 220,91,298,128,138,97,59,44,57,62,93,112,46,60,65,99,88,31,3
10 .....HD..F.HDAAF.I.BBG.I..EGCC..E... 5563 970,700,1744,1052,427,145,159,175,119,56,16
19 ...F.....FHI.AAGHIBBEG.JD.ECCJD.E... 7741 1468,604,1340,712,738,592,318,119,77,77,69,75,61,136,312,489,379,146,27,2
18 ........EFH.AAEFH.BBEGH.DCCG..D..... 1130 159,62,48,73,77,81,68,63,61,42,38,34,34,37,43,74,93,38,5
20 ........EFHIAAEFHIBBEGHIDCCG..D..... 2924 159,62,234,217,295,298,254,152,112,103,61,53,40,42,48,65,144,255,235,84,11
11 .....ID..FHIDAAFHI.BBG....EGCC..E... 14365 1005,794,3206,3148,2148,946,665,868,791,476,250,68
06 ..E.....EF..AAEF..DBBF..DCC......... 1015 535,114,81,108,110,60,7
15 .....G..EF.GAAEF.GBBEF..DCC...D..... 1294 214,27,93,48,56,89,102,77,58,63,63,91,99,112,83,19
16 ........EFGHAAEFGHBBEF.IDCC..ID..... 5973 1240,220,511,386,502,548,442,227,104,98,105,170,295,448,436,207,34
16 ........EFG.AAEFG.BBEFG.DCC...D..... 874 123,27,27,48,51,70,74,55,42,35,28,32,50,54,76,65,17
17 .....H..EFGHAAEFGHBBEFG.DCC...D..... 2323 123,27,108,129,195,214,241,189,101,71,55,40,63,102,167,257,194,47
09 .....GD....GDAAF.H.BBF.H..EFCC..E... 4402 928,240,684,756,750,514,283,160,76,11
10 .....HD..FGHDAAFGH..EFBB..ECC....... 10464 847,264,1192,1674,1874,1694,1305,835,477,246,56
18 ........G.HIAAG.HIBBG.H.EFCC..EFDD.. 12012 957,978,724,111,264,574,754,613,438,468,590,759,941,1062,1134,970,530,139,6
06 ..E.....E.H.AAF.H.D.FBB.DCCG.....G.. 5330 1462,1500,1224,803,283,56,2
09 ..E.....E.HIAAF.HID.FBBIDCCG.....G.. 10846 702,715,2654,2357,1909,1361,839,269,34,6
15 ..E..I..EG.IAAFG.JBBFH.JDCCH..D..... 2948 603,326,752,382,150,41,31,58,68,97,120,109,87,67,40,17
08 ..E.....EGI.AAFGI.D.FBB.DCCH.....H.. 4087 1273,790,834,744,331,68,23,22,2
17 ..E.....EGIJAAFGIJD.FBBJDCCH.....H.. 7336 529,337,1296,1130,816,316,112,107,201,341,507,526,385,311,227,127,62,6
14 ..E.....E..HAAFG.HBBFG.IDCCG.ID..... 2418 602,113,287,233,155,79,80,135,156,170,146,143,81,34,4
15 ..E..I..E.HIAAFGHIBBFG..DCCG..D..... 5236 428,112,475,555,500,314,232,269,356,423,442,398,340,234,126,32
07 ........E...AAE...D.EBB.DCC.F.....F. 1358 390,501,177,138,96,44,8,4
07 ...E.....EFGAA.EFG..BB....CC...DDD.. 6728 842,188,513,1255,1886,1460,512,72
08 .....G..E..GAAE..GD.EBB.DCC.F.....F. 3050 244,294,958,539,450,362,177,18,8
09 .....GD....GDAA..H..EBBH..EFCC..EF.. 4402 928,618,1264,511,501,371,149,24,24,12
08 ........EF..AAEF..D.EBB.DCC.G.....G. 4132 1404,1015,474,477,384,242,105,22,9
09 ........E.GHAAE.GHD.EBBHDCCF.....F.. 8282 804,538,1785,1011,1139,1225,1071,545,136,28
18 ...F.....F.H.AAG.HBBEG.ID.ECCID.E... 2418 602,240,494,186,168,122,48,26,31,29,42,46,39,84,120,95,37,8,1
11 ........EF..AAEF..D.EGBBDCCGH.....H. 3083 1158,514,323,385,306,161,88,78,45,14,9,2
19 ........EFHIAAEFHIBBEG.IDCCG..D..... 5464 582,244,827,453,528,434,278,147,133,148,149,165,86,102,123,223,352,331,137,22
08 ....G.DE..G.DEAAH..BB.H...FCC...F... 4178 810,1468,1220,398,62,48,68,74,30
09 ....GIDE..GIDEAAHI.BB.H...FCC...F... 12320 645,1192,4659,3798,1185,205,154,207,200,75
21 ...F.....FHI.AAGHIBBEGHJD.ECCJD.E... 3889 318,124,344,338,445,451,372,197,103,69,27,23,20,24,40,104,243,339,220,74,13,1
15 ........EF.GAAEF.GBBEF.HDCC..HD..... 1926 576,83,176,102,131,151,109,45,39,47,59,110,133,108,50,7
08 ....G.DE..G.DEAAG..BB.....FCC...F... 3394 240,458,691,703,398,240,282,294,88
09 ........EF..AAEF..D.EFBBDCC.G.....G. 2282 921,197,166,261,303,250,130,38,12,4
19 ........GHIJAAGHIJBBG.I.EFCC..EFDD.. 32894 3204,1743,1396,393,736,1479,2169,2214,1557,1026,1020,1307,2024,2679,3000,3105,2416,1150,264,12
17 .....H..EF.HAAEF.HD.EFBBDCC.G.....G. 4025 492,81,289,198,255,313,338,272,176,147,126,139,167,270,371,297,86,8
09 ....GHDE..GHDEAAGH.BB.....FCC...F... 10165 240,458,2065,2480,1865,893,597,708,663,196
08 ...F....EFGHAAEFGH..BB....CC...DDD.. 15068 2432,323,807,1956,3398,3465,2001,603,83
22 ...H..E..HJKEAAIJKBBGIJ..FGCC..FGDD. 17921 2214,765,690,366,604,1032,1299,1205,937,676,467,337,379,516,696,806,850,1048,1238,1083,570,131,12
13 ....G...E.GHAAE.GH..FBBI..FCCIDDD..I 587 10,16,54,69,81,71,73,50,47,41,30,24,12,9
14 ....H...EGHIAAEGHI..FBBJ..FCCJDDD..J 1755 42,37,137,213,273,263,233,169,117,97,67,50,33,18,6
09 ....H.D..GH.DAAGI..EBBI..EFCC...F... 10982 2739,2720,2670,1458,588,246,208,204,125,24
13 ...G....EG.HAAEG.H..FBBI..FCCIDDD..I 493 64,7,22,35,63,66,63,37,43,31,26,21,9,6
09 ...G....EGHIAAEGHI.BB.....FCC...FDDD 5894 968,89,204,481,944,1285,1135,585,179,24
14 ...GH...EGHIAAEGHI..FBBJ..FCCJDDD..J 1102 32,7,31,71,142,214,198,163,73,72,37,26,21,9,6
11 ..E.....E..FAAE..F.BB..G.CC..GDDD..G 660 84,84,168,28,4,12,12,48,76,84,48,12
08 ........E..GAAE..G..EBB..CC.F.DDD.F. 4639 728,773,705,345,669,771,468,160,20
10 ....HJD..GHJDAAGIJ.EBBI..EFCC...F... 29855 2064,2140,8725,8520,4553,1770,691,543,509,289,51
14 ........E.FHAAE.FH..EBBI.CC.GIDDD.GI 1100 79,79,158,13,1,3,9,21,69,143,199,183,107,32,4
13 ........E..GAAE..G..EBBH.CCF.HDDDF.H 1481 245,119,238,35,5,15,27,78,170,227,199,98,24,1
09 ........EF.HAAEF.H..EBB..CC.G.DDD.G. 12658 2344,1222,1149,694,1518,2264,2032,1073,325,37
09 ....H.D..GH.DAAGH..EBB...EFCC...F... 8926 822,856,1434,1390,1200,955,922,808,463,76
15 ........EFGIAAEFGI..EBBJ.CC.HJDDD.HJ 3300 266,137,274,20,2,6,22,53,162,373,590,642,475,220,53,5
14 ........EF.HAAEF.H..EBBI.CCG.IDDDG.I 626 119,35,70,7,1,3,7,18,50,89,103,79,36,8,1
12 ........EF.IAAEF.I..EGBB.CCGH..DDDH. 6940 1406,449,422,266,630,1106,1231,824,335,146,87,34,4
16 ........EFHJAAEFHJ..EBBK.CCGIKDDDGIK 2087 180,58,116,7,1,3,13,32,90,216,362,421,337,179,59,12,1
10 ....HID..GHIDAAGHI.EBB...EFCC...F... 24799 822,856,4002,5347,4224,2903,2054,1909,1655,884,143
23 ......E..HIJEAAHIJBBGHI..FGCC..FGDD. 18471 2112,255,269,219,345,766,1310,1422,1021,560,323,235,307,564,881,1303,1595,1507,1239,1049,759,346,76,8
07 ....F.....FGAA..FG...BB....CC..DDEE. 3798 27,108,315,684,1209,1017,384,54
09 ....G.....GH..AAGH...FBB...FCC.DDEE. 9911 84,156,545,1266,2445,2817,1799,667,122,10
12 ....H....FHIAA.FHI...GBB...GCC.DDEE. 5168 42,48,188,440,880,1218,1038,614,386,236,58,17,3
07 .........F..AA.F.....FBB..CC.GDDEE.G 2998 602,104,276,612,832,436,124,12
15 ...GI.D..GI.DAAHI.BBFH...EFCC..E.... 5596 608,398,727,635,385,226,260,289,312,320,423,440,351,172,46,4
09 .........FGIAA.FGI...FBB..CCH.DDEEH. 5065 383,64,256,624,1184,1380,856,270,44,4
17 ...GI.D..GI.DAAHIJBBFH.J.EFCCJ.E.... 13892 608,398,1921,2767,2048,948,422,484,524,522,526,666,688,622,440,244,60,4
10 .........FG.AA.FG....FBB.ECC.H.EDDDH 10351 2215,304,640,1330,2014,1716,928,600,440,160,4
09 ....G.....GH.AA.GH..FBB...FCC..DDEE. 7187 66,156,410,879,1680,1865,1207,622,266,36
11 .....IDE..HIDEAAHJ.BBG.J..FGCC..FG.. 20603 5840,1180,3134,3078,2946,2106,1167,610,353,152,31,6
10 ....H.DE..H.DEAAI..BBGI...FGCC..FG.. 4345 1725,444,610,672,480,230,82,50,36,13,3
17 ......D..GH.DAAGH.BBFGH..EFCC..E.... 4290 525,146,310,372,378,373,284,208,144,86,106,225,351,414,268,85,14,1
10 ....H....GHI.AAGHI..FBB...FCC..DDEE. 20184 213,234,717,1697,3519,4860,4338,2790,1370,410,36
19 ......D..GHIDAAGHIBBFGHI.EFCC..E.... 11174 525,146,748,1302,1426,1219,892,544,374,246,112,112,225,396,825,1146,695,209,29,3
15 ..F.....F.H.AAG.H.BBG.I.DECCI.DE.... 1344 312,438,220,40,14,4,18,24,46,64,66,52,23,9,11,3
16 ..F..J..F.HJAAG.HJBBG.I.DECCI.DE.... 3574 218,318,1144,724,143,43,21,57,83,147,193,191,143,67,37,36,9
14 ..F.....F...AAG.H.BBG.H.DECCH.DE.... 1536 62,99,117,46,42,18,44,76,188,304,292,180,54,12,2
14 ....I....GIJ.AAGIJ..FHBB..FHCC.DDEE. 11270 114,78,265,649,1393,2174,2263,1669,1121,830,482,172,48,11,1
15 ..F..I..F..IAAG.HIBBG.H.DECCH.DE.... 4164 62,99,414,384,136,100,59,135,239,506,734,684,426,144,36,6
08 ........FG..AAFG.....GBB..CC.HDDEE.H 7503 1879,218,562,1134,1732,1306,520,134,18
11 ....H...F.HIAAF.HI..GBB...GCC.DDEE.. 2677 15,24,49,91,216,372,390,434,534,348,132,72
16 ..F.....FHI.AAGHI.BBG.J.DECCJ.DE.... 4190 1209,1041,648,257,95,32,30,67,87,122,130,161,160,79,35,31,6
17 ..F..K..FHIKAAGHIKBBG.J.DECCJ.DE.... 10209 789,731,2735,2058,900,323,111,103,192,251,333,363,435,411,225,132,99,18
15 ..F.....FH..AAGHI.BBG.I.DECCI.DE.... 4483 266,258,335,190,142,83,87,180,319,531,614,764,506,170,34,4
12 ....I...FHIJAAFHIJ..GBB...GCC.DDEE.. 8263 57,45,108,235,571,1028,1243,1255,1391,1298,701,246,85
16 ..F..J..FH.JAAGHIJBBG.I.DECCI.DE.... 11194 266,258,1109,1169,605,351,194,247,487,792,1176,1332,1564,1102,426,104,12
16 ....J...FHJKAAFHJK..GIBB..GICC.DDEE. 5209 39,21,59,144,352,659,830,721,541,508,519,418,230,105,47,14,2
11 ........FGH.AAFGH....GBB.ECC.I.EDDDI 24288 6491,578,1055,2092,3663,3986,2797,1619,1109,670,210,18
09 ..F.....FH..AAGH....GHBB.CC..IDDEE.I 3900 1061,111,275,493,773,698,348,99,31,11
18 ...H....FH..AAFI.JBBGI.JDEGCCJDE.... 5651 488,258,841,324,214,50,31,55,98,197,371,678,741,589,407,199,84,24,2
09 ........F.GIAAF.GI..FBB..CC.H.DDEEH. 2466 274,289,264,126,295,479,460,229,44,6
20 ...H....FHJKAAFIJKBBGI.LDEGCCLDE.... 16219 3400,1722,3870,1958,1047,344,101,113,171,220,307,409,485,463,466,391,281,210,182,73,6
18 ..FH....FHJ.AAGIJ.BBGIK.DECCK.DE.... 3339 1137,603,484,341,131,28,6,19,31,48,54,64,64,86,103,84,37,16,3
19 ..F.....F.HJAAG.HJBBG.IK.ECCIK.EDDDK 787 50,70,190,144,101,83,45,29,15,8,5,6,7,7,6,7,7,4,2,1
18 ..F.....F..IAAG.HIBBG.HJ.ECCHJ.EDDDJ 927 20,28,84,84,90,74,80,59,61,55,50,47,46,49,42,33,19,5,1
20 ..FH....FHJ.AAGIJLBBGIKLDECCKLDE.... 7392 698,413,1631,1554,1106,425,104,30,49,70,103,115,136,135,181,225,201,127,65,18,6
10 ........FGHJAAFGHJ..FBB..CC.I.DDEEI. 7541 926,489,510,367,786,1322,1514,1104,440,74,9
17 ..FH....FH..AAGIJ.BBGIJ.DECCJ.DE.... 3205 280,159,238,214,135,71,32,46,81,139,198,296,312,426,340,178,54,6
20 ..F.....FHIKAAGHIKBBG.JL.ECCJL.EDDDL 2424 206,154,448,431,387,318,188,88,49,21,11,6,11,17,18,17,19,18,10,5,2
19 ..F.....FH.JAAGHIJBBG.IK.ECCIK.EDDDK 2423 84,64,206,249,291,269,243,178,131,111,87,73,79,88,88,73,61,35,11,2
18 ...GI.D..GIJDAAHIJBBFH.K.EFCCK.E.... 16677 1216,796,3046,4129,2993,1307,437,294,271,226,206,243,248,271,268,354,284,82,6
10 ........FG..AAFG....FGBB.CC..H.DDEEH 3841 1231,72,129,165,420,703,666,340,88,22,5
11 ........FGHJAAFGHJ..FGBB.CC.I.DDEEI. 4716 644,36,66,108,276,614,994,1056,659,218,39,6
19 ..FH....FH..AAGIJKBBGIJKDECCJKDE.... 7055 280,159,715,915,710,349,131,64,104,160,256,340,480,510,670,592,372,184,56,8
13 ........FHIJAAFHIJBBGH...EGCC..EDDD. 10050 2648,172,291,542,1078,1536,1468,936,520,347,269,171,64,8
10 .....HDE...HDEAA.I.BBG.I..FGCC..FG.. 6947 2900,444,1004,756,750,514,283,176,97,18,5
19 ........FH.IAAFH.IBBGH.IDEGCC.DE.... 4043 666,66,233,129,91,76,85,140,181,210,220,288,252,204,233,307,378,225,54,5
09 ........F..HAAF..H.EFBB..ECCG.DDD.G. 10109 2154,2261,2010,625,1025,1108,655,225,36,10
08 ....G.....GHAA..GHBB.....F.CC..FDDEE 6845 66,192,506,1100,1992,1800,859,264,66
19 ........FHI.AAFHI.BBGHI.DEGCC.DE.... 2342 186,64,107,125,74,52,54,88,102,128,126,150,148,186,229,237,181,85,19,1
21 ........FHIJAAFHIJBBGHIJDEGCC.DE.... 5500 186,64,299,446,445,243,126,119,205,237,270,244,276,236,244,277,374,526,438,194,48,3
10 ........FG.IAAFG.I.EFBB..ECCH.DDD.H. 24166 6518,3336,3018,1204,2288,3167,2721,1406,425,69,14
10 ....H..F..HI.FAAHI...GBB...GCC.DDEE. 14969 192,264,794,1788,3456,3900,2591,1227,506,212,39
15 ........F.G.AAF.G.BBF.G.DECC..DE.... 1000 126,133,24,15,32,42,28,32,60,88,96,90,74,92,55,13
16 .....H..F.GHAAF.GHBBF.G.DECC..DE.... 2710 126,133,423,87,72,116,114,71,86,132,178,201,221,256,299,161,34
10 .......EF..HDEFAAHD.FBBH...GCC...G.. 8368 1142,711,2241,1291,989,776,539,323,250,98,8
15 ...GI....GIJAA.HIJ.F.HBB.FCC...DDEE. 6298 84,72,240,524,1036,1356,1118,684,444,300,136,90,87,75,42,10
11 .....ID...HIDAA.HJ.EFBBJ.EFGCC..FG.. 27415 5904,3597,7274,2495,2520,2465,1865,846,241,143,53,12
16 ........FGH.AAFGH.BBF.H.DECC..DE.... 2982 441,259,78,64,87,126,122,99,112,156,198,306,268,258,263,121,24
17 .....I..FGHIAAFGHIBBF.H.DECC..DE.... 7461 441,259,855,298,273,340,377,293,214,229,280,367,571,650,819,795,342,58
20 ...G....FGIJAAFHIJBBFH.KDECC.KDE.... 13255 3592,1388,2748,780,738,592,318,119,77,81,91,143,177,205,405,599,527,303,192,138,42
10 ..........HI.AA.HI.FBBH..FGCC.DDGEE. 12073 156,294,649,1327,2550,2814,1935,1175,755,346,72
19 ...G..D..GI.DAAHI.BBFHI..EFCC..EF... 2049 334,126,60,73,77,81,68,67,71,50,54,94,108,171,149,153,174,104,31,4
21 ...G..D..GI.DAAHIJBBFHIJ.EFCCJ.EF... 4561 334,126,438,253,295,298,254,154,124,121,73,77,120,138,216,207,282,425,403,182,37,4
21 ..F...D.F..HD.FAAH.BBG.H.E.GCC.E.G.. 2860 634,51,165,48,56,89,102,77,58,71,95,163,201,192,199,153,182,179,81,43,17,4
20 ......D..GH.DAAGH.BBFGH..EFCC..EF... 1690 291,51,33,48,51,70,74,55,42,39,38,52,80,132,182,167,114,95,55,19,2
22 ......D..GHIDAAGHIBBFGHI.EFCC..EF... 3981 291,51,186,147,195,214,241,189,101,71,61,52,83,132,245,367,330,267,308,263,138,43,6
05 .....E.....EAA...E....BB....CC....DD 1540 64,256,768,384,64,4
19 ...H....FH.JAAFI.JBBGI.KDEGCCKDE.... 5826 1565,706,1396,382,150,41,31,58,68,105,156,235,269,223,170,99,67,70,32,3
05 ....E.....E.AA..E....BB....CC....DD. 870 27,108,243,324,144,24
06 ....EF....EFAA..EF...BB....CC....DD. 2853 27,108,567,891,900,318,42
07 .....F.....F..AA.F..BB.....ECC...EDD 3728 192,384,1344,1024,488,224,60,12
19 ...H....FHJ.AAFIJKBBGI.KDEGCCKDE.... 14221 1186,671,2350,1402,944,328,112,107,201,357,627,1018,1221,1103,1089,793,460,194,54,4
21 ..FH....FHJLAAGIJLBBGIKMDECCKMDE.... 11050 1835,1016,2718,2284,1429,504,98,24,45,51,66,71,84,82,107,147,155,135,115,51,24,9
07 ....F.....F...AAF....EBB...ECC...DD. 2480 96,204,549,690,590,286,59,6
11 .........HIJ.AAHIJ.FBBI..FGCC.DDGEE. 29003 474,420,1039,2275,4682,6215,5540,3952,2560,1345,439,62
08 ....FG....FG..AAFG...EBB...ECC...DD. 7890 96,204,1161,2127,2142,1484,572,95,9
20 ..FH....FH.KAAGIJKBBGIJLDECCJLDE.... 7346 560,318,1112,1367,1046,512,178,77,99,116,151,174,220,228,276,294,224,162,146,74,12
08 .....G...E.GAA.E.G...FBB...FCC..DD.. 2020 104,128,496,432,264,240,214,108,34
08 ...F.....FGHAA.FGHBB....E.CC..EDDD.. 19539 3015,473,1165,2742,4450,4204,2398,924,168
08 ....G....EG.AA.EG....FBB...FCC..DD.. 1619 74,96,304,372,260,224,174,92,23
09 ....GH...EGHAA.EGH...FBB...FCC..DD.. 4924 74,96,592,1236,1208,704,504,318,160,32
20 ........FHIJAAFHIJBBGH.JDEGCC.DE.... 10180 1132,194,735,597,500,314,232,293,422,461,494,532,528,448,505,617,844,827,410,89,6
05 ...E.....E..AA.E....BB....CC....DD.. 870 272,108,162,216,96,16
08 .....F.....F..AA.F...EBB...ECC...EDD 1734 120,32,144,240,464,448,242,42,2
16 ...HJ...GHJKAAGIJK.F.IBB.FCC...DDEE. 13436 228,126,342,754,1603,2375,2382,1767,1203,928,630,339,240,237,180,86,16
08 ....F.....F...AAF....EBB...ECC...EDD 1372 65,32,120,192,384,362,182,34,1
09 ....FG....FG..AAFG...EBB...ECC...EDD 4272 65,32,216,552,848,1246,926,348,38,1
10 .........H.I.AAH.IBBGH...FGCC..FDDEE 12754 5130,408,808,1278,2020,1678,881,366,141,41,3
06 .....F..E..FAAE..F....BB....CC....DD 3728 192,480,1536,1144,332,42,2
08 ....FH....FH.AA.GH.BB.G...ECC...E.DD 6574 194,470,2025,2329,1087,261,118,70,20
07 ....F.....F..AA.F..BB.....ECC...EDD. 1806 69,168,333,456,344,244,128,64
10 .....HD....HDAA..I.EFBBI.EFGCC..FG.. 11694 3064,1858,3588,1100,935,646,249,66,80,78,30
08 ....FG....FG.AA.FG.BB.....ECC...EDD. 5665 69,168,837,1281,1390,916,584,284,136
08 .....G..E..G..EAAG..BB.....FCC...FDD 9154 576,720,2592,2434,1594,818,315,91,14
15 ..G.I...G.IJAAH.IJ..HBB..FCC...FDDEE 4128 30,42,70,112,264,440,451,490,604,504,344,315,256,152,51,3
19 ...G....FG.IAAFH.IBBFH.JDECC.JDE.... 4736 1546,568,1050,186,168,122,48,26,31,33,60,106,135,131,175,149,85,53,46,18
16 ..G.J...GIJKAAHIJK..HBB..FCC...FDDEE 11154 114,78,148,277,673,1159,1343,1339,1488,1491,987,635,578,467,293,80,4
09 ....GI...FGI.AAFHI.BB.H...ECC...E.DD 19543 670,880,4102,5891,4589,2179,761,317,127,27
19 ...IK...GIKLAAGJKL.FHJBB.FHCC..DDEE. 6227 78,36,78,165,406,722,869,749,563,528,549,474,297,169,157,145,129,83,27,3
22 ...G..D..GIJDAAHIJBBFHIK.EFCCK.EF... 5395 668,252,624,386,445,451,372,203,127,95,35,31,40,46,74,140,302,428,334,200,104,32,6
08 ....G....FG..AAFG..BB.....ECC...EDD. 5516 256,338,785,1077,1099,948,636,297,80
09 ....GH...FGH.AAFGH.BB.....ECC...EDD. 16722 256,338,1799,3198,3633,3137,2296,1339,578,148
21 ......D..GHIDAAGHIBBFG.I.EFCC..EF... 7711 1332,153,509,210,255,313,338,272,176,159,178,239,305,380,565,545,440,501,467,257,101,16
08 ........G..HAAG..HBBG....FCC...FDDEE 7200 1826,2010,1942,489,574,271,70,16,2
10 .....H...F.H.AAF.H..EGBB..EGCC..DD.. 5074 312,240,936,902,700,574,510,441,299,139,21
06 .....F....EFAA..EF....BB....CC....DD 4789 136,544,1968,1536,532,70,3
09 ........GH.IAAGH.IBBG....FCC...FDDEE 15774 5354,2880,3051,1059,1567,1218,477,128,36,4
08 .....G....FG..AAFG..BB.....ECC...EDD 12469 434,896,3624,3816,2290,1010,325,66,8
10 ....H....FH..AAFH...EGBB..EGCC..DD.. 3845 210,170,466,676,583,518,486,381,229,105,21
11 ....HI...FHI.AAFHI..EGBB..EGCC..DD.. 11098 210,170,976,2014,2368,1754,1304,1018,696,387,168,33
06 ...F....EF..AAEF....BB....CC....DD.. 2480 926,249,351,511,331,100,12
09 .....G...F.G.AAF.G..EFBB..ECC...DD.. 4300 360,60,264,400,727,921,851,496,188,33
09 .....H...EGHAA.EGH...FBB...FCC..DD.. 7364 274,352,1548,1880,1280,808,598,422,170,32
10 .....H....GH.AAFGI.BBF.I..EFCC..EDD. 19970 2043,500,1835,3155,4296,3986,2553,1166,368,66,2
09 ....G.....G..AAFH..BBFH...EFCC..EDD. 3689 611,190,473,804,812,499,213,70,16,1
06 ...E.....EF.AA.EF...BB....CC....DD.. 2480 481,204,441,646,508,176,24
09 .....G....FG..AAFG...EBB...ECC...EDD 6279 278,96,480,896,1452,1584,1090,362,40,1
09 ....G....FG..AAFG...EFBB..ECC...DD.. 3254 178,60,192,344,590,724,644,357,138,27
08 ....G.....GHAA..GHBB....F..CC.FDDEE. 11585 84,291,815,1784,3194,3033,1661,597,126
10 ....GH...FGH.AAFGH..EFBB..ECC...DD.. 9639 178,60,372,920,1490,2091,2105,1511,652,225,35
06 ..E..G..E..GAAF..G..F.BB.CC.......DD 2020 104,200,656,664,318,72,6
09 ....GI..E.GIAAE.HI.BB.H...FCC...F.DD 2286 74,134,544,608,388,184,77,142,105,30
07 .....G..E.FGAAE.FG....BB....CC....DD 10409 386,950,3540,3348,1706,430,47,2
08 ....G...E.G.AAE.G...FBB...FCC..DD... 816 22,40,64,60,72,138,144,148,128
09 ....GH..E.GHAAE.GH..FBB...FCC..DD... 2354 22,40,184,240,219,257,403,373,356,260
09 ........E..H..EAAH..FBBH..FGCC.DDG.. 5074 312,300,1080,1202,1019,672,337,119,30,3
09 .....I..E.HIAAE.HJ..FBBJ..FGCC.DDG.. 17718 1604,1600,4520,4370,3434,1682,455,37,13,3
10 ...G.....GHI.AAGHIBBF...E.FCC.EDDD.. 38827 8332,804,1712,3820,6719,7406,5413,2967,1279,343,32
10 ....HJ..EGHJAAEGIJ.BB.I...FCC...F.DD 7718 282,296,1288,1734,1604,1044,507,319,383,213,48
10 ....H...E.H.AAE.H...FBB...FGCC.DDG.. 2722 96,102,193,225,240,340,429,473,423,195,6
11 ....HI..E.HIAAE.HI..FBB...FGCC.DDG.. 7588 96,102,499,780,827,836,1025,1110,1077,880,344,12
12 ........EG.IAAEG.I..FBBI..FHCC.DDH.. 2934 169,100,384,383,342,258,217,224,235,291,225,97,9
13 .....J..EGIJAAEGIK..FBBK..FHCC.DDH.. 11359 1168,726,2218,2501,2083,979,360,330,388,314,211,67,12,2
09 .....H....GH..AAGH..EBB...EFCC...FDD 28146 1246,1600,6469,7478,6044,3464,1406,380,57,2
12 ....I...EGI.AAEGI...FBB...FHCC.DDH.. 2094 97,62,145,227,213,202,222,226,233,239,163,61,4
10 ....H.....HI..AAHIBB.G..F..GCCFDDEE. 28047 252,405,1332,3077,5975,7227,5460,2923,1100,270,26
13 ....IJ..EGIJAAEGIJ..FBB...FHCC.DDH.. 5566 97,62,331,650,837,707,595,566,488,446,413,270,96,8
06 ..EG....EG..AAFG....FBB..CC.....DD.. 1619 656,146,188,298,234,86,11
19 ..F.....F.HJAAG.HJBBG.IKECC.IKEDDD.K 938 50,75,210,165,104,87,54,38,21,10,16,6,7,8,11,16,18,20,14,8
18 ..F.....F..IAAG.HIBBG.HJECC.HJEDDD.J 1166 20,30,94,99,99,77,87,74,75,69,82,52,56,63,69,55,41,18,6
11 ..E..H..E..H..FAAH..FGBB...GCC.DDG.. 2406 195,25,106,132,175,224,358,400,413,284,86,8
11 .....I..E.HIAAEGHJ.BBG.J..FGCC..FDD. 9630 1071,226,767,1193,1537,1395,1051,863,833,553,137,4
10 ....H...E.H.AAEGI..BBGI...FGCC..FDD. 1668 295,88,184,324,309,177,79,86,94,30,2
10 ....H...EGH.AAEGH...FGBB..FCC..DD... 1712 72,25,67,124,150,166,258,278,305,201,66
11 ....HI..EGHIAAEGHI..FGBB..FCC..DD... 4670 72,25,142,325,502,551,575,741,649,639,369,80
20 ..F.....FHIKAAGHIKBBG.JLECC.JLEDDD.L 2959 206,166,506,521,435,331,210,110,67,35,26,18,15,18,23,35,49,62,63,43,20
19 ..F.....FH.JAAGHIJBBG.IKECC.IKEDDD.K 3106 84,69,235,305,339,293,259,209,164,149,141,112,102,111,126,129,123,92,49,15
13 ....I....GIJAA.GIJ...HBBF..HCCFDDEE. 13317 117,114,415,946,1896,2679,2515,1837,1368,890,361,155,21,3
19 ..F.....FH.JAAGH.JBBGI.KECCI.KEDDD.K 667 120,52,136,97,71,55,31,21,12,4,4,3,4,6,9,13,13,10,4,2
22 ..F.....FHJLAAGHJLBBGIKMECCIKMEDDD.M 2057 178,91,308,412,410,269,139,49,25,12,4,4,3,4,6,9,15,22,29,29,24,11,4
21 ..F.....FH.KAAGHJKBBGIJLECCIJLEDDD.L 1541 76,39,147,240,296,236,155,90,44,30,12,8,6,8,12,18,28,33,30,20,10,3
05 ..E.....E...AAE....BB....CC....DD... 870 272,353,81,108,48,8
06 ..E..F..E..FAAE..F.BB....CC....DD... 1734 120,144,456,404,318,223,69
18 ..F.....F..IAAGH.IBBGH.JECCH.JEDDD.J 915 128,13,37,47,78,69,68,45,55,49,48,38,38,45,54,50,37,14,2
08 ....F.....F..AA.F...EBB...ECC...EDD. 664 40,43,12,21,80,168,196,88,16
09 ....FG....FG.AA.FG..EBB...ECC...EDD. 1996 40,43,141,57,129,340,546,498,174,28
06 ..E.....EF..AAEF...BB....CC....DD... 2480 926,634,243,323,254,88,12
13 ........FHIJAAFHIJBBGH..E.GCC.EDDD.. 12770 2854,190,366,758,1431,1928,1841,1251,734,458,398,363,182,16
21 ..F.....F.IKAAGHIKBBGHJLECCHJLEDDD.L 1770 156,26,94,169,289,326,235,136,46,37,18,12,8,10,12,18,29,39,46,37,23,4
09 .....G..E..G..EAAG..EBB....FCC.DDF.. 4300 360,216,708,619,735,789,569,240,54,10
20 ..F.....F..JAAGHIJBBGHIKECCHIKEDDD.K 1805 64,13,52,101,184,259,207,176,91,92,67,60,46,48,57,72,79,72,43,19,3
11 .....I...FHI.AAFHI..EGBB..EGCC..DD.. 17365 806,650,2809,3555,3140,2098,1504,1227,885,489,173,29
09 ........F..HAAF..HE.FBB.ECC.G.DDD.G. 12679 2617,2747,2404,698,1217,1465,1025,424,62,20
09 ....G....FG..AAFG...EBB...ECC...EDD. 2254 152,90,40,73,202,415,603,479,180,20
14 ........F..HAAF..HE.FBBIECCG.IDDDG.I 3725 825,399,798,127,15,38,52,127,288,402,375,211,63,4,1
10 ....GH...FGH.AAFGH..EBB...ECC...EDD. 6545 152,90,310,193,397,888,1464,1676,1052,295,28
11 ..EF.H..EF.H..EAAH.BBG.....GCC.DD... 2406 195,72,242,170,278,350,329,269,205,148,98,50
11 ....H....FH..AAFH...EGBB..EGCC..EDD. 1682 128,47,32,70,150,263,320,281,215,126,45,5
10 ........FG.IAAFG.IE.FBB.ECC.H.DDD.H. 30930 8017,4081,3657,1377,2625,3912,3818,2396,879,131,37
12 ....HI...FHI.AAFHI..EGBB..EGCC..EDD. 4645 128,47,173,166,350,659,943,920,615,373,204,61,6
09 .....G.....G.AAF.H.BBF.H..EFCC..EDD. 5811 989,190,610,916,1228,1043,573,219,42,1
06 ..EF....EF..AAEF...BB....CC....DD... 1372 617,89,72,144,224,175,51
11 ..E..G..E..G..EAAG...FBB.CCF...DDF.. 2046 225,18,63,42,95,267,453,457,262,104,43,17
07 ...F....EFG.AAEFG...BB....CC....DD.. 6412 1537,439,866,1403,1329,659,163,16
10 .....H...FGH.AAFGH..EFBB..ECC...DD.. 14679 803,180,864,1512,2444,3015,2839,1902,830,255,35
10 ....G....FG..AAFG...EFBB..ECC...EDD. 1474 108,18,18,42,81,216,358,351,198,76,8
10 ....H.....HI.AA.HIBBG...F.GCC.FDDEE. 18867 192,414,990,2065,3881,4258,3048,1884,1269,710,156
15 ........FG.JAAFG.J..FHBBECCHI.EDDDI. 14538 4312,1334,1185,453,900,1488,1712,1340,758,499,270,127,67,57,30,6
11 ....GH...FGH.AAFGH..EFBB..ECC...EDD. 4186 108,18,72,96,207,423,858,1123,853,330,90,8
07 ..E..H..E.GHAAF.GH..F.BB.CC.......DD 4818 178,334,1248,1444,1064,454,90,6
09 .....H..E..H..EAAI..FBBI..FGCC.DDG.. 6387 906,866,2113,1393,778,256,51,17,6,1
08 .....G.E...G.EAA.G..BB.....FCC...FDD 7548 528,784,2624,1928,912,408,200,132,32
09 ........E.HIAAE.HI..FBBI..FGCC.DDG.. 13774 594,596,2356,2938,3039,2376,1326,448,92,9
09 .....H....GHAA..GI.EBB.I.E.FCCDD.F.. 30631 2837,4252,11716,8424,2779,366,124,86,35,12
08 ....G.....G.AA..H..EBBH..E.FCCDD.F.. 5048 811,1240,1818,884,228,32,22,9,4
12 .....I..EG.IAAEG.J..FBBJ..FHCC.DDH.. 3444 540,314,835,664,397,147,102,146,110,122,51,13,3
13 ........EGIJAAEGIJ..FBBJ..FHCC.DDH.. 9174 413,262,1096,1386,1444,1040,689,550,596,664,602,338,88,6
09 ....GI....GIAA..HI.EBBH..E.FCCDD.F.. 15290 602,932,4227,5329,2845,1001,248,64,28,14
08 ....G..E..G..EAAG....FBB...FCC...DD. 4364 228,356,811,1102,1026,580,181,65,15
09 ..........GHAA..GH.EBBGH.E.FCCDD.F.. 13116 228,356,1879,3143,3380,2546,1146,295,115,28
07 ..EG....EGH.AAFGH...FBB..CC.....DD.. 3689 951,234,411,724,772,456,129,12
15 ...F.....F..AA.G.HBB.G.H.ECC.H.EDD.. 3204 224,208,736,472,304,292,242,156,122,88,72,72,72,56,56,32
11 .....I..EGHIAAEGHI..FGBB..FCC..DD... 7455 388,75,342,522,718,805,990,1095,1055,922,455,88
16 ...F.....FHIAA.GHIBB.G.J.ECC.J.EDD.. 13740 1567,1456,4182,3454,1530,376,152,194,99,50,52,60,68,92,120,156,132
15 ...F.....FH.AA.GH.BB.GI..ECCI..EDD.. 2814 531,504,862,542,110,32,66,25,10,10,14,20,28,28,16,16
18 ...F.....FH.AA.GHJBB.GIJ.ECCIJ.EDD.. 8092 364,360,1732,2480,1624,612,292,154,72,26,16,20,20,40,56,64,68,60,32
15 ...F.....F..AA.GH.BB.GH..ECCH..EDD.. 2351 156,152,388,412,280,246,184,112,65,48,60,64,64,56,52,12
17 ...F.....F..AA.GHIBB.GHI.ECCHI.EDD.. 6610 156,152,844,1508,1312,748,542,344,200,104,72,88,88,104,112,120,92,24
06 ..E.....E.F.AAE.F..BB....CC....DD... 1806 424,523,207,272,260,104,16
07 ..E..G..E.FGAAE.FG.BB....CC....DD... 4294 236,272,888,700,780,815,486,117
16 .........F.GAA.F.GBB.F.G.ECC...EDD.. 2770 312,48,192,240,464,448,242,98,30,12,16,48,88,152,184,148,48
09 .....G..E..G..EAAH..EBBH...FCC.DDF.. 5811 989,607,1306,721,934,796,356,83,17,2
11 ....I....HIJ.AAHIJBBG...F.GCC.FDDEE. 48476 594,594,1635,3687,7502,10092,9228,6706,4407,2662,1181,188
07 ..E.....EFG.AAEFG..BB....CC....DD... 5516 1482,980,523,808,913,598,188,24
16 .........FG.AA.FG.BB.FG..ECC...EDD.. 2040 147,48,144,192,384,362,182,62,15,8,16,48,84,112,120,88,28
10 ..........GH..AAGH..EBBH..EFCC..EFDD 12129 766,463,1550,1243,1858,2455,2212,1222,334,25,1
18 .........FGHAA.FGHBB.FGH.ECC...EDD.. 5904 147,48,288,624,848,1246,926,348,98,19,8,16,48,92,184,304,332,244,84
11 ..EF.H..EF.H..EAAI.BBG.I...GCC.DD... 3091 583,219,488,310,459,487,292,112,62,46,26,7
12 .....I...FHI.AAFHI..EGBB..EGCC..EDD. 7744 500,191,660,520,926,1266,1250,946,651,455,274,99,6
08 ....G.....G.AA..H..EBBH..EFCC.DDF... 3982 682,1292,1238,506,100,72,60,28,4
11 ..E..G..E..G..EAAH.BBF.H...FCC.DDF.. 2838 635,61,144,127,289,541,598,353,72,12,5,1
09 ....GI....GIAA..HI.EBBH..EFCC.DDF... 11913 511,976,3910,3844,1705,462,204,164,102,35
07 ..EF....EFG.AAEFG..BB....CC....DD... 3254 1000,150,144,316,567,634,362,81
08 ..........G..AA.G..EBBG..EFCC.DDF... 3604 170,330,523,811,680,472,308,236,74
15 ....J.F..HJKFAAHJK..GIBB..GICC.DDEE. 24378 294,180,543,1236,2605,3969,4160,3390,2683,2187,1534,972,468,128,26,3
09 .....H....GH.AA.GH.EBBG..EFCC.DDF... 10696 170,330,1513,2039,2437,1742,1098,697,509,161
09 .....H.EF..H.EFAAH..BB.....GCC...GDD 18924 1584,1572,5316,4620,2880,1492,763,449,212,36
12 ....I.....IKAA.HJKFBBHJ.F.GHCCDDGEE. 22913 3137,296,952,2100,4032,5165,4020,2012,723,305,135,34,2
08 .....G.....GAA...H.EBB.H.E.FCCDD.F.. 10040 1424,2080,4624,1588,164,64,52,36,8
09 .....H.E..GH.EAAGH..BB.....FCC...FDD 22599 1130,1716,6604,6388,3850,1756,677,318,138,22
10 .....I..F.HIAAF.HJ.EBB.J.E.GCCDD.G.. 67957 8406,8366,22105,16493,8951,2715,525,234,113,37,12
11 .........GH.AA.GH....GBBEFCC.IEFDDDI 32818 8340,825,1549,2968,4852,5050,3786,2696,1769,807,172,4
09 ....H....GH.AA.GI..EBBI..EFCC.DDF... 10675 2300,2332,2706,1830,814,334,219,108,24,8
15 ..G.I...G.IJAAH.IJ..HBB.FCC...FDDEE. 5266 30,45,81,133,312,508,542,570,674,716,556,442,353,180,106,18
09 ....GH....GHAA..GI.EBB.I.E.FCCDD.F.. 17253 456,712,3046,4942,4486,2579,831,138,42,21
10 ....HJ...GHJAA.GIJ.EBBI..EFCC.DDF... 29973 1634,1682,7111,8350,5907,2980,1190,608,337,139,35
15 ...F.....F.HAA.G.HBB.G.I.ECC.I.EDD.. 3940 672,592,1400,664,180,32,88,56,40,20,24,24,28,32,40,48
16 ...F.....FH.AA.GHIBB.G.I.ECC.I.EDD.. 10614 588,568,2268,2176,1392,912,670,490,306,184,144,160,160,160,176,172,88
09 .........GH..AAGH..EBBH..EFCC.DDF... 9514 590,616,1108,1540,1668,1549,1214,826,358,45
18 ...F.....FHJAA.GHJBB.GIK.ECCIK.EDD.. 11716 895,864,3162,3900,2040,338,32,66,25,10,10,14,20,28,36,60,96,72,48
17 ..G.J...G.JKAAH.JK..HBB.FCCI..FDDIEE 14648 114,84,176,341,817,1386,1622,1603,1705,1859,1580,1164,907,658,404,193,32,3
18 ...F.....F.IAA.GHIBB.GHJ.ECCHJ.EDD.. 8299 312,304,1384,2308,1864,908,420,176,88,39,24,28,24,40,56,68,96,124,36
10 .....I...GHI.AAGHI.EBBH..EFCC.DDF... 26896 590,616,2956,4438,5095,4663,3674,2515,1581,678,90
08 .........F..AA.F...E.FBB.ECCG...DDG. 4364 1339,356,555,806,788,412,96,10,2
16 ...G....FG..AAFH.IBB.H.I.ECC.I.EDD.. 8332 672,420,1476,1006,804,690,594,501,459,411,309,236,246,198,158,112,40
20 ..G.K...GIKLAAHIKLF.HJBBFCCJ...DDEE. 8286 78,39,95,208,502,893,1064,914,682,631,707,681,536,377,301,240,160,92,50,28,8
17 .........FGHAA.FGHBB.F.H.ECC...EDD.. 9187 684,144,640,944,1452,1584,1090,458,116,31,24,64,140,272,466,536,402,140
17 ...G....FGIJAAFHIJBB.H.K.ECC.K.EDD.. 32162 4820,3008,8137,6667,4235,1636,633,530,446,287,156,156,183,221,271,312,317,147
16 ...G....FGI.AAFHI.BB.HJ..ECCJ..EDD.. 6606 1622,1040,1422,1222,520,132,125,118,67,31,26,41,64,77,55,32,12
08 ........G..HAAG..HBBG...FCC...FDDEE. 8789 2163,2399,2292,512,691,448,198,74,12
19 ...G....FGI.AAFHIKBB.HJK.ECCJK.EDD.. 17473 1054,706,3149,4241,3696,2000,856,429,255,157,80,48,44,74,128,162,157,132,81,24
16 ...G....FG..AAFHI.BB.HI..ECCI..EDD.. 5620 438,286,583,726,618,555,512,413,286,202,169,194,212,172,150,87,17
09 ........GH.IAAGH.IBBG...FCC...FDDEE. 19766 6431,3474,3700,1155,1745,1633,944,458,194,32
18 ...G....FG..AAFHIJBB.HIJ.ECCIJ.EDD.. 14771 438,286,1441,2390,2503,1840,1379,1074,758,490,320,249,264,298,300,316,264,135,26
12 ........GH.JAAGH.JBBGI..FCCI..FDDEE. 8481 2985,1012,1321,524,748,733,432,236,193,166,95,29,7
09 .....H..F..HAAF..I.EBB.I.E.GCCDD.G.. 24834 4472,4352,9712,4246,1461,255,159,110,57,10
18 .........G.H.AAG.HBBFG.H.EFCC..EDD.. 7082 936,96,372,400,727,921,851,562,288,115,54,90,193,315,418,415,255,68,6
11 ........GH.IAAGH.IBBGH..FCC...FDDEE. 9016 4120,206,312,253,571,937,1000,764,443,266,115,29
18 .........GH..AAGH.BBFGH..EFCC..EDD.. 4915 393,96,228,344,590,724,644,390,165,57,36,90,189,265,283,246,137,36,2
20 .........GHI.AAGHIBBFGHI.EFCC..EDD.. 13366 393,96,516,1028,1490,2091,2105,1511,723,268,77,38,90,197,351,569,714,643,359,101,6
10 .....I.E..HI.EAAHI..FBB...FGCC...GDD 50859 3218,3254,12241,12322,9654,5739,2666,1151,492,117,5
15 ..F.....F.H.AAG.H.BBG.I..ECCI..EDD.. 1332 260,384,256,108,54,16,66,52,28,28,30,26,12,5,4,3
16 ..F..J..F.HJAAG.HJBBG.I..ECCI..EDD.. 3669 176,263,977,851,426,184,77,148,144,93,73,77,75,56,22,15,12
15 ..F.....F...AAG.H.BBG.H..ECCH..EDD.. 1584 46,71,85,70,82,170,154,164,184,156,156,146,66,24,8,2
16 ..F..I..F..IAAG.HIBBG.H..ECCH..EDD.. 4252 46,71,298,308,250,296,483,407,414,415,341,341,317,168,67,24,6
10 .......EF..I.EFAAI..GBBI..GHCC.DDH.. 10814 858,689,2315,2427,1877,1208,724,414,221,74,7
09 ....H.....HIAA..HIBB....FG.CC.FGDDEE 23100 213,567,1440,3165,5817,5896,3706,1690,540,66
12 .....J..F.IJAAF.IK.EGBBK.EGHCC.DDH.. 31253 4288,3489,8666,6456,4805,2476,774,157,82,37,17,5,1
16 ..F.....FHI.AAGHI.BBG.J..ECCJ..EDD.. 4226 1001,860,718,500,281,126,111,197,98,40,58,86,81,37,15,11,6
17 ..F..K..FHIKAAGHIKBBG.J..ECCJ..EDD.. 10940 635,555,2167,2209,1730,1087,524,331,422,294,147,134,184,218,170,67,42,24
16 ..F.....FH..AAGHI.BBG.I..ECCI..EDD.. 4672 198,178,247,245,265,387,455,501,494,388,263,408,361,186,72,20,4
16 ...G....FG.IAAFH.IBB.H.J.ECC.J.EDD.. 9983 2144,1262,2912,1482,714,238,185,204,176,122,64,74,77,83,86,100,60
17 ..F..J..FH.JAAGHIJBBG.I..ECCI..EDD.. 11958 198,178,781,952,889,917,1142,1174,1157,1066,755,533,776,728,452,190,58,12
19 ...H....FH..AAFI.JBBGI.J.EGCCJ.EDD.. 5077 364,185,639,447,406,309,276,248,237,327,349,313,248,214,186,133,94,67,31,4
17 ...G....FGI.AAFHIJBB.H.J.ECC.J.EDD.. 25380 1726,1126,4343,4081,3404,2314,1660,1326,1096,861,609,477,510,500,478,462,309,98
20 ...H....FHJKAAFIJKBBGI.L.EGCCL.EDD.. 16238 2709,1384,3490,2695,2083,979,360,330,388,340,301,161,101,118,135,143,141,140,137,91,12
18 ..FH....FHJ.AAGIJ.BBGIK..ECCK..EDD.. 3279 887,476,514,533,310,93,24,68,81,86,30,8,16,28,43,43,27,8,4
21 ..FH....FHJ.AAGIJLBBGIKL.ECCKL.EDD.. 7971 518,292,1218,1525,1596,1075,519,209,158,157,164,96,32,18,28,54,86,90,69,40,19,8
19 ...G....FGIKAAFHIKBB.HJL.ECCJL.EDD.. 25424 2676,1746,5749,6861,5003,1867,342,157,125,67,31,26,41,64,85,110,163,167,108,36
18 ..FH....FH..AAGIJ.BBGIJ..ECCJ..EDD.. 3151 198,107,178,237,228,217,238,238,234,253,200,130,96,167,162,118,86,53,11
20 ..FH....FH..AAGIJKBBGIJK.ECCJK.EDD.. 7520 198,107,499,754,868,749,632,596,510,449,441,332,192,136,218,233,207,180,136,69,14
19 ...G....FG.JAAFHIJBB.HIK.ECCIK.EDD.. 17820 876,572,2310,3699,3678,2488,1478,808,404,212,118,80,70,86,128,166,193,240,175,39
20 ........FH.IAAFH.IBBGH.I.EGCC..EDD.. 4110 507,42,157,132,175,224,358,410,435,329,137,62,50,78,143,201,236,235,145,48,6
20 ........FHI.AAFHI.BBGHI..EGCC..EDD.. 2649 146,42,79,124,150,166,258,283,310,216,78,17,26,78,139,167,153,121,71,23,2
09 ........FG..AAFG...E.GBB.ECCH...DDH. 11916 4366,853,1138,1808,1987,1243,431,76,12,2
22 ........FHIJAAFHIJBBGHIJ.EGCC..EDD.. 6554 146,42,205,361,502,551,575,741,660,650,396,98,19,26,78,145,214,286,337,284,170,62,6
11 ....I..G..IJ.GAAIJBB.H..F..HCCFDDEE. 46467 594,747,2118,4755,9243,10990,8570,5230,2668,1165,332,55
19 .........GHI.AAGHIBBFG.I.EFCC..EDD.. 21829 1960,288,1212,1584,2444,3015,2839,2018,1034,383,128,128,287,544,894,1166,1088,628,177,12
16 ........F.G.AAF.G.BBF.G..ECC...EDD.. 1184 96,100,15,21,80,168,196,102,44,40,44,78,59,55,57,26,3
17 .....H..F.GHAAF.GHBBF.G..ECC...EDD.. 3308 96,100,315,66,129,340,546,505,217,91,77,92,158,150,170,172,75,9
10 .....H.EF..H.EFAAH..FBB....GCC.DDG.. 9024 990,560,1762,1390,1261,1272,977,479,199,110,24
16 ...HJ....HJKAA.IJK.G.IBBFGCC..FDDEE. 17162 234,180,558,1177,2325,3093,2822,2119,1587,1114,644,448,341,275,175,60,10
14 ..F..I..F.HIAAF.HJ.EBB.J.E.GCC.DDG.. 29593 5276,3014,6231,2544,3600,4142,3030,1293,327,89,27,5,7,6,2
17 ........FGH.AAFGH.BBF.H..ECC...EDD.. 3648 343,194,49,73,202,415,603,503,217,83,78,169,212,153,162,134,52,6
11 .....I..F..IAAF..J.EGBBJ.EGHCC.DDH.. 13336 2652,2074,4502,2214,1201,412,118,85,48,22,7,1
18 .....I..FGHIAAFGHIBBF.H..ECC...EDD.. 9716 343,194,631,220,397,888,1464,1688,1121,377,143,145,304,395,390,470,382,146,18
19 ...G....FG..AAFH.IBBFH.I.ECC.I.EDD.. 4032 420,152,482,221,329,394,366,290,209,160,148,176,176,103,110,82,77,72,49,16
10 ..F....EF.IJ.EAAIJ..GBBJ..GHCC.DDH.. 24985 1493,1244,4543,4957,4821,3813,2389,1126,444,140,15
20 ...G....FGIJAAFHIJBBFH.K.ECC.K.EDD.. 14690 3075,1116,2321,1023,1597,1936,1510,732,280,161,110,66,38,37,49,74,104,124,141,139,57
20 ...G.....GI..AAHI.BBFHI..EFCC..EFDD. 2387 264,94,38,70,150,263,320,291,220,138,60,27,35,82,86,56,47,64,58,22,2
22 ...G.....GI..AAHIJBBFHIJ.EFCCJ.EFDD. 5912 264,94,320,184,350,659,943,925,641,384,224,85,34,44,99,102,76,89,132,142,92,27,2
21 .........G.H.AAG.HBBFG.H.EFCC..EFDD. 3463 585,34,111,42,95,267,453,457,262,118,78,75,49,36,87,127,139,185,141,85,33,4
19 ...H....FH.JAAFI.JBBGI.K.EGCCK.EDD.. 5546 1304,616,1355,664,397,147,102,146,110,148,115,76,63,60,58,50,45,46,38,6
21 .........GH..AAGH.BBFGH..EFCC..EFDD. 2236 235,34,21,42,81,216,358,351,198,83,15,6,13,36,85,114,95,91,90,56,15,1
12 ........GHI.AAGHI....HBBEFCC.JEFDDDJ 70771 23659,1553,2436,4214,7507,9018,7923,6125,4437,2574,1039,260,26
23 .........GHI.AAGHIBBFGHI.EFCC..EFDD. 5763 235,34,123,105,207,423,858,1123,853,330,105,17,6,13,36,87,128,151,242,267,234,142,41,3
20 ...H....FHJ.AAFIJKBBGI.K.EGCCK.EDD.. 13860 882,477,1775,1616,1596,1134,773,593,601,700,762,618,420,355,403,357,297,249,172,72,8
21 ..FH....FHJLAAGIJLBBGIKM.ECCKM.EDD.. 11429 1405,768,2279,2529,2236,1152,310,82,132,95,86,30,8,16,28,43,47,46,51,50,24,12
21 ..FH....FH.KAAGIJKBBGIJL.ECCJL.EDD.. 8231 396,214,784,1169,1304,1085,856,653,444,289,207,132,62,40,51,71,89,94,91,96,83,21
20 ..G.....G.IKAAH.IKBBH.JLEFCCJLEFDDDL 1478 100,135,350,217,114,105,74,52,32,18,23,32,33,31,29,33,36,32,20,11,1
19 ..G.....G..JAAH.IJBBH.IKEFCCIKEFDDDK 2179 40,54,154,129,117,83,101,95,102,103,122,140,159,196,209,188,124,50,12,1
21 ........FHIJAAFHIJBBGH.J.EGCC..EDD.. 11297 921,126,503,546,718,805,990,1115,1107,1000,537,160,69,104,223,357,489,578,518,310,109,12
11 ......F...IJFAA.IJ.GBBI..GHCC.DDHEE. 36060 474,849,1745,3510,6678,7453,5640,3792,2766,1976,961,216
08 ........F...AAF....EFBB..ECCG..DD.G. 4364 1338,1562,417,436,397,166,36,8,4
09 .....H..F..HAAF..H.EFBB..ECCG..DD.G. 8990 662,727,2296,1606,1323,1268,825,257,18,8
21 ..G.....GIJLAAHIJLBBH.KMEFCCKMEFDDDM 4172 412,296,814,639,455,361,237,126,78,43,33,44,45,63,75,78,91,102,93,58,27,2
20 ..G.....GI.KAAHIJKBBH.JLEFCCJLEFDDDL 4933 168,123,373,377,375,305,279,233,191,183,181,200,217,310,374,371,315,223,105,28,2
13 ..F..H..F..HAAF..I.EBB.I.E.GCC.DDG.. 12174 2878,1628,3220,1146,1353,1171,537,137,52,36,8,3,4,1
09 ........FG..AAFG...EFBB..ECCH..DD.H. 11916 4412,2708,950,1253,1345,873,295,58,16,6
11 .......E..HI.EAAHI..FBBI..FGCC..FGDD 21569 1970,1125,3597,2334,2709,3428,3298,2093,772,193,48,2
14 ........GIJKAAGIJKBBHI..EFHCC.EFDDD. 26079 8763,406,596,926,1811,2666,2872,2384,1812,1380,1102,840,425,88,8
19 ...G....FG.IAAFH.IBBFH.J.ECC.J.EDD.. 4987 1396,487,952,310,459,487,292,112,62,56,55,55,32,22,27,37,38,39,45,24
20 ...G....FGI.AAFHIJBBFH.J.ECC.J.EDD.. 11270 1068,398,1289,646,1036,1334,1293,967,663,471,336,245,210,147,211,194,177,205,209,133,38
23 ...G.....GIJ.AAHIJBBFHIK.EFCCK.EFDD. 7106 528,188,452,292,570,1049,1397,1182,609,217,93,25,7,9,17,16,20,42,68,88,104,94,36,3
12 ..F..H.EF..H.EFAAI.BBG.I...GCC.DDG.. 4165 1775,126,250,127,289,541,598,353,72,16,11,6,1
10 ........FG..AAFG...EFGBB.ECCH..DD.H. 6402 2881,352,211,441,807,941,589,160,10,8,2
22 .........GHI.AAGHIBBFG.I.EFCC..EFDD. 10031 1206,102,341,168,351,826,1381,1517,1055,468,209,116,62,49,123,215,278,383,463,396,241,75,6
08 .........FG.AA.FG....FBB..CC.HDDDEEH 4089 423,84,287,693,1140,984,398,76,4
12 ......F..IJKFAAIJK.GBBJ..GHCC.DDHEE. 77987 1368,1152,2607,5477,11074,14399,13214,10388,7913,5844,3322,1065,164
09 ........FGH.AAFGH....GBB..CC.IDDDEEI 8712 1191,145,454,1086,1991,2132,1250,389,68,6
08 ....G.....G.AA..H.EBB.H.E.FCC.DDF... 5914 874,1892,2046,750,120,76,80,72,4
09 ....GI....GIAA..HIEBB.H.E.FCC.DDF... 18251 665,1451,5994,6227,2604,608,226,214,192,70
08 ....G.E...G.EAA.G..BB.....FCC...FDD. 5292 228,505,895,1316,944,564,356,324,160
09 ....GHE...GHEAA.GH.BB.....FCC...FDD. 16106 228,505,2410,3439,3897,2389,1316,848,722,352
08 ......E....HE.AA.H..FBBH..FGCC.DDG.. 27144 2014,2246,7789,6906,4305,2372,1049,391,72
17 ...IK...HIKLAAHJKL.G.JBBFGCC..FDDEE. 31239 588,303,742,1509,3142,4509,4560,3755,2976,2487,1947,1515,1176,859,655,366,128,22
11 ......F..I.JFAAI.JBBHI...GHCC..GDDEE 38293 18624,1255,2228,3100,4956,4225,2408,998,385,97,14,3
09 .....IE...HIE.AAHJ..FBBJ..FGCC.DDG.. 103781 10748,12155,33770,27556,14437,4060,843,191,19,2
09 ....H....GH.AA.GI.EBB.I.E.FCC.DDF... 16720 3005,3480,4755,3238,1250,442,243,198,100,9
16 ..H.J...H.JKAAI.JK.GIBB.FGCC..FDDEE. 9799 60,81,123,175,408,644,702,735,834,954,1108,1221,1214,930,461,134,15
10 ....HJ...GHJAA.GIJEBB.I.E.FCC.DDF... 48968 2177,2539,11256,14520,10323,4806,1687,718,518,322,102
09 ....H.E..GH.EAAGH..BB.....FCC...FDD. 14845 805,949,1958,2716,2789,2298,1527,985,618,200
10 ....HIE..GHIEAAGHI.BB.....FCC...FDD. 43215 805,949,4805,7870,8923,7658,5358,3198,2019,1242,388
11 .....IE..G.IEAAG.I..FHBB..FHCC..DD.. 13156 950,644,2369,1912,1533,1441,1305,1184,924,615,229,50
17 ..H.K...HJKLAAIJKL.GIBB.FGCC..FDDEE. 23268 228,150,256,425,1021,1648,1875,1851,1945,2182,2261,2216,2327,2168,1591,876,225,23
08 .....HE....HE.AA.I..FBBI..FGCC.DDG.. 35708 5566,6136,14282,6867,2103,464,215,73,2
11 .....J...GIJAA.GIKEBBH.KE.FHCCDDF... 53988 6578,4592,13519,12970,8428,3374,1479,1335,916,484,247,66
11 ....I....GI.AA.GJ.EBBHJ.E.FHCCDDF... 10979 2199,1588,2659,2446,996,304,323,227,122,81,30,4
12 ....IK...GIKAA.GJKEBBHJ.E.FHCCDDF... 30362 1467,1088,5162,7841,7064,3805,1783,954,546,314,198,108,32
11 .........GI.AA.GI.EBBHI.E.FHCCDDF... 9369 613,444,1057,1403,1220,1189,1156,956,634,428,216,53
09 ........H..IAAH..IBBH...FGCC..FGDDEE 24320 6898,7422,6954,774,1058,720,332,130,30,2
09 ......E...HIE.AAHI..FBBI..FGCC.DDG.. 77362 4191,4785,18597,19827,15361,9038,4010,1294,247,12
12 .....J...GIJAA.GIJEBBHI.E.FHCCDDF... 25472 613,444,2389,4416,4830,3587,2899,2336,1728,1076,707,359,88
10 ........HI.JAAHI.JBBH...FGCC..FGDDEE 49257 19548,10234,10309,1683,2539,2417,1431,706,314,72,4
10 .....HE..G.HEAAG.H..FGBB..FCC...DD.. 11291 1217,148,608,821,1663,2244,2116,1346,720,342,66
11 .....IE...HIEAAGHJ.BBG.J..FGCC..FDD. 49195 6853,1288,4254,6650,9422,9329,6292,3045,1299,598,159,6
10 ....H.....H.AA.GI.EBBGI.E.FGCCDDF... 9011 1992,496,1030,1666,1800,1195,513,166,100,48,5
11 ....HJ....HJAA.GIJEBBGI.E.FGCCDDF... 24918 1392,296,1544,3099,4938,5759,4480,2258,654,301,169,28
10 ....H.E..GH.EAAGH...FGBB..FCC...DD.. 8147 544,148,410,682,1323,1743,1559,909,502,265,62
11 ....HIE..GHIEAAGHI..FGBB..FCC...DD.. 22940 544,148,854,1912,3048,4687,4976,3599,1701,913,472,86
10 .....I...G.IAA.G.JEBBH.JE.FHCCDDF... 16133 2912,1916,4804,3052,1463,526,503,499,285,135,38
15 ..F.....F.H.AAG.H.BBG.I.ECC.I.EDD... 1604 280,452,336,108,54,16,66,68,88,28,32,24,16,12,12,12
16 ..F..J..F.HJAAG.HJBBG.I.ECC.I.EDD... 4506 188,308,1170,1066,476,184,77,154,193,198,129,83,82,59,49,48,42
15 ..F.....F...AAG.H.BBG.H.ECC.H.EDD... 1980 48,82,112,80,92,202,176,180,256,336,120,156,80,32,20,8
16 ..F..I..F..IAAG.HIBBG.H.ECC.H.EDD... 5368 48,82,358,394,281,335,569,477,480,614,718,284,344,198,98,64,24
12 .....JE..GIJEAAGIJ..FHBB..FHCC..DD.. 41999 2417,1732,7039,7639,6471,4705,3595,3100,2376,1589,891,371,74
10 .....J..F.IJAAF.IK..GBBKE.GHCCEDDH.. 38800 4670,4146,10692,8526,6085,3238,1224,148,51,17,3
16 ..F.....FHI.AAGHI.BBG.J.ECC.J.EDD... 5212 1080,1020,984,620,281,126,111,213,203,144,87,90,73,57,45,45,33
17 ..F..K..FHIKAAGHIKBBG.J.ECC.J.EDD... 13882 678,654,2644,2904,2146,1218,533,331,483,498,381,273,235,226,206,181,174,117
16 ..F.....FH..AAGHI.BBG.I.ECC.I.EDD... 6032 208,208,333,307,308,452,557,556,612,725,551,410,394,212,114,63,22
17 ..F..J..FH.JAAGHIJBBG.I.ECC.I.EDD... 15598 208,208,957,1262,1085,1052,1333,1428,1340,1407,1490,1080,854,790,499,332,207,66
17 ..F.....FH.JAAGH.JE.GBBJECCI.....IDD 6488 425,224,794,594,481,392,311,256,276,414,558,595,476,315,216,107,50,4
10 .....HE....HEAAG.I.BBG.I..FGCC..FDD. 15342 3469,496,1424,1967,2863,2562,1472,678,311,97,3
17 ..F..K..FHJKAAGHJLBBGI.LECCI..EDD... 21028 3009,1660,4434,3713,2479,979,360,366,524,581,626,543,444,414,375,283,166,72
18 ..F.....FHJ.AAGHJ.BBGIK.ECCIK.EDD... 4120 960,568,736,715,310,93,24,68,97,121,100,67,58,55,45,37,33,21,12
19 ..F..L..FHJLAAGHJLBBGIK.ECCIK.EDD... 10368 554,346,1518,2087,2058,1228,594,217,164,194,231,213,168,139,140,133,133,125,81,45
18 ..F.....FH..AAGHJ.BBGIJ.ECCIJ.EDD... 4193 210,126,247,319,263,260,300,292,272,308,361,343,278,226,183,112,59,26,8
19 ..F..K..FH.KAAGHJKBBGIJ.ECCIJ.EDD... 10093 210,126,625,1038,1123,847,751,742,638,545,564,616,556,454,396,338,245,167,88,24
11 .....IE..GHIEAAGHI..FGBB..FCC...DD.. 36315 2609,444,1988,3100,5281,6983,6888,4773,2387,1250,526,86
16 ..F..I..F..IAAGH.IBBGH..ECCH..EDD... 5361 566,51,199,187,221,270,446,488,503,500,529,431,416,300,157,78,19
16 ..F..J..F.IJAAGHIKBBGH.KECCH..EDD... 18758 3001,491,1441,1783,2035,1675,1153,915,1045,1135,1003,849,751,611,458,313,99
17 ..F.....F.I.AAGHI.BBGHJ.ECCHJ.EDD... 3012 746,194,312,462,373,183,79,86,114,99,72,55,58,55,43,34,37,10
19 ..F..K..F.IKAAGHIKBBGHJ.ECCHJ.EDD... 7581 442,100,480,809,1060,952,839,728,450,341,253,196,141,136,140,131,121,127,108,27
17 ..F.....F...AAGHI.BBGHI.ECCHI.EDD... 3534 154,50,112,174,187,197,316,339,345,323,344,280,262,226,122,66,31,6
18 ..F..J..F..JAAGHIJBBGHI.ECCHI.EDD... 8854 154,50,262,510,678,669,671,892,786,763,695,668,516,518,432,286,193,93,18
16 ........F.G.AAF.G.BBF.G.ECC...EDD... 1520 126,131,18,21,80,168,196,116,72,68,28,84,108,108,120,64,12
17 .....H..F.GHAAF.GHBBF.G.ECC...EDD... 4324 126,131,411,75,129,340,546,512,260,151,124,67,189,286,355,390,196,36
10 ........F..HE.FAAHE.FBBH...GCC.DDG.. 11291 1217,688,2162,1620,1480,1637,1397,743,240,95,12
10 .....I..F..I..FAAJ..GBBJE.GHCCEDDH.. 16127 2912,2472,5503,2835,1495,630,175,70,26,8,1
10 ..F.....F.IJAAG.IJE.GBBJECCH.....HDD 31234 1628,1480,5544,6366,6231,5041,3199,1324,361,56,4
17 ........FGH.AAFGH.BBF.H.ECC...EDD... 4806 454,254,60,79,202,415,603,527,280,180,117,143,277,325,361,334,162,33
08 ........G..HAAG..HBBG...FCC...FDDEEE 4008 968,1064,1101,219,320,218,90,24,4
18 .....I..FGHIAAFGHIBBF.H.ECC...EDD... 13031 454,254,822,259,415,888,1464,1700,1202,531,316,197,293,585,848,1122,1063,513,105
08 ..F.....FG..AAFG..EBBH..ECCH...DD... 4581 2301,920,320,354,330,190,95,56,15
09 ........GH.IAAGH.IBBG...FCC...FDDEEE 8282 2731,1377,1527,469,737,742,442,189,58,10
20 ........FG.IAAFG.IBBFH.IECCH..EDD... 5364 566,196,622,274,370,442,373,295,233,177,190,241,269,132,159,169,230,222,142,54,8
22 ........FGIJAAFGIJ..FBBKECCH.KE..HDD 20475 4017,1434,3009,1243,1685,1936,1510,744,320,214,179,185,151,169,306,596,893,905,619,273,72,14,1
16 ..F..J..FH.JAAGH.KBBGI.KECCI..EDD... 7132 1495,746,1721,896,397,147,102,182,196,249,268,219,183,156,103,52,20
20 ........FGI.AAFGI.BBFHI.ECCH..EDD... 3266 354,123,48,82,150,263,320,301,249,176,109,74,81,100,107,115,160,204,168,72,10
22 ........FGIJAAFGIJBBFHIJECCH..EDD... 8230 354,123,417,226,386,659,943,930,677,455,294,153,95,91,116,133,175,326,521,562,404,164,26
18 ..F.....FHJKAAGHJKE.GBBKECCI.....IDD 18014 979,570,2200,2187,1989,1370,903,638,663,861,1125,1210,1033,783,646,467,264,122,4
07 ..F.....FG..AAFG..EBBG..ECC....DD... 3972 2264,276,144,262,418,409,182,17
17 .....H..FG.HAAFG.HBBFG..ECC...EDD... 4540 731,44,144,51,95,267,453,464,305,193,174,181,282,351,370,286,128,21
18 ........FG.IAAFG.I..FGBBECC.HJEDD.HJ 18945 4181,410,891,544,997,1714,2061,1569,724,272,209,302,599,1012,1360,1249,672,172,7
15 ..F..I..F..IAAGH.JBBGH.JECCH..EDD... 6844 1813,197,506,491,524,431,337,369,440,435,372,335,287,177,99,31
18 ........FGH.AAFGH.BBFGH.ECC...EDD... 2996 313,44,27,51,81,216,358,351,228,132,79,64,110,183,207,233,201,97,21
19 .....I..FGHIAAFGHIBBFGH.ECC...EDD... 7853 313,44,159,132,234,423,858,1123,868,421,210,119,103,216,376,542,725,628,296,63
17 ..F..J..F.IJAAGHIJBBGH..ECCH..EDD... 14947 1008,151,635,772,933,976,1212,1359,1280,1270,1226,1099,932,818,593,401,234,48
19 ..F.....F.IKAAGHIKBBGHJ.ECCHJLEDD..L 10739 1188,294,1023,1652,2007,1533,825,358,249,265,212,157,130,134,139,142,159,163,91,18
08 ........F...AAF...E.FBB.ECC.G..DD.G. 5292 1574,1851,471,484,512,280,92,20,8
09 .....H..F..HAAF..HE.FBB.ECC.G..DD.G. 11262 816,898,2825,1854,1497,1572,1235,505,44,16
10 .....H..F..HE.FAAIE.FBBI...GCC.DDG.. 15342 3469,1981,3929,1317,1618,1653,961,293,72,43,6
09 ........FG..AAFG..E.FBB.ECC.H..DD.H. 14845 5269,3263,1138,1399,1589,1279,642,201,49,16
10 ........F.HIAAF.HIE.FBBIECCG...DDG.. 27996 2483,1413,4509,2760,3120,4114,4399,3403,1469,275,51
21 ........FG.IAAFG.I..FBBJECCH.JE..HDD 6844 1813,623,1232,366,459,487,292,124,85,73,102,120,93,101,154,212,220,166,87,27,7,1
12 ........FG..AAFG..E.FHBBECCHI..DD.I. 9369 3642,1412,661,902,991,788,448,257,155,63,25,19,6
21 ........FGIJAAFGIJBBFH.JECCH..EDD... 15393 1429,515,1668,802,1168,1432,1308,972,707,522,406,364,360,223,279,340,545,775,779,542,220,37
23 ........FGIJAAFGIJBBFHIKECCH.KE.DD.. 10145 708,246,588,356,618,1049,1397,1197,674,308,147,56,42,52,70,101,185,340,514,590,484,291,115,17
06 ....E.....EFAA..EF...BB....CC...DDD. 2931 54,216,630,963,762,270,36
16 .....H..FG.HAAFG.IBBFG.IECC...EDD... 6530 2163,161,327,156,306,549,598,373,132,97,103,207,368,436,351,169,34
10 ........FG..AAFG..E.FGBBECC.H..DD.H. 8147 3469,437,278,532,909,1126,882,392,89,26,7
08 ....F.....FG..AAFG...EBB...ECC..DDD. 7662 186,384,1300,2085,2022,1204,416,63,2
19 .....I..FG.IAAFG.I..FGBBECC.H.EDD.H. 13476 1544,132,442,207,369,826,1381,1529,1136,625,407,329,407,600,904,1100,950,467,114,7
09 ....G....EGHAA.EGH...FBB...FCC.DDD.. 4083 132,168,646,1058,914,538,316,213,89,9
06 ...E.....E.FAA.E.F..BB....CC...DDD.. 2101 441,76,174,488,602,272,48
08 ....F.....FG.AA.FG..EBB...ECC...DDD. 5383 132,312,820,1308,1290,825,428,200,68
09 ....G....FGH.AAFGH..EBB...ECC...DDD. 15030 471,576,1719,2963,3409,2817,1800,889,324,62
07 .........E.GAA.E.G...EBBCCDDF.....F. 1354 60,24,106,230,376,422,126,10
08 ........EF.HAAEF.H...FBBCCDDG.....G. 3134 194,54,218,456,744,868,482,106,12
09 ..E.....EGH.AAFGH...FGBBCCDD.I.....I 1564 124,31,112,221,349,385,254,70,15,3
07 ........E..GAAE..G..EBB.CCDDF.....F. 1028 112,145,212,169,194,145,48,3
08 ........EF.HAAEF.H..EBB.CCDDG.....G. 2714 328,196,368,401,533,517,293,74,4
11 ....H....FHI.AAFHI..EGBB..EGCC.DDD.. 8425 351,264,887,1623,1771,1336,897,645,410,180,53,8
08 ..EF....EFHIAAEGHI.BBG...CCDD....... 1307 124,51,138,179,259,274,202,72,8
10 ........EFG.AAEFG...EFBB.CCDDH.....H 1457 126,20,58,102,203,316,356,213,54,8,1
07 ...F....EF.GAAEF.G..BB....CC...DDD.. 5081 1337,135,295,769,1208,931,350,56
10 ....G.....GI.AAFHI.BBFH...EFCC..EDDD 9892 1095,188,578,1365,2330,2316,1365,508,122,23,2
10 ....G....FGH.AAFGH..EFBB..ECC..DDD.. 8736 327,78,295,666,1530,2152,1902,1161,478,131,16
12 ....G...E.G.AAE.G...F.BB..FCCHDDD..H 1742 30,48,98,137,168,199,211,235,268,177,96,66,9
13 ....H...EGH.AAEGH...F.BB..FCCIDDD..I 5287 126,111,263,423,541,610,623,615,683,598,369,221,86,18
12 ....I...EGIJAAEGIJ.BBH....FHCC..FDDD 2645 114,63,177,342,441,413,313,216,192,192,126,48,8
08 ...G....EG.HAAEG.H.BB.....FCC...FDDD 2364 672,47,95,223,408,481,308,115,15
14 ...G....EGHIAAEGHI..FBBJ..FCCJDDD..J 1653 142,21,72,127,231,275,244,165,112,103,63,47,30,15,6
11 ....H...E.HJAAEGIJ.BBGI...FGCC..FDDD 2734 296,42,112,260,464,539,442,245,154,130,46,4
14 ....H...EGH.AAEGH...FGBB..FCCIDDD..I 3310 96,21,65,145,314,428,474,393,375,421,279,160,103,30,6
06 ..E.....E..FAAE..F.BB....CC...DDD... 2071 435,474,439,192,301,182,48
13 ........E..GAAE..G..EBBH.CC.FHDDD.FH 1721 163,163,326,41,5,15,33,81,187,265,252,142,44,4
09 ........E.FHAAE.FH..EBB..CC.G.DDD.G. 2353 293,299,224,60,173,362,463,339,120,20
07 ..E.....EF.GAAEF.G.BB....CC...DDD... 5068 1338,697,692,375,726,742,399,99
14 ........E.GHAAE.GH..EBBI.CCF.IDDDF.I 4484 511,256,512,55,7,21,61,155,392,686,806,633,304,79,6
10 ........EFGIAAEFGI..EBB..CC.H.DDD.H. 7224 1006,525,403,150,414,924,1387,1348,785,245,37
11 ........EF..AAEF....EGBB.CCG.H.DDD.H 2455 714,223,231,130,283,383,295,113,36,28,17,2
15 ........EFHIAAEFHI..EBBJ.CCG.JDDDG.J 2317 299,93,186,14,2,6,20,50,140,295,421,407,261,101,20,2
13 ........EFHJAAEFHJ..EGBB.CCGI..DDDI. 4666 692,226,179,90,235,524,808,821,563,304,148,57,17,2
07 ....F.....FGAA..FGBB.....E.CC..EDDD. 5725 132,384,1012,1570,1393,748,354,132
09 ....G.....GIAA..HI.EBBH..E.FCCDDDF.. 14451 1506,2220,4862,3921,1518,344,43,25,8,4
09 ....G.....GH..AAGHBB.F...E.FCC.EDDD. 12593 426,648,1902,2912,2835,1904,1083,603,258,22
13 ...FH....FHIAA.GHI.E.GBB.ECC...DDD.. 5100 276,264,854,1234,982,562,328,225,136,70,51,54,44,20
09 .........F..AA.F.....FBB.ECC.G.EDDDG 3716 1252,128,220,524,692,420,236,172,68,4
17 .........FGHAA.FGHBB.FG..ECC...EDDD. 5660 276,72,264,468,1026,1228,780,275,40,5,8,36,92,166,264,322,250,88
10 ....G.....GH.AA.GH.BB....EFCC..EFDDD 10015 312,588,1298,1964,2002,1451,1029,703,435,205,28
08 .........F.HAA.F.H...FBBCCDDG...EEG. 6182 288,72,318,762,1448,1898,1130,250,16
10 ....H...F.HJAAF.IJ.EBBI..E.GCCDDDG.. 27276 4010,3792,7052,6335,3707,1459,571,257,80,11,2
09 ........FG.IAAFG.I...GBBCCDDH...EEH. 13511 887,150,601,1379,2640,3628,2852,1142,212,20
11 ....H....GHI.AAGHI.BB....EFCC..EFDDD 24001 1050,1032,2500,3878,4343,3748,2930,2142,1425,716,201,36
10 ..F.....FHI.AAGHI...GHBB.CCDDJ.EE..J 5687 480,76,270,571,1039,1355,1151,553,149,36,7
08 ........F..HAAF..H..FBB.CCDDG..EE.G. 4552 508,598,803,547,798,783,410,99,6
09 ........FG.IAAFG.I..FBB.CCDDH..EE.H. 11605 1452,763,1258,1179,1911,2334,1788,760,152,8
14 ...GI...FGIJAAFHIJ.E.HBB.ECC...DDD.. 10352 726,444,1178,1832,1857,1372,925,667,477,276,159,147,150,108,34
09 ..FG....FGIJAAFHIJ.BBH...CCDD..EE... 4877 480,165,401,457,764,989,917,534,154,16
09 ....H.....H.AA..I.EFBBI.EFGCC.DDG... 12986 2512,4478,3754,1418,228,132,176,188,92,8
11 ........FGH.AAFGH...FGBB.CCDDI.EE..I 6227 576,52,135,222,525,1013,1454,1379,688,157,23,3
10 ........FG..AAFG.....GBB.ECC.H.EDDDH 9598 3879,254,401,843,1397,1244,742,454,277,96,11
10 ....HJ....HJAA..IJEFBBI.EFGCC.DDG... 37605 1846,3326,12931,11701,4776,1234,419,447,486,344,95
19 .........GHI.AAGHIBBFGH..EFCC..EDDD. 12094 702,126,372,696,1530,2152,1902,1173,499,145,31,52,160,321,489,614,598,388,131,13
09 ......E...H.EAA.H..FBBH..FGCC.DDG... 12010 590,1087,1573,2684,2206,1272,824,888,706,180
16 ..F.....F.HJAAG.HJBBG.I..ECCI..EDDD. 1982 202,296,456,298,171,82,83,108,59,38,45,49,43,28,14,7,3
16 ..F.....F..IAAG.HIBBG.H..ECCH..EDDD. 3188 60,84,140,164,186,220,238,275,328,266,239,304,313,230,110,28,3
17 ..F.....FHIKAAGHIKBBG.J..ECCJ..EDDD. 5990 798,608,1040,949,739,457,263,267,226,81,59,99,135,125,82,39,17,6
10 .....IE...HIEAA.HI.FBBH..FGCC.DDG... 34649 590,1087,4834,6184,7875,5383,2833,1929,1993,1539,402
17 ..F.....FH.JAAGHIJBBG.I..ECCI..EDDD. 8495 252,192,362,483,577,643,656,655,751,709,540,537,639,661,511,252,69,6
12 ........FH.IAAFH.IBBGH...EGCC..EDDD. 4818 2052,100,145,261,504,636,484,277,152,106,69,28,4
26 ........FHIJAAFHIJBBGHI..EGCC..EDDD. 4788 192,36,84,151,314,428,474,393,375,423,283,162,105,35,11,10,38,96,155,178,175,179,186,163,102,36,4
14 ........F..HAAF..H.EFBBI.ECCGIDDD.GI 3331 445,445,890,125,15,31,62,117,254,351,331,190,65,8,2
15 ........FG.IAAFG.I.EFBBJ.ECCHJDDD.HJ 7402 1286,647,1294,153,19,39,100,215,507,860,995,781,385,107,12,2
09 ......EF...IEFAA.I..GBBI..GHCC.DDH.. 64081 5891,5480,18045,15402,8945,4672,2631,1854,977,184
10 ....H....FHIAA.FHI...GBBE..GCCEDDD.. 10706 399,438,1570,2524,2273,1479,952,685,332,45,9
07 ...F.....F.GAA.F.GBB....E.CC..EDDD.. 6496 1653,197,405,1095,1544,1042,464,96
09 ....G.....GIAA.FHIBB.FH.E..FCCEDDD.. 12994 1362,276,882,1901,3044,2846,1725,756,190,12
09 ....G....FGHAA.FGH...FBBE.CC..EDDD.. 11497 405,114,463,918,2158,2952,2520,1457,462,48
09 ....G.E...GHEAA.GH..FBB...FCC...DDD. 15281 426,924,2230,3588,3569,2132,1100,702,442,168
10 ....I....HI.AA.HJ.EFBBJ.EFGCC.DDG... 31776 8068,7540,7547,4544,1936,750,515,481,307,76,12
11 ....IK...HIKAA.HJKEFBBJ.EFGCC.DDG... 84437 5563,5324,21663,22974,14729,7267,2859,1472,1191,910,406,79
10 ......E..HI.EAAHI..FBBI..FGCC.DDG... 28945 1930,1879,3043,4439,4823,4200,3169,2577,1907,872,106
10 ....H.E..GHIEAAGHI..FBB...FCC...DDD. 38718 1443,1590,4318,7262,8401,6822,4356,2433,1317,620,156
12 ....I.E..GIJEAAGIJ..FHBB..FHCC.DDD.. 18859 984,666,1992,3337,3502,2714,1982,1549,1087,601,303,118,24
11 .....JE..HIJEAAHIJ.FBBI..FGCC.DDG... 78495 1930,1879,8680,12110,14249,12908,9539,6455,5080,3772,1682,211
09 ...G.....G.H.AAG.HBBF...E.FCC.EDDD.. 14326 4835,348,644,1561,2518,2236,1355,635,178,16
12 ....H.....HJAA.GIJEBBGI.E.FGCC..FDDD 22816 3497,456,1200,2551,4299,4476,3188,1807,827,342,140,31,2
11 ....H.E..GHIEAAGHI..FGBB..FCC..DDD.. 20797 975,180,600,1214,2815,4124,4103,3173,1972,1089,474,78
16 ..F.....F.HJAAG.HJBBG.I.ECC.I.EDDD.. 2381 206,329,542,346,171,82,83,126,112,82,45,52,55,46,42,38,24
10 ......EF..IJEFAAIJ..GBBJ..GHCC.DDH.. 159468 11454,10804,39532,37830,28169,16656,8196,4154,2100,544,29
16 ..F.....F..IAAG.HIBBG.H.ECC.H.EDDD.. 3995 60,90,162,191,204,241,277,327,388,391,364,366,387,281,173,75,18
17 ..F.....FHIKAAGHIKBBG.J.ECC.J.EDDD.. 7353 814,676,1266,1185,819,457,263,285,321,220,137,127,149,159,154,142,119,60
17 ..F.....FH.JAAGHIJBBG.I.ECC.I.EDDD.. 10933 252,207,429,587,667,712,748,771,899,968,877,824,849,808,660,422,208,45
20 ..F.....FHJKAAGHJKBBGI.LECCI.LEDDD.L 2426 298,143,414,401,355,251,147,83,54,28,12,11,10,14,21,33,46,46,36,16,7
19 ..F.....FHJLAAGHJLBBGIK.ECCIK.EDDD.. 4900 658,347,752,933,733,369,127,84,123,125,104,66,58,73,83,81,78,63,31,12
19 ..F.....FH.KAAGHJKBBGIJ.ECCIJ.EDDD.. 4377 228,117,285,474,543,473,361,252,220,240,218,160,116,116,146,162,136,84,37,9
12 ........FH.IAAFH.IBBGH..E.GCC.EDDD.. 5948 2246,112,184,378,663,796,627,385,210,139,131,69,8
19 ..F.....F.IJAAGHIJBBGH.KECCH.KEDDD.K 2836 284,39,121,174,291,311,259,186,138,141,115,98,84,93,111,126,125,88,45,7
19 ..F.....F.IKAAGHIKBBGHJ.ECCHJ.EDDD.. 4401 608,78,178,357,584,613,486,285,178,169,124,88,73,86,104,111,104,96,67,12
18 ..F.....F..JAAGHIJBBGHI.ECCHI.EDDD.. 6366 192,39,104,199,410,500,519,452,439,536,487,413,419,481,481,386,215,85,9
14 ........F..HAAF..HE.FBBIECC.GIDDD.GI 4347 559,559,1118,151,15,38,70,130,309,463,479,310,128,14,4
15 ........F.HIAAF.HIE.FBBJECCG.JDDDG.J 9866 1643,816,1632,191,19,48,120,240,583,1069,1352,1185,691,242,29,6
17 ...HJ.E..HJ.EAAIJ.BBGI...FGCC..FDD.. 15227 1292,792,1408,1565,1325,1313,1242,1066,846,749,760,778,740,578,450,250,65,8
14 ...G.....G..AAFH....FHBBE.FCCIEDDD.I 5948 2319,697,686,223,422,563,483,246,143,76,37,16,21,14,2
19 ...HJ.E..HJ.EAAIJKBBGI.K.FGCCK.FDD.. 37199 1292,792,3784,5550,5256,3830,3138,2526,1944,1451,1201,1159,1086,1034,962,932,771,391,92,8
19 ......E..HI.EAAHI.BBGHI..FGCC..FDD.. 13588 1241,247,509,682,1323,1743,1559,1018,583,356,205,316,639,911,950,765,406,117,16,2
21 ......E..HIJEAAHIJBBGHIJ.FGCC..FDD.. 34841 1241,247,1250,2209,3048,4687,4976,3599,1928,1030,591,249,322,667,1203,1902,2304,1974,1061,306,41,6
14 ...GI....GIJAA.HIJ.F.HBBEFCC..EDDD.. 14091 840,732,2207,3083,2499,1563,1004,731,504,279,184,183,162,100,20
10 .........G..AA.G.....GBBEFCC.HEFDDDH 12679 4948,361,549,1203,1832,1546,1108,718,330,80,4
16 ..G.....G.I.AAH.I.BBH.J.EFCCJ.EFDD.. 3308 750,1030,504,108,54,16,66,84,132,160,146,116,68,31,21,19,3
20 ...HJ.E..HJKEAAIJKBBGI.L.FGCCL.FDD.. 42574 2584,1584,5984,8523,7678,5142,3242,1864,1082,677,474,399,308,294,384,482,573,701,466,121,12
17 ..G..K..G.IKAAH.IKBBH.J.EFCCJ.EFDD.. 8510 477,668,2368,1732,578,184,77,160,238,323,395,392,349,261,142,85,69,12
16 ..G.....G...AAH.I.BBH.I.EFCCI.EFDD.. 4576 102,153,163,104,116,282,216,202,328,628,852,738,452,164,56,18,2
11 ..G.....GIJ.AAHIJ...HIBB.CCDDKEEFF.K 5239 472,45,158,374,802,1208,1200,722,199,44,13,2
18 .........GHIAA.GHIBB.GH.EFCC..EFDDD. 16774 909,180,606,984,2158,2952,2520,1497,512,66,24,108,294,558,872,1074,921,451,88
17 ..G..J..G..JAAH.IJBBH.I.EFCCI.EFDD.. 11600 102,153,622,559,353,427,769,592,564,855,1461,1851,1602,1032,433,165,54,6
12 ........GHI.AAGHI...GHBB.CCDDJ.EEFFJ 6521 650,32,77,120,340,816,1419,1628,1040,333,57,8,1
13 .....K..G.JKAAG.JL.FHBBLEFHICCEDDI.. 82341 13664,10321,24130,15485,10165,5340,2079,580,345,142,62,21,6,1
17 ..G.....GIJ.AAHIJ.BBH.K.EFCCK.EFDD.. 9626 2763,2205,1370,620,281,126,111,229,260,301,272,323,327,206,105,71,50,6
11 ....H.E...HIEAA.HI.BB....FGCC..FGDDD 32368 1050,1887,3904,6046,6371,4529,3075,2248,1630,1113,447,68
18 ..G..L..GIJLAAHIJLBBH.K.EFCCK.EFDD.. 22665 1606,1335,4941,4149,2479,1339,584,355,528,641,691,701,772,843,745,464,285,183,24
17 ..G.....GI..AAHIJ.BBH.J.EFCCJ.EFDD.. 12221 434,381,462,355,368,568,643,616,707,1068,1471,1563,1776,1129,459,171,46,4
18 ..G..K..GI.KAAHIJKBBH.J.EFCCJ.EFDD.. 29036 434,381,1605,1673,1229,1240,1620,1629,1496,1699,2333,2981,3093,3423,2398,1163,491,136,12
20 ...I....GI..AAGJ.KBBHJ.KEFHCCKEFDD.. 13351 934,447,1463,768,655,557,492,332,290,450,718,1095,1435,1323,959,661,391,214,122,41,4
21 ...I....GIKLAAGJKLBBHJ.MEFHCCMEFDD.. 34524 7327,3438,7778,4207,2479,979,360,366,524,607,742,825,862,800,792,698,550,428,346,283,121,12
19 ..GI....GIK.AAHJK.BBHJL.EFCCL.EFDD.. 6869 2319,1175,954,715,310,93,24,68,97,134,125,118,99,124,147,154,123,62,24,4
22 ..GI....GIK.AAHJKMBBHJLMEFCCLMEFDD.. 14715 1204,667,2617,2666,2289,1349,645,235,164,194,249,251,230,215,220,263,333,361,285,178,65,27,8
19 ..GI....GI..AAHJK.BBHJK.EFCCK.EFDD.. 7352 432,228,325,343,299,296,346,330,281,322,412,499,615,632,750,584,358,205,84,11
21 ..GI....GI..AAHJKLBBHJKLEFCCKLEFDD.. 15658 432,228,1009,1284,1195,943,838,828,710,568,594,706,790,920,956,1101,961,715,494,277,95,14
12 .....J..G..JAAG..K.FHBBKEFHICCEDDI.. 40320 9295,6781,13865,5613,2655,1049,404,324,208,85,32,8,1
21 ........GI.JAAGI.JBBHI.JEFHCC.EFDD.. 10690 1610,89,313,187,221,270,446,512,557,592,627,568,632,536,490,611,714,749,603,293,64,6
12 ....I.E..HIJEAAHIJ.BB....FGCC..FGDDD 69710 3324,3069,6873,10514,11934,10256,8078,6334,4700,2864,1277,399,88
21 ........GIJ.AAGIJ.BBHIJ.EFHCC.EFDD.. 6307 314,87,139,174,187,197,316,351,357,351,367,325,348,364,443,555,565,447,274,116,28,2
23 ........GIJKAAGIJKBBHIJKEFHCC.EFDD.. 14258 314,87,400,591,678,669,671,892,810,787,741,709,573,612,572,615,741,868,975,938,647,285,77,6
15 ...HJ...GHJKAAGIJK.F.IBBEFCC..EDDD.. 24911 2052,1182,2831,3962,3764,2822,2062,1631,1301,923,640,564,511,404,214,48
11 ........GH..AAGH.....HBBEFCC.IEFDDDI 30930 14958,715,966,1775,3086,3224,2613,1905,1099,451,123,15
17 ........G.H.AAG.H.BBG.H.EFCC..EFDD.. 3136 319,326,24,21,80,168,196,130,118,168,216,270,293,286,270,183,65,3
20 ...I....GI.KAAGJ.KBBHJ.LEFHCCLEFDD.. 13342 3804,1596,3149,896,397,147,102,182,196,275,358,444,461,395,302,213,145,114,107,53,6
18 .....I..G.HIAAG.HIBBG.H.EFCC..EFDD.. 8280 319,326,1002,93,129,340,546,519,312,273,336,426,557,694,816,841,556,186,9
11 .......FG..IEFGAAIE.GBBI...HCC.DDH.. 28170 3587,1966,6058,4624,3265,3062,2578,1502,762,540,200,26
21 ...I....GIK.AAGJKLBBHJ.LEFHCCLEFDD.. 31984 2138,1114,3916,2784,2394,1656,1159,771,686,897,1321,1810,2255,2252,1962,1772,1291,869,539,298,92,8
20 ......E..HIJEAAHIJBBGHI..FGCC..FDDD. 31498 2148,303,799,1292,2815,4124,4103,3213,2028,1129,526,226,438,937,1503,1878,1830,1306,659,212,29
22 ..GI....GIKMAAHJKMBBHJLNEFCCLNEFDD.. 21145 3523,1842,4905,4173,2808,1152,310,82,146,149,170,154,153,138,170,215,263,267,222,172,83,36,12
17 ..G.....G.IKAAH.IKBBH.J.EFCCJ.EFDDD. 4156 424,603,868,438,171,82,83,144,165,200,227,225,198,143,89,59,34,3
17 ..G.....G..JAAH.IJBBH.I.EFCCI.EFDDD. 8780 120,162,246,245,240,283,346,418,512,555,749,1117,1412,1291,753,273,55,3
16 ..G..J..G.IJAAG.IK.FBB.KEF.HCCEDDH.. 81978 18862,10308,20259,5377,6300,7707,6851,4052,1492,467,210,48,13,13,11,6,2
22 ..GI....GI.LAAHJKLBBHJKMEFCCKMEFDD.. 15133 864,456,1562,1952,1782,1359,1152,913,609,401,353,358,353,373,394,429,456,407,327,265,225,122,21
16 ..G..J.FG..J.FHAAKBBHI.KE..ICCEDDI.. 11187 5585,391,804,491,524,431,337,369,440,445,396,361,296,182,100,33,2
18 ........GHI.AAGHI.BBG.I.EFCC..EFDD.. 8936 1068,581,78,79,202,415,603,551,349,314,388,520,834,850,828,725,422,123,6
18 ..G.....GIJLAAHIJLBBH.K.EFCCK.EFDDD. 11433 1652,1214,1898,1361,819,457,263,303,380,357,349,395,510,525,406,278,177,83,6
19 .....J..GHIJAAGHIJBBG.I.EFCC..EFDD.. 22088 1068,581,1821,313,415,888,1464,1712,1287,706,587,685,954,1574,1929,2299,2181,1254,352,18
18 ..G.....GI.KAAHIJKBBH.J.EFCCJ.EFDDD. 20789 504,369,627,707,739,778,835,868,1033,1166,1322,1709,2367,2861,2541,1573,648,136,6
22 ........GIJKAAGIJKBBHI.KEFHCC.EFDD.. 26325 2595,263,989,826,933,976,1212,1407,1406,1440,1390,1281,1205,1148,1068,1278,1542,1715,1694,1241,565,139,12
13 ........GI.JAAGI.JBBHI..EFHCC.EFDDD. 14538 7535,268,328,484,937,1260,1188,920,643,437,324,170,40,4
28 ........GIJKAAGIJKBBHIJ.EFHCC.EFDDD. 10617 384,69,142,211,410,500,519,452,439,538,493,421,425,490,497,409,271,258,360,497,566,577,558,463,331,203,98,32,4
21 ...H..E..HJ.EAAIJ.BBGIJ..FGCC..FGDD. 5257 738,255,60,82,150,263,320,311,268,195,144,129,192,259,357,333,320,348,314,173,42,4
23 ...H..E..HJ.EAAIJKBBGIJK.FGCCK.FGDD. 11644 738,255,825,262,386,659,943,935,710,500,327,209,171,231,311,430,441,561,793,886,691,314,62,4
22 ......E..H.IEAAH.IBBGH.I.FGCC..FGDD. 8910 2038,85,267,51,95,267,453,464,305,207,227,296,460,558,536,586,516,477,453,363,145,51,10
15 ..G..I..G..IAAG..J.FBB.JEF.HCCEDDH.. 38246 10806,5853,11066,2715,2735,2664,1468,446,176,173,103,24,7,5,4,1
22 ......E..HI.EAAHI.BBGHI..FGCC..FGDD. 5152 704,85,33,51,81,216,358,351,228,139,95,85,143,246,364,503,516,386,268,189,88,21,2
24 ......E..HIJEAAHIJBBGHIJ.FGCC..FGDD. 12108 704,85,288,150,234,423,858,1123,868,421,225,145,126,249,439,701,1013,1027,826,723,698,498,223,55,6
06 .....F.....FAA...F....BB....CC..DDEE 1704 48,192,576,528,300,56,4
06 ....F.....F.AA..F....BB....CC..DDEE. 927 9,36,81,216,363,186,36
07 ....FG....FGAA..FG...BB....CC..DDEE. 2826 9,36,189,351,723,1032,423,63
08 .....G.....G..AA.G...FBB...FCC..DDEE 3844 132,240,864,1056,888,486,134,42,2
08 ....G.....G...AAG....FBB...FCC.DDEE. 2474 28,52,147,378,757,690,337,78,7
07 .........F..AA.F.....FBB..CC.GDDDEEG 1442 282,52,138,306,404,204,52,4
09 ....GH....GH..AAGH...FBB...FCC.DDEE. 7307 28,52,303,675,1361,2272,1793,692,121,10
10 .....H...F.HAA.F.H...GBB...GCCDDEE.. 1744 48,48,192,264,336,344,200,176,104,16,16
11 ....H....FH.AA.FH....GBB...GCC.DDEE. 1368 14,16,52,124,268,322,232,158,130,35,14,3
12 ....HI...FHIAA.FHI...GBB...GCC.DDEE. 3786 14,16,100,244,476,864,950,588,272,201,44,14,3
09 .........FGHAA.FGH...FBB..CC.IDDEE.I 7055 521,64,272,648,1348,1856,1506,674,152,14
08 .........FG.AA.FG....FBB..CCH.DDEEH. 1230 152,32,96,216,348,268,98,18,2
07 .....G..F..GAAF..G....BB....CC..DDEE 3884 140,344,1104,1252,774,234,34,2
08 ........FG..AAFG.....GBB..CC.HDDDEEH 3310 826,93,237,501,779,590,226,52,6
08 ....G.....G..AA.G...FBB...FCC..DDEE. 1796 22,52,102,270,514,442,234,136,24
09 ....GH....GH.AA.GH..FBB...FCC..DDEE. 5285 22,52,258,459,956,1546,1141,524,285,42
09 .....H..F..H..FAAH...GBB...GCC..DDEE 8885 385,430,1584,2206,2100,1324,611,196,47,2
09 ....H....GH..AAGH...FBB...FCC..DDEE. 5169 71,78,187,501,1085,1310,1042,626,241,28
10 ....HI...GHI.AAGHI..FBB...FCC..DDEE. 14690 71,78,421,900,1912,3456,3659,2480,1249,425,39
12 .....I...G.I.AAG.I..FHBB..FHCCDDEE.. 4144 140,86,344,498,664,683,533,456,383,231,82,39,5
13 ....I....GI..AAGI...FHBB..FHCC.DDEE. 3072 38,26,71,184,421,599,552,415,359,253,106,37,10,1
14 ....IJ...GIJ.AAGIJ..FHBB..FHCC.DDEE. 8160 38,26,149,352,743,1427,1842,1525,897,600,377,135,38,10,1
24 ...H..E..HJKEAAIJKBBGIJL.FGCCL.FGDD. 13192 1476,510,1140,404,618,1049,1397,1212,728,365,175,81,63,81,106,148,233,415,642,772,710,527,272,62,6
11 .........GHI.AAGHI..FGBB..FCCJDDEE.J 15549 1500,120,480,1062,2219,3305,3268,2193,1021,319,58,4
07 ..F..H..F..HAAG..H..G.BB.CC.....DDEE 1820 68,128,420,590,412,158,40,4
10 ....H...F.H.AAF.H...GBB...GCC.DDEE.. 709 5,8,11,26,67,102,94,144,164,40,48
11 ....HI..F.HIAAF.HI..GBB...GCC.DDEE.. 1917 5,8,35,50,110,242,318,271,357,361,76,84
10 ........F..I..FAAI..GBBI..GHCC.DDHEE 4283 187,160,585,929,982,720,439,206,63,11,1
11 ....I...FHI.AAFHI...GBB...GCC.DDEE.. 2244 19,15,26,67,176,286,316,359,465,334,115,66
12 ....IJ..FHIJAAFHIJ..GBB...GCC.DDEE.. 5855 19,15,71,127,288,645,934,933,905,1005,636,184,93
14 .....J..FH.JAAFH.J..GIBB..GICC.DDEE. 2131 68,32,125,183,240,216,193,207,222,221,187,123,73,37,4
23 ......E..HIJEAAHIJBBGH.J.FGCC..FGDD. 23286 3989,255,815,219,369,826,1381,1529,1136,649,501,507,651,868,1136,1563,1638,1387,1241,1191,905,403,115,12
15 ....J...FHJ.AAFHJ...GIBB..GICC.DDEE. 1506 13,7,15,41,108,187,206,165,156,195,186,115,65,33,12,2
16 ....JK..FHJKAAFHJK..GIBB..GICC.DDEE. 3690 13,7,36,77,177,395,614,629,451,342,358,305,165,72,35,12,2
13 ........FHIJAAFHIJ..GHBB..GCCKDDEE.K 6458 663,50,186,358,665,905,919,822,767,647,346,103,23,4
07 ..F..G..F..GAAF..G.BB....CC....DD.EE 1780 88,100,312,390,363,301,180,46
08 ........F.G.AAF.G...FBB..CC.H.DDEEH. 605 107,113,18,36,91,126,90,20,4
09 .....I..F.GIAAF.GI..FBB..CC.H.DDEEH. 1733 60,63,198,142,165,254,375,330,138,8
10 .....H..F..H..FAAH..FBB....GCC.DDGEE 4106 242,125,402,516,651,729,748,483,174,32,4
09 ........FGH.AAFGH...FBB..CC.I.DDEEI. 1895 368,197,53,107,234,357,352,182,38,7
07 .....G....FGAA..FG....BB....CC..DDEE 4809 87,348,1296,1512,1074,425,64,3
10 .....J..FGHJAAFGHJ..FBB..CC.I.DDEEI. 5209 190,95,307,264,429,678,1051,1160,778,246,11
14 ..FG.I..FG.I..FAAI...HBB...HCC.DDEE. 1931 88,25,82,90,170,213,279,274,230,189,151,85,37,15,3
07 ..FG....FG..AAFG...BB....CC....DDEE. 1436 674,54,36,90,211,240,114,17
09 .....H....GH..AAGH...FBB...FCC..DDEE 11654 250,460,1974,2994,2938,1981,818,204,34,1
12 .........GHI.AAGHI..FGBB..FCCJDDFEEJ 7099 944,36,96,108,287,691,1230,1514,1242,660,233,52,6
10 ........FGH.AAFGH...FGBB.CC.I.DDEEI. 1204 257,18,15,39,96,198,272,210,79,17,3
07 .....G.....GAA...GBB.....F..CC.FDDEE 3704 132,384,1152,1104,644,184,84,20
11 .....I...FHIAA.FHI...GBB...GCCDDEE.. 5692 104,112,520,880,1104,1160,820,484,336,130,30,12
08 ....GI....GIAA..HIBB..H..F.CC..FDDEE 4691 98,284,1206,1522,954,424,122,51,30
07 ....G.....G.AA..G.BB.....F.CC..FDDEE 1715 22,64,126,352,610,373,132,36
08 .........F.GAA.F.G...FBB..CC.HDDEE.H 2130 290,32,112,240,488,540,320,96,12
08 ....GH....GHAA..GHBB.....F.CC..FDDEE 5030 22,64,318,554,1172,1712,843,264,81
07 .........F..AA.F.....FBB..CCG.DDEEG. 2494 464,104,246,588,712,316,62,2
10 .........FGIAA.FGI...FBB..CCHJDDEEHJ 4735 231,32,160,408,836,1240,1110,546,144,26,2
09 .....H.....H..AA.HBB.G...F.GCC.FDDEE 6948 336,456,1536,1752,1400,744,388,204,118,14
08 .....H..F.GHAAF.GH....BB....CC..DDEE 9871 241,586,2232,2948,2388,1125,309,40,2
10 ....HJ....HJAA..IJ.FBBI..F.GCCDD.GEE 10051 276,380,1758,2722,2402,1492,614,219,112,64,12
09 ....H..F..H..FAAH....GBB...GCC.DDEE. 3852 64,88,206,544,1078,959,542,237,110,24
11 ..........HIAA..HI.FBBHI.F.GCC.DDGEE 10873 64,88,470,938,1924,3176,2417,1112,435,204,43,2
14 ...G.I...G.IAA.H.I...HBB.FCC...FDDEE 2444 96,72,264,312,408,400,264,224,152,84,48,58,30,28,4
14 ...GI....GI.AA.HI..F.HBB.FCC...DDEE. 1731 28,24,64,148,316,344,254,182,152,65,37,38,37,32,10
08 .........F.HAA.F.H...FBBCCDDG..EEEG. 4674 222,24,106,338,904,1510,1242,312,16
15 ...GIJ...GIJAA.HIJ.F.HBB.FCC...DDEE. 4539 28,24,136,292,560,1008,1012,642,316,235,99,52,50,43,32,10
07 .........G..AA.G..BB.G...FCC...FDDEE 1801 875,128,120,336,230,80,24,8
09 .....H.....H.AA..HBBG....FG.CC.FDDEE 8501 385,742,2316,2606,1612,548,194,74,20,4
09 ........FG.IAAFG.I...GBBCCDDH..EEEH. 9619 653,42,165,497,1384,2538,2660,1373,287,20
13 .....J...GIJ.AAGIJ..FHBB..FHCCDDEE.. 12768 298,198,894,1556,2158,2263,1893,1330,1000,694,328,120,31,5
10 ....HJ....HJAA..IJ.FBBI..FGCC.DDG.EE 7989 248,468,1881,2295,1628,759,332,183,120,55,20
09 ..........H..AA.H..FBBH..FGCC.DDGEE. 3112 52,98,151,415,790,682,419,295,166,44
11 ..F.....FHI.AAGHI...GHBB.CCDDJ.EEE.J 3206 290,14,46,123,332,634,812,635,249,58,11,2
10 .....I....HI.AA.HI.FBBH..FGCC.DDGEE. 8743 52,98,445,680,1445,2324,1708,926,633,346,86
09 ..FG....FGIJAAFHIJ.BBH...CCDD.EEE... 2844 290,75,144,96,237,467,652,593,250,40
10 .........G.H.AAG.H..FGBB..FCCIDDEE.I 4973 869,60,204,388,791,1034,872,513,195,43,4
10 .....I...H.I.AAH.IBBG....FG.CC.FDDEE 16246 980,880,2986,3788,3304,1946,1167,641,382,150,22
08 ..F..I..F.HIAAG.HI..G.BB.CC.....DDEE 3913 95,176,672,1074,1024,596,221,51,4
10 ........F.IJAAF.IJ..GBBJ..GHCC.DDHEE 10537 287,247,1021,1838,2398,2203,1528,747,227,38,3
11 ....IK...HIKAA.HJK.FBBJ..FGCC.DDG.EE 18568 720,648,2785,4137,4244,2979,1566,748,390,217,102,32
15 .....K..FHJKAAFHJK..GIBB..GICC.DDEE. 6039 135,71,307,537,783,780,675,542,525,534,485,352,192,92,27,2
10 .........HI..AAHI..FBBI..FGCC.DDGEE. 7700 158,140,253,683,1456,1660,1394,1021,651,246,38
12 ........FH.IAAFH.I..GHBB..GCCJDDEE.J 2305 445,25,81,125,213,264,276,292,291,199,71,19,4
12 ........G.IJAAG.IJ.FBBIJ.F.HCC.DDHEE 20725 158,140,673,1194,2545,4531,4514,3229,2024,1198,439,78,2
07 ........F...AAF.....FBB..CC.G.DDEEG. 1801 419,479,132,240,315,168,44,4
08 .....H..F..HAAF..H..FBB..CC.G.DDEEG. 3968 148,163,522,580,654,730,700,385,86
15 ...H.J..GH.JAAGI.J...IBB.FCC...FDDEE 5954 280,138,500,606,820,781,673,559,502,368,247,165,161,92,56,6
08 ........FG..AAFG....FBB..CC.H.DDEEH. 5188 1378,793,311,599,918,781,328,73,7
14 .....J...GIJ.AAGIJ..FHBB..FHCCDDFEE. 5594 187,57,191,212,431,619,874,932,776,556,407,231,84,31,6
15 ...HJ...GHJ.AAGIJ..F.IBB.FCC...DDEE. 3828 76,42,86,214,487,633,582,447,390,303,166,103,109,104,70,16
16 ...HJK..GHJKAAGIJK.F.IBB.FCC...DDEE. 9532 76,42,212,412,851,1628,1940,1601,959,649,466,236,131,133,110,70,16
11 .........G.H.AAG.H..FGBB..FCCIDDFEEI 2404 557,18,45,39,107,258,423,453,308,143,46,7
09 ........FG..AAFG....FGBB.CC.H.DDEEH. 3065 931,72,63,165,399,638,537,219,38,3
09 .........H...AAH..BBGH...FGCC..FDDEE 5188 2890,312,256,664,636,300,89,30,10,1
12 ........FGHJAAFGHJ..FGBB.CC.IKDDEEIK 4257 387,18,51,69,180,428,778,982,816,408,118,19,3
08 .....H....GHAA..GHBB.....F..CC.FDDEE 9421 230,668,2430,2794,2006,858,284,124,27
08 ..G..I..G..IAAH..I..H.BB.FCC...FDDEE 3971 187,292,921,1276,847,327,96,22,3
14 ..G.I...G.I.AAH.I...HBB..FCC...FDDEE 1140 10,14,14,32,82,118,108,160,188,108,104,100,68,32,2
15 ..G.IJ..G.IJAAH.IJ..HBB..FCC...FDDEE 2893 10,14,56,62,134,294,367,310,397,430,237,207,189,124,58,4
09 .........GH.AA.GH....GBBFCCDDIFEEE.I 11695 771,62,249,735,1952,3354,3058,1228,282,4
11 .......FG..J.FGAAJ..HBBJ..HICC.DDIEE 7836 476,346,1162,1705,1573,1032,689,449,262,115,25,2
10 .....I....HI..AAHIBB.G...F.GCC.FDDEE 18960 612,836,3334,4582,4282,2778,1384,646,359,136,11
11 ....HI....HIAA..HJ.FBB.J.F.GCC.DDGEE 12518 128,176,764,1656,2986,3531,2137,779,242,94,19,6
15 ..G.J...GIJ.AAHIJ...HBB..FCC...FDDEE 3174 38,26,32,79,209,314,338,383,499,422,208,230,177,158,58,3
16 ..G.JK..GIJKAAHIJK..HBB..FCC...FDDEE 7712 38,26,110,151,336,754,1019,994,963,1090,831,373,398,293,244,87,5
15 ...G.J...GIJAA.HIJ...HBB.FCC...FDDEE 7319 208,168,712,1048,1296,1312,948,576,420,238,112,104,83,58,32,4
18 ...I.K..GI.KAAGJ.K.FHJBB.FHCC..DDEE. 3189 136,54,191,234,306,237,237,258,272,267,240,192,154,152,114,80,50,14,1
18 ...IK...GIK.AAGJK..FHJBB.FHCC..DDEE. 1900 26,12,18,47,126,199,214,173,163,205,203,142,82,71,68,66,58,24,3
19 ...IKL..GIKLAAGJKL.FHJBB.FHCC..DDEE. 4301 26,12,54,89,201,452,650,651,469,353,372,334,215,98,89,79,71,59,24,3
07 ........G...AAG...BBG....FCC...FDDEE 2494 974,1082,78,204,118,30,7,1
09 .....H..G..HAAG..HBBG....FCC...FDDEE 3926 242,263,804,953,743,489,289,106,30,7
10 .....I....HI.AA.HIBBG....FG.CC.FDDEE 18922 633,1210,4364,5386,4209,1974,717,279,108,34,8
08 ........GH..AAGH..BBG....FCC...FDDEE 6109 3012,1671,216,437,486,216,53,16,2
11 .....I.FG..I.FGAAI..GBB....HCC.DDHEE 7591 616,311,965,1136,1132,1014,1036,738,367,185,81,10
10 ........GHI.AAGHI....HBBFCCDDJFEEE.J 20421 2177,108,368,982,2655,4804,5068,2932,1073,250,4
17 ..GH.J..GH.JAAGI.J.F.IBB.FCC...DDEE. 2823 176,48,151,138,239,241,339,325,263,208,166,129,108,90,79,61,46,16
09 ........GH..AAGH..BBGH...FCC...FDDEE 3065 1957,130,45,114,269,323,172,41,11,3
11 .....J...HIJ.AAHIJBBG....FG.CC.FDDEE 39878 1700,1528,5898,8376,8771,6340,3762,1900,973,486,128,16
07 ....G.....G.AA..G.BB....F..CC.FDDEE. 2873 28,97,207,568,969,650,282,72
08 ....GH....GHAA..GHBB....F..CC.FDDEE. 8564 28,97,498,905,1894,2772,1584,633,153
12 ....IJ..G.IJAAG.IK.FBB.K.F.HCC.DDHEE 23297 316,280,1066,2098,4064,5541,4651,2812,1477,722,216,48,6
16 ...H.K..GHJKAAGIJK...IBB.FCC...FDDEE 16441 596,318,1288,1874,2542,2505,2125,1492,1166,897,576,332,295,219,148,62,6
10 .........HI..AAHI.BBGH...FGCC..FDDEE 10052 3842,408,575,1252,1812,1306,551,194,84,26,2
09 ....H.....H...AAH.BB.G..F..GCCFDDEE. 7138 84,135,354,928,1861,1860,1207,541,153,15
10 ....HI....HI..AAHIBB.G..F..GCCFDDEE. 20507 84,135,759,1625,3317,5575,4885,2718,1098,285,26
09 ..G..J..G.IJAAH.IJ..H.BB.FCC...FDDEE 7232 243,377,1346,2031,1771,966,367,106,22,3
12 ....I....GI.AA.GI....HBBF..HCCFDDEE. 3631 39,38,113,267,579,721,613,514,445,181,100,18,3
11 ..G....FG.JK.FAAJK..HBBK..HICC.DDIEE 16370 680,497,1862,2978,3437,2858,2018,1182,570,230,54,4
13 ....IJ...GIJAA.GIJ...HBBF..HCCFDDEE. 9647 39,38,227,525,1023,1869,2141,1595,1012,759,261,137,18,3
19 ...I.L..GIKLAAGJKL.FHJBB.FHCC..DDEE. 7932 270,120,464,669,939,840,738,608,586,590,559,450,306,236,203,150,124,64,15,1
10 .....I..G.HIAAG.HIBBG....FCC...FDDEE 7306 387,412,1283,1303,1158,1006,926,557,190,67,17
10 ....HJ....HJAA..IJFBB.I.F.GCC.DDG.EE 12378 314,681,2825,3659,2693,1316,486,182,132,80,10
09 ....H.....H..AA.H.BBG...F.GCC.FDDEE. 4810 64,138,238,646,1190,1018,660,436,324,96
10 ....HI....HI.AA.HIBBG...F.GCC.FDDEE. 13754 64,138,652,1061,2231,3521,2641,1565,992,703,186
18 ..GH.K..GHJKAAGIJK.F.IBB.FCC...DDEE. 7091 374,110,352,314,575,665,946,983,813,580,428,284,164,115,106,100,102,64,16
09 ......F....IF.AA.I..GBBI..GHCC.DDHEE 24311 1249,1262,4432,5892,5474,3473,1667,653,197,12
11 ....IK...HIKAA.HJKFBB.J.F.GCC.DDG.EE 30709 933,949,4298,6976,7427,5403,2772,1083,476,249,122,21
10 ....I....HI..AAHI.BBG...F.GCC.FDDEE. 12726 198,198,413,1102,2331,2722,2298,1637,1091,612,124
11 ....IJ...HIJ.AAHIJBBG...F.GCC.FDDEE. 34887 198,198,1007,1946,4092,7259,7502,5540,3529,2229,1178,209
13 .....JF..H.JFAAH.J..GIBB..GICCDDEE.. 9943 389,208,784,1034,1429,1543,1183,1115,991,648,364,207,38,10
12 .....K...HJKAA.HJLFBBI.LF.GICCDDGEE. 28915 3032,1952,6326,6903,5136,2411,1125,969,577,289,152,41,2
13 ....JL...HJLAA.HKLFBBIK.F.GICCDDG.EE 15539 427,268,1301,2447,3284,3204,2351,1113,546,322,151,83,34,8
14 ....J.F..HJ.FAAHJ...GIBB..GICC.DDEE. 6894 98,60,141,350,793,1089,1044,916,866,679,474,269,89,23,3
15 ....JKF..HJKFAAHJK..GIBB..GICC.DDEE. 17386 98,60,321,677,1387,2647,3330,2876,2039,1602,1125,714,379,105,23,3
12 ......F..HIJFAAHIJ..GHBB..GCCKDDEE.K 34988 4737,296,1084,2170,4572,6920,6894,4624,2247,962,375,99,8
11 ....I.....I.AA.HJ.FBBHJ.F.GHCCDDGEE. 5904 1259,148,328,722,1214,1144,665,247,108,53,15,1
14 ..G.I...G.I.AAH.I...HBB.FCC...FDDEE. 1457 10,15,17,38,97,134,134,176,212,208,120,168,60,56,12
15 ..G.IJ..G.IJAAH.IJ..HBB.FCC...FDDEE. 3688 10,15,62,74,158,346,422,385,437,507,471,244,314,115,104,24
16 ..G.J...G.J.AAH.J...HBB.FCCI..FDDIEE 4188 38,28,40,97,254,372,410,447,561,584,411,342,292,170,118,23,1
18 ..G.J...G.JKAAH.JK..HBBKFCCI..FDDIEE 10104 38,28,124,187,408,911,1216,1204,1124,1245,1222,810,607,480,277,181,37,3,2
19 ..G.....GI.KAAHI.KF.HBBKFCCJ...DDJEE 4040 146,63,230,294,363,308,267,295,323,313,301,290,261,239,178,86,48,21,10,4
10 ......F...IJF.AAIJ..GBBJ..GHCC.DDHEE 63077 2182,2211,8929,13623,14966,11468,6407,2526,702,61,2
19 ..G.K...GIK.AAHIK.F.HJBBFCCJ...DDEE. 2561 26,13,23,59,156,247,258,212,193,246,272,223,163,141,124,94,59,30,18,4
21 ..G.K...GIKLAAHIKLF.HBBLFCCJ...DDJEE 5699 26,13,62,113,249,557,806,787,576,419,453,475,373,240,177,146,101,62,30,20,10,4
17 ..G.....GIJKAAHIJKF.HIBBFCC..LDDEE.L 10664 1703,100,336,536,916,1158,1071,898,870,881,740,511,368,269,167,90,41,9
07 ........G...AAG...BBG...FCC...FDDEE. 2998 1142,1280,78,216,172,74,30,6
09 .....H..G..HAAG..HBBG...FCC...FDD.EE 4862 292,319,972,1145,904,564,371,191,84,20
06 ....E.....EFAA..EF...BB..CCDD....... 663 9,36,105,141,192,153,27
08 ....F.....FH..AAGH..BBG..CCEDD...E.. 1211 60,92,257,299,217,174,95,15,2
08 ....F.....FG..AAFG..BB...CCEDD...E.. 1588 24,36,135,251,362,427,276,69,8
06 .........E..AA.E.....EBBCCDD.F.....F 504 60,24,76,116,160,62,6
08 ........GH..AAGH..BBG...FCC...FDDEE. 7503 3577,2001,264,450,581,369,168,77,16
07 ........EF..AAEF.....FBBCCDD.G.....G 1254 194,54,164,236,328,212,58,8
12 .....I..G..I..GAAIBBGH..F..HCCFDD.EE 9746 759,380,1180,1382,1389,1205,1265,1027,637,353,135,22,12
08 ..E.....EG..AAFG....FGBBCCDD.H.....H 698 124,31,88,117,156,121,46,12,3
07 ..EF....EF.HAAEG.H.BBG...CCDD....... 624 124,51,117,96,114,87,31,4
09 ........EF..AAEF....EFBB.CCDDG.....G 627 126,20,49,60,109,134,95,28,5,1
08 ....F.....FHAA..GHBB..G..ECCDD.E.... 904 57,160,285,171,117,80,10,16,8
08 ....F.....FGAA..FGBB.....ECCDD.E.... 1107 21,60,157,207,284,235,69,46,28
09 ....G..E..GI.EAAHI..BBH..CCFDD...F.. 1687 144,160,359,353,253,200,109,49,40,20
11 .....J...H.JAA.H.KFBBI.KF.GICCDDGEE. 9285 1565,972,2631,1773,976,375,375,345,167,82,23,1
09 ....G..E..GH.EAAGH..BB...CCFDD...F.. 2250 54,60,187,317,454,509,326,157,122,64
09 ....G...F.GIAAF.HIBB..H..ECCDD.E.... 1505 141,244,373,251,179,148,82,54,27,6
09 ....G...F.GHAAF.GHBB.....ECCDD.E.... 1941 48,87,187,251,366,405,283,192,98,24
11 ........GH..AAGH..BBGI..FCCI..FDDEE. 3900 2051,721,160,225,293,200,94,64,54,28,8,2
10 ....H...FGHJAAFGIJBB..I..ECCDD.E.... 3072 360,244,447,489,449,386,326,216,99,44,12
10 ....H...FGHIAAFGHIBB.....ECCDD.E.... 4371 126,87,217,382,613,843,890,673,348,152,40
23 ........GH..AAGH.JBBGI.JFCCI.JFDDEE. 3878 231,61,192,174,293,296,358,330,283,208,173,154,146,128,116,113,107,120,132,120,88,39,13,3
24 ........GHJKAAGHJKBBGI.LFCCI.LFDDEE. 10268 1796,570,1266,455,749,1100,1117,698,297,149,101,66,43,16,31,41,77,149,259,360,368,309,175,63,13
08 ....F.....FHAA..GHBB..G.ECCDD.E..... 1375 63,212,401,249,171,154,78,41,6
14 .....KF..HJKFAAHJK..GIBB..GICCDDEE.. 28628 816,476,2021,3199,4428,4776,3964,2921,2398,1750,1003,601,217,48,10
10 ........GH..AAGH..BBGH..FCC...FDDEE. 3841 2341,162,63,142,289,367,258,123,64,27,5
08 ....F.....FGAA..FGBB....ECCDD.E..... 1877 24,81,225,301,412,413,255,136,30
09 ....G....FGIAA.FHIBB..H.ECCDD.E..... 2878 162,212,537,581,417,372,293,174,102,28
09 ....G....FGHAA.FGHBB....ECCDD.E..... 4284 63,81,279,499,720,917,806,519,304,96
20 ........GHIJAAGHIJBBGH..FCC..KFDDEEK 12933 2879,88,210,140,323,721,1242,1518,1265,718,316,148,164,315,538,722,731,525,260,92,18
09 ....G...F.GIAAF.HIBB..H.ECCDD.E..... 2099 153,302,493,329,233,222,158,125,72,12
09 ....G...F.GHAAF.GHBB....ECCDD.E..... 3037 54,111,257,345,494,583,485,402,246,60
10 ....H...FGHJAAFGIJBB..I.ECCDD.E..... 4630 396,302,629,717,613,558,518,407,296,158,36
10 ....H...FGHIAAFGHIBB....ECCDD.E..... 7401 144,111,311,564,879,1251,1386,1195,904,520,136
11 ......F..H.IFAAH.I..GHBB..GCCJDDEE.J 12015 2859,148,460,792,1684,2238,1898,1127,522,215,64,8
09 ....G.....GIAA..HIBB..H.EFCCDDEF.... 2482 159,404,687,399,270,256,148,99,48,12
09 ....G.....GHAA..GHBB....EFCCDDEF.... 3475 57,147,368,485,670,707,497,330,166,48
10 ....H..F..HJ.FAAIJBB.GI.ECCGDDE..... 4375 396,404,823,731,516,474,373,276,224,122,36
10 ....H..F..HI.FAAHIBB.G..ECCGDDE..... 6658 144,147,422,683,978,1211,1068,819,666,400,120
08 ....H.....H.AA..H.BB....FG.CC.FGDDEE 5883 71,189,354,1022,1802,1385,744,280,36
10 ....H...G.HJAAG.IJBB..I.EFCCDDEF.... 3713 387,632,867,479,332,324,236,213,169,66,8
10 ....H...G.HIAAG.HIBB....EFCCDDEF.... 5241 126,216,426,529,752,877,743,684,580,268,40
09 ....HI....HIAA..HIBB....FG.CC.FGDDEE 16864 71,189,921,1573,3389,5082,3316,1638,604,81
11 ....I...GHIKAAGHJKBB..J.EFCCDDEF.... 6958 972,632,1003,867,712,660,606,543,491,332,124,16
11 ....I...GHIJAAGHIJBB....EFCCDDEF.... 10849 324,216,480,748,1137,1545,1664,1591,1512,1112,456,64
07 ....F.....FGAA..FG...BB..CCDD....EE. 3096 27,108,315,558,834,819,381,54
09 ....G.....GH..AAGH...FBB.CCFDD...EE. 7227 72,108,405,888,1486,1911,1560,666,122,9
20 ..G.....GIKLAAHIKLF.HBBLFCCJ...DDJEE 10207 286,139,561,861,1161,1064,867,674,674,710,707,661,562,459,357,220,126,69,31,14,4
07 .........F..AA.F.....FBBCCDD.G..EE.G 2332 288,72,228,420,688,488,136,12
16 ..G.....GI.JAAHI.JF.HIBBFCC..KDDEE.K 4330 1241,50,146,180,287,326,314,326,354,333,248,178,146,102,58,32,9
10 ....I..G..I..GAAI.BB.H..F..HCCFDDEE. 12211 198,249,540,1466,2904,2852,2040,1171,580,179,32
10 .....I..G.HIAAG.HIBBG...FCC...FDD.EE 9329 471,503,1564,1584,1401,1124,1113,842,451,224,52
08 ........FG..AAFG.....GBBCCDD.H..EE.H 5442 887,150,454,776,1294,1182,553,130,16
11 .....I..G..I..GAAJBBGH.JF..HCCFDDEE. 12086 2854,1473,2899,804,1046,1246,903,484,246,109,14,8
12 ..........IJAA..IJ.GBBIJFG.HCCFDDHEE 33454 198,249,1287,2461,5133,8524,7269,4506,2349,1087,326,63,2
09 ..F.....FH..AAGH....GHBB.CCDDI.EE..I 2543 480,76,213,324,512,509,293,100,29,7
12 ........G.IJAAG.IJ..GBBJFCCH..FDDHEE 21597 1298,642,2025,2065,2384,2499,3107,3090,2264,1313,692,202,16
23 ........GH.JAAGH.JBBGI.KFCCI.KFDDEE. 3709 934,291,625,152,245,328,252,114,58,44,47,49,39,12,21,21,36,63,96,102,94,59,22,5
08 ..FG....FG.IAAFH.I.BBH...CCDD..EE... 2312 480,165,350,255,377,382,228,67,8
10 ........FG..AAFG....FGBB.CCDDH.EE..H 2687 576,52,117,138,310,513,553,324,85,16,3
12 ........GHJ.AAGHJ.BBGI..FCCI..FDDEE. 6823 2659,922,315,482,682,685,417,227,177,145,80,26,6
24 ........GHJ.AAGHJKBBGI.KFCCI.KFDDEE. 9935 485,139,445,396,701,765,965,988,847,601,455,322,229,173,150,178,210,271,361,418,387,274,124,42,9
09 ....G.....GHAA..GHBB.....FCCDD.F.EE. 5034 63,180,471,816,1230,1233,639,214,132,56
15 ...HJ....HJ.AA.IJ..G.IBBFGCC..FDDEE. 4902 78,60,146,333,711,798,702,604,523,287,193,156,132,119,50,10
19 ........GH.IAAGH.IBBGH..FCC..JFDDEEJ 4958 1779,44,100,48,116,264,423,457,325,176,86,61,108,188,246,242,177,83,29,6
11 ........GHI.AAGHI.BBGH..FCC...FDDEE. 6981 3081,206,112,253,537,847,829,539,304,183,77,13
16 ...HJK...HJKAA.IJK.G.IBBFGCC..FDDEE. 12182 78,60,326,657,1254,2268,2361,1820,1184,881,451,292,209,156,125,50,10
10 ....H..F..HI.FAAHI...GBB.CCGDD...EE. 9935 162,180,561,1146,1882,2325,1838,936,486,305,114
10 ....H...G.HIAAG.HIBB.....FCCDD.F.EE. 8312 144,261,561,948,1520,1797,1409,872,520,232,48
11 ....I...GHIJAAGHIJBB.....FCCDD.F.EE. 18218 378,261,651,1341,2403,3438,3732,2999,1786,827,322,80
11 ....IK....IKAA..JKFGBBJ.FGHCC.DDH.EE 22977 805,1436,5593,6420,4490,2110,887,469,368,244,125,30
10 ......F...I.FAA.I..GBBI..GHCC.DDHEE. 9487 158,283,393,1118,2081,1859,1317,937,751,458,132
09 ....G.....GHAA..GHBB....FCCDD.F..EE. 8598 72,243,675,1188,1786,1971,1455,813,335,60
11 .....JF...IJFAA.IJ.GBBI..GHCC.DDHEE. 25885 158,283,1242,1765,3806,6027,4673,3040,2082,1612,939,258
10 ....H....GHIAA.GHIBB....FCCDD.F..EE. 18952 189,243,837,1782,2966,3969,3848,2691,1564,707,156
12 ....IJ....IJAA..IK.GBB.KFG.HCCFDDHEE 37588 396,498,2076,4369,7923,9651,6806,3570,1543,562,149,39,6
11 .....JF....JF.AA.JBBHI...GHICC.GDDEE 50796 3352,2854,9362,11630,9889,5812,3651,2175,1404,581,84,2
10 ....H...G.HIAAG.HIBB....FCCDD.F..EE. 13148 162,333,771,1320,2076,2535,2257,1719,1237,618,120
11 ....I...GHIJAAGHIJBB....FCCDD.F..EE. 30967 432,333,933,1977,3487,5082,5774,5080,3860,2581,1184,244
12 ....JL...IJLAA.IKLFGBBK.FGHCC.DDH.EE 47474 2220,1885,7759,10555,10172,6954,3698,1784,1049,766,435,155,42
11 ......F..IJ.FAAIJ..GBBJ..GHCC.DDHEE. 21281 456,384,613,1672,3474,3876,3448,2799,2275,1581,600,103
13 ........H.JKAAH.JK.GBBJKFG.ICCFDDIEE 55038 456,384,1765,2844,6048,10550,10357,8075,5856,4470,2972,1065,192,4
10 ....H.....HIAA..HIBB....FGCCDDFG.EE. 15472 171,441,1104,1905,2894,3293,2599,1643,928,398,96
11 ....I..G..IJ.GAAIJBB.H..FCCHDDF..EE. 28506 432,441,1266,2499,4074,5291,5042,3799,2767,1823,864,208
16 ...IK...HIK.AAHJK..G.JBBFGCC..FDDEE. 9348 196,101,180,428,961,1190,1155,1030,968,822,641,538,393,365,252,106,22
17 ...IKL..HIKLAAHJKL.G.JBBFGCC..FDDEE. 21695 196,101,483,833,1666,3160,3625,3163,2269,1768,1374,989,783,494,403,260,106,22
10 ......F..I..FAAI..BBHI...GHCC..GDDEE 17028 10847,1008,632,1712,1649,817,254,80,23,5,1
11 ....I...H.IJAAH.IJBB....FGCCDDFG.EE. 22090 378,648,1278,2037,3184,3857,3433,2729,2304,1568,594,80
12 .....KF...JKF.AAJKBBHI...GHICC.GDDEE 114907 5572,4739,17637,23946,24148,17131,10537,5802,3274,1672,395,50,4
15 ..H.J...H.J.AAI.J..GIBB.FGCC..FDDEE. 2833 20,27,23,50,127,166,178,218,260,300,356,404,388,228,78,10
16 ..H.JK..H.JKAAI.JK.GIBB.FGCC..FDDEE. 6709 20,27,104,98,206,450,527,510,542,632,723,784,795,714,414,143,20
06 ...D.....DEFAA.DEF..BB...CCC........ 1467 192,88,230,357,366,198,36
12 ....J...HIJKAAHIJKBB....FGCCDDFG.EE. 44045 972,648,1440,2694,4595,6404,7000,6382,5627,4571,2692,892,128
13 ....JK..H.JKAAH.JL.GBB.LFG.ICCFDDIEE 59975 912,768,2762,5031,9512,12612,10642,7311,4737,3198,1819,559,104,8
08 ...E.....EGH.AAFGH.BBF....DCCC..D... 2934 505,327,618,675,493,225,69,18,4
08 ...E.....EFG.AAEFG.BB.....DCCC..D... 2927 505,123,287,506,647,516,249,78,16
06 ..D.....D.F.AAE.F...E.BBCCC..G.....G 520 46,70,145,119,79,58,3
07 ..D.....D.GHAAE.GH..EBB.CCCF.....F.. 1234 134,83,179,226,242,210,148,12
07 ........D..FAAD..F..DBB.CCC.E.....E. 746 80,89,102,68,121,172,102,12
08 ........DE.GAADE.G..DBB.CCC.F.....F. 2025 243,124,134,113,231,416,503,237,24
16 ..H.K...HJK.AAIJK..GIBB.FGCC..FDDEE. 7021 76,50,52,121,320,428,476,513,635,714,709,727,869,663,500,152,16
19 ..HJ.L..HJ.LAAIK.L.GIKBBFGCC..FDDEE. 7226 292,110,371,405,504,371,399,448,477,432,403,421,492,579,628,447,266,131,42,8
08 ...E.....EGHAA.FGHBB.F..DCCC..D..... 3631 571,536,955,747,396,215,133,66,12
08 ...E.....EFGAA.EFGBB....DCCC..D..... 4133 666,193,445,653,752,656,462,246,60
08 ........H...AAH...BBH...FGCC..FGDDEE 8823 3781,4099,126,336,284,130,52,14,1
10 ...F.....FHI.AAGHIBBEG..D.ECCCD..... 6251 1453,773,1196,1022,691,386,270,232,148,64,16
10 .....I..H..IAAH..IBBH...FGCC..FGDDEE 12654 852,907,2742,3235,2351,1221,716,389,181,53,7
10 ...F.....FGH.AAFGHBBE...D.ECCCD..... 7627 1725,280,534,802,1033,974,811,707,517,224,20
08 ....G.....GHAA..GH...BB..CCDD..EEFF. 3390 9,36,105,276,639,888,855,501,81
11 ......F..IJ.FAAIJ.BBHI...GHCC..GDDEE 29594 13815,1255,1466,3030,4451,3279,1470,531,218,66,11,2
08 ........E..GAAE..GD.EBB.DCCCF.....F. 2090 318,352,387,184,259,342,216,26,6
09 ........EF.HAAEF.HD.EBB.DCCCG.....G. 4837 905,445,479,319,521,798,888,425,49,8
10 ....H.....HI..AAHI...GBB.CCGDD.EEFF. 7799 24,36,135,386,951,1642,1978,1673,814,150,10
09 ........HI..AAHI..BBH...FGCC..FGDDEE 20466 11361,6107,408,680,892,587,271,124,34,2
13 .....J.GH..J.GHAAJBBHI..F..ICCFDD.EE 21630 2054,1026,3130,3619,3097,2122,2092,1763,1227,830,459,159,40,12
10 ..G.....GI..AAHI....HIBB.CCDDJEEFF.J 2359 472,45,125,231,432,512,364,132,33,11,2
11 ........GH..AAGH....GHBB.CCDDI.EEFFI 2854 650,32,68,78,219,471,636,479,177,36,7,1
10 ....H.....HIAA..HI.G.BB..GCCDD.EEFF. 5329 21,60,157,402,935,1314,1291,806,215,88,40
11 ....I..G..IJ.GAAIJ...HBB.CCHDD.EEFF. 10314 54,60,187,512,1247,2068,2418,2008,1046,408,222,84
06 .....F.....FAA...F....BB....CC.DDEEE 812 16,64,192,240,244,52,4
08 .....G.....G..AA.G...FBB...FCC.DDEEE 1696 44,80,288,432,488,266,76,20,2
11 ....I...H.IJAAH.IJ.G.BB..GCCDD.EEFF. 8401 48,87,187,446,1069,1669,1919,1597,855,362,126,36
07 .....G..F..GAAF..G....BB....CC.DDEEE 1836 44,104,336,476,554,268,52,2
09 .....H..F..H..FAAH...GBB...GCC.DDEEE 3871 121,130,480,788,1028,774,394,126,28,2
12 ....J...HIJKAAHIJK.G.BB..GCCDD.EEFF. 18160 126,87,217,577,1458,2664,3708,3968,3029,1536,534,200,56
07 ...E.....EFGAA.EFG..BB...CCC....DD.. 6116 760,212,577,1145,1588,1266,496,72
20 ..HJ.M..HJLMAAIKLM.GIKBBFGCC..FDDEE. 15586 572,243,895,1149,1497,1220,1056,872,861,859,840,839,862,919,946,809,543,373,173,50,8
09 .....H.F...H.FAA.H...GBB...GCC.DDEEE 2912 112,152,512,736,816,384,124,48,24,4
09 ........H.I.AAH.I.BBH...FGCC..FGDDEE 12371 4637,4969,492,504,727,542,298,152,47,3
10 ....HJ....HJAA..IJ.FBBI..FGCC.DDGEEE 2960 52,98,399,651,791,565,258,71,40,25,10
10 ....H.....HIAA..HIBB....GCCDD.GEEFF. 9084 24,81,225,586,1361,1944,2005,1520,834,414,90
09 ...F.....FGH.AAFGH..EBB...ECCC..DD.. 12081 1991,296,719,1513,2485,2597,1665,646,151,18
11 .....J..H.IJAAH.IJBBH...FGCC..FGDDEE 20658 1306,1368,4197,4185,3236,2003,1725,1309,759,421,132,17
10 .....I.FG..I.FGAAI...HBB...HCC.DDEEE 6732 308,268,910,1396,1758,1156,572,222,100,38,4
11 ....IK...HIKAA.HJK.FBBJ..FGCC.DDGEEE 6530 158,140,607,1129,1555,1393,906,399,153,66,14,10
08 ........E..GAAE..G..EBB.CCC.F..DD.F. 3334 370,397,428,222,437,676,564,216,24
09 ........EF.HAAEF.H..EBB.CCC.G..DD.G. 8655 1079,515,540,357,793,1508,1967,1406,448,42
11 ....I....HIJAA.HIJBB....GCCDD.GEEFF. 19612 63,81,279,784,1925,3312,4098,3866,2694,1510,784,216
10 ........HIJ.AAHIJ.BBH...FGCC..FGDDEE 29704 13999,7436,1043,1221,1832,1836,1188,674,362,107,6
12 ..G..I.FG..I.FGAAI...HBB.CCH..DDEEE. 3136 196,91,273,356,407,189,149,294,474,423,197,63,24
11 ....I...H.IJAAH.IJBB....GCCDD.GEEFF. 13300 54,111,257,630,1495,2299,2641,2379,1722,1046,486,180
07 .....G.....GAA...GBB....F...CCFDDEEE 2577 53,184,552,702,716,272,86,12
08 ....GI....GIAA..HIBB..H.F..CC.FDDEEE 3003 28,97,429,730,830,587,221,66,15
09 .....H.....H..AA.HBB.G..F..GCCFDDEEE 4948 140,222,778,1152,1298,808,366,146,32,6
10 .....I...G.IAA.G.IBB.H..F..HCCFDDEEE 1263 45,38,146,228,282,198,156,88,62,12,8
09 .....H.....H.AA..HBBG...F.G.CCFDDEEE 5342 140,298,930,1288,1472,834,287,71,18,4
07 .....G....FGAA..FG....BB....CC.DDEEE 2192 25,100,384,600,658,361,61,3
10 ....HJ....HJAA..IJFBB.I.F.GCC.DDGEEE 4656 64,138,578,963,1155,882,465,207,99,85,20
12 ....J...HIJKAAHIJKBB....GCCDD.GEEFF. 30746 144,111,311,849,2136,3908,5396,5912,5065,3454,2054,1054,352
09 .....H....GH..AAGH...FBB...FCC.DDEEE 4966 72,132,582,1090,1376,1081,493,120,19,1
10 .....I...H.I.AAH.IBBG...F.G.CCFDDEEE 10082 366,358,1251,1942,2435,1856,1091,507,206,54,16
08 .....H..F.GHAAF.GH....BB....CC.DDEEE 4473 66,156,606,1014,1262,920,382,65,2
11 ....IK...HIKAA.HJKFBB.J.F.GCC.DDGEEE 10960 198,198,901,1757,2418,2262,1578,839,412,237,129,31
12 .....J...H.JAA.H.JFBBI..F.GICCDDGEEE 2428 114,60,225,347,459,359,289,212,164,113,56,26,4
12 .....K...HJKAA.HJLFBBI.LF.GICCDDGEEE 8817 930,536,1774,2058,1686,902,409,281,130,68,32,9,2
08 ..G..I..G..IAAH..I..H.BBFCC...FDDEEE 2119 45,72,226,364,563,566,237,42,4
10 ..G..J..G..J..HAAJF.HIBBFCCI...DDEEE 3928 114,85,289,490,808,932,677,342,146,41,4
07 ........G...AAG...BBG...FCC...FDDEEE 1442 552,621,39,108,80,30,10,2
11 .....H..G..HAAG..HBBG...FCC...FDDEEE 2183 87,87,261,350,395,240,134,198,236,140,45,10
10 .....I.F..HI.FAAHI...GBB...GCC.DDEEE 7672 176,240,982,1718,2104,1516,660,192,62,20,2
08 ........GH..AAGH..BBG...FCC...FDDEEE 3310 1618,839,120,207,272,163,62,24,5
14 .....I..G..I..GAAIBBGH..F..HCCFDDEEE 3973 226,104,312,401,452,258,212,345,544,553,360,154,46,2,4
11 ....I.....IJAA..IJGH.BB.GHCCDD.EEFF. 15748 57,147,368,935,2184,3168,3345,2671,1609,870,322,72
17 ...H.J..GH.J..GAAJBBGI..F..ICCFDDEEE 742 69,17,51,51,57,18,30,48,94,111,72,38,22,22,22,14,2,4
10 .....I.G...I.GAA.IBB.H..F..HCCFDDEEE 9372 372,466,1534,2188,2412,1352,626,268,114,32,8
12 ....J..H..JK.HAAJKBB.I..GCCIDDGEEFF. 28216 144,147,422,1133,2748,4536,5448,5091,3717,2422,1534,706,168
11 ...H.J.G.H.J.GAA.JBB.I..F..ICCFDDEEE 1620 90,60,212,294,348,204,162,112,86,36,12,4
09 ...F.....FGHAA.FGHBB....ECCC..E.DD.. 16855 2594,464,1119,2086,3056,3071,2298,1429,618,120
08 .....H....GHAA..GHBB....F...CCFDDEEE 6641 81,281,1068,1668,1839,1162,412,115,15
10 .....I....HI..AAHIBB.G..F..GCCFDDEEE 13829 224,357,1528,2794,3501,2874,1611,668,222,45,5
11 ....IK....IKAA..JKFGBBJ.FGHCC.DDHEEE 8193 158,283,1117,1738,2048,1441,731,307,130,120,95,25
12 ....J...I.JKAAI.JKGH.BB.GHCCDD.EEFF. 21484 126,216,426,979,2318,3523,3989,3590,2729,1954,1126,444,64
11 .....J...GIJAA.GIJBB.H..F..HCCFDDEEE 4276 84,76,346,673,909,831,597,388,220,112,28,12
11 .....J.G...J.GAA.JBBHI..F.HICCFDDEEE 20018 984,816,2667,3960,4815,3328,1825,884,469,206,52,12
10 .....I....HI.AA.HIBBG...F.G.CCFDDEEE 12073 204,436,1622,2594,3129,2335,1210,405,100,30,8
11 .....J...HIJ.AAHIJBBG...F.G.CCFDDEEE 25468 564,556,2266,4134,5641,5235,3795,2051,847,279,84,16
12 ....JL...IJLAA.IKLFGBBK.FGHCC.DDHEEE 15930 456,384,1595,2765,3594,3036,1977,1033,483,295,214,76,22
11 .....J...H.JAA.H.KFBBI.KF.GICCDDGEEE 2822 503,268,741,552,359,146,117,87,28,16,4,1
13 .....K...HJKAA.HJKFBBI..F.GICCDDGEEE 7812 212,120,514,967,1394,1367,1121,799,539,375,230,122,44,8
09 ..G..J..G.IJAAH.IJ..H.BBFCC...FDDEEE 3948 55,87,310,542,865,1021,748,269,47,4
13 ....K...IJKLAAIJKLGH.BB.GHCCDD.EEFF. 41782 324,216,480,1198,2959,5132,6754,7199,6342,4914,3416,1976,776,96
10 ..G..K..GIJKAAHIJK..H.BBFCC...FDDEEE 8451 152,113,430,804,1387,1825,1782,1222,565,155,16
11 ..H..K.GH..K.GIAAKF.IJBBFCCJ...DDEEE 8409 318,213,683,1132,1788,1914,1211,585,320,179,58,8
08 ........G.H.AAG.H.BBG...FCC...FDDEEE 2206 670,744,126,168,236,158,70,28,6
12 .....I..G.HIAAG.HIBBG...FCC...FDDEEE 3970 123,123,369,458,509,267,260,360,540,524,296,115,26
11 .....I..G..I..GAAJBBGH.JF..HCCFDDEEE 4590 1113,538,1062,265,319,461,436,270,102,21,1,2
09 ........GHI.AAGHI.BBG...FCC...FDDEEE 5402 1993,1023,253,387,591,582,337,154,67,15
11 ...G.....GHI.AAGHIBBF...E.FCCCE.DD.. 30325 6671,672,1345,2454,3953,4402,3743,3022,2336,1319,380,28
15 .....J.GH..J.GHAAJBBHI..F..ICCFDDEEE 8437 612,288,864,1163,1322,733,417,503,751,780,529,298,137,30,6,4
18 ...I.K.GHI.K.GHAAKBBHJ..F..JCCFDDEEE 1078 138,34,102,102,114,27,33,51,94,111,72,38,26,32,42,36,16,6,4
09 ........F..HAAF..HE.FBB.ECCCG..DD.G. 8814 1412,1505,1563,538,878,1290,1106,452,58,12
05 .....E.....EAA...E....BB....CC...DDD 1216 48,192,576,336,60,4
05 ....E.....E.AA..E....BB....CC...DDD. 678 18,72,162,270,132,24
06 ....EF....EFAA..EF...BB....CC...DDD. 2199 18,72,378,621,771,297,42
07 .....F.....F..AA.F...EBB...ECC...DDD 2728 140,272,960,824,372,128,30,2
11 .....J.G..IJ.GAAIJBB.H..F..HCCFDDEEE 23455 570,715,2850,4880,5919,4512,2413,1034,401,127,28,6
10 ........FG.IAAFG.IE.FBB.ECCCH..DD.H. 19837 3908,1815,1869,898,1646,2796,3455,2493,841,100,16
07 ....F.....F...AAF....EBB...ECC..DDD. 1796 62,128,348,534,462,218,42,2
08 ....FG....FG..AAFG...EBB...ECC..DDD. 5696 62,128,732,1401,1693,1185,428,65,2
12 ...H.K.G.HJK.GAAJKBB.I..F..ICCFDDEEE 5216 168,120,500,871,1107,909,615,418,268,160,56,20,4
08 .....G...E.GAA.E.G...FBB...FCC.DDD.. 1212 68,80,312,296,164,110,122,48,12
08 ....G....EG.AA.EG....FBB...FCC.DDD.. 976 44,56,178,248,174,120,100,47,9
09 ....GH...EGHAA.EGH...FBB...FCC.DDD.. 2995 44,56,346,740,824,490,240,166,80,9
05 ...E.....E..AA.E....BB....CC...DDD.. 633 205,36,54,198,116,24
06 .....F.....FAA...F.BB.....E.CC..EDDD 2688 132,312,1008,804,302,108,22
08 ....FH....FH.AA.GH.BB.G...ECC...EDDD 4497 130,304,1308,1547,810,252,96,30,20
07 ....F.....F..AA.F...EBB...ECC...DDD. 1285 44,104,204,360,281,168,84,40
08 ....FG....FG.AA.FG..EBB...ECC...DDD. 3976 44,104,516,828,1111,731,385,175,82
08 .....G.....G..AA.G.BBF....EFCC..EDDD 6073 385,442,1608,1636,1096,606,231,61,8
08 .....H....GH.AA.GI..EBBI..EFCCDDDF.. 24889 2093,2448,7338,7161,4385,1291,157,14,2
09 ....GI...FGI.AAFHI.BB.H...ECC...EDDD 12502 432,522,2441,3647,3058,1565,568,185,65,19
08 ....G....FG..AAFG...EBB...ECC...DDD. 3641 157,192,445,768,816,661,390,172,40
09 ....GH...FGH.AAFGH..EBB...ECC...DDD. 10982 157,192,1021,1908,2626,2339,1569,783,316,71
10 .....H...F.H.AAF.H..EGBB..EGCC.DDD.. 2719 187,130,510,532,407,308,263,217,114,45,6
10 ....H....FH..AAFH...EGBB..EGCC.DDD.. 2084 117,88,237,400,373,292,249,193,95,34,6
11 ....HI...FHI.AAFHI..EGBB..EGCC.DDD.. 6062 117,88,501,1060,1435,1154,718,469,317,148,47,8
12 .....K.G..JK.GAAJKBBHI..F.HICCFDDEEE 43876 1440,1200,4502,7556,9835,8337,5723,3102,1390,573,178,36,4
06 ...F....EF..AAEF....BB....CC...DDD.. 1656 650,67,93,327,342,151,26
09 .....G...F.G.AAF.G..EFBB..ECC..DDD.. 2810 242,26,114,210,529,674,581,317,103,14
10 .....H....GH.AAFGI.BBF.I..EFCC..EDDD 12989 1378,188,673,1437,2710,3098,2190,995,273,45,2
09 ....G.....G..AAFH..BBFH...EFCC..EDDD 2353 404,68,163,386,594,462,210,54,11,1
09 ....G....FG..AAFG...EFBB..ECC..DDD.. 2139 109,26,81,168,440,539,441,236,85,14
10 ....GH...FGH.AAFGH..EFBB..ECC..DDD.. 6325 109,26,159,411,834,1586,1595,1041,423,125,16
07 .....G..E..GAAE..G.BB.....F.CC..FDDD 1136 48,84,276,282,212,168,59,7
09 ....GI..E.GIAAE.HI.BB.H...FCC...FDDD 941 25,40,160,174,152,153,95,67,45,30
10 ....G...E.G.AAE.G...FBB...FCC.DDD... 455 10,16,22,34,41,58,54,86,74,24,36
12 ....G...E.G.AAE.G...FBBH..FCCHDDD..H 1241 10,16,70,91,124,131,174,138,194,164,54,66,9
09 ..E.....E..H..FAAH..FBBH...GCCDDDG.. 2580 140,119,427,489,499,481,278,109,32,6
10 ....HJ..EGHJAAEGIJ.BB.I...FCC...FDDD 3115 103,89,383,518,562,526,388,228,171,111,36
12 ....H...E.H.AAE.H...FBB...FGCCDDDG.. 1397 42,37,63,105,127,161,161,196,229,147,77,49,3
14 ....H...E.HIAAE.HI..FBBI..FGCCDDDG.. 3728 42,37,174,276,396,436,493,441,448,473,267,143,89,10,3
11 .....I..EG.IAAEG.I.BBH....FHCC..FDDD 836 60,28,108,113,107,102,70,66,78,70,28,6
11 ....I...EGI.AAEGI..BBH....FHCC..FDDD 643 38,21,45,87,98,89,67,52,68,52,22,4
12 ....IJ..EGIJAAEGIJ.BBH....FHCC..FDDD 1964 38,21,108,213,332,337,278,197,128,152,108,44,8
07 ...G....EG..AAEG...BB.....FCC...FDDD 866 369,26,32,110,156,128,40,5
13 ..E..H..E..H..FAAH..FGBB...GCCDDDG.. 1174 64,7,29,43,94,113,147,114,197,180,92,63,29,2
11 ...G....EGHIAAEGHI..FBBJ..FCCJ.DDD.. 4393 490,49,162,306,579,742,704,532,406,309,104,10
10 ....H...E.H.AAEGI..BBGI...FGCC..FDDD 657 109,14,28,70,116,118,90,37,51,22,2
12 ....H...EGH.AAEGH...FGBB..FCC.DDD... 881 32,7,17,37,86,100,127,84,144,122,64,40,21
13 ...GH...EGH.AAEGH...FBBI..FCCIDDD..I 2316 32,7,38,88,179,318,338,373,216,318,226,95,61,27
05 ..E.....E...AAE....BB....CC...DDD... 633 205,232,27,99,58,12
10 ..E.....E...AAE....BB..F.CC..FDDD..F 1232 84,84,252,162,47,45,55,165,221,105,12
09 ........E..GAAE..G..EBB..CC.FHDDD.FH 4067 416,431,851,187,364,641,665,384,116,12
08 ........E.F.AAE.F...EBB..CC.G.DDD.G. 559 107,110,9,21,62,104,98,40,8
13 ........E.F.AAE.F...EBBH.CC.GHDDD.GH 1645 79,79,237,53,3,9,27,63,193,340,343,171,44,4
06 ..E.....EF..AAEF...BB....CC...DDD... 1656 650,354,69,186,253,122,22
13 .....G..E..G..EAAG..EBB....FCCDDDF.. 2809 245,119,357,188,55,69,101,282,534,536,258,51,10,4
10 ........E.GHAAE.GH..EBB..CCF.IDDDF.I 10763 1324,674,1330,317,725,1482,2022,1743,880,241,25
09 ........EFG.AAEFG...EBB..CC.H.DDD.H. 1746 370,194,22,53,146,277,339,241,88,16
14 ........EFG.AAEFG...EBBI.CC.HIDDD.HI 4965 266,137,411,79,11,23,66,159,454,907,1155,867,351,74,5
07 ..E.....EF..AAEF...BB....CCG..DDDG.. 866 369,122,28,70,125,111,36,5
16 ...F.H..EF.H..EAAH..EBB....GCCDDDG.. 1268 119,35,105,26,8,24,22,57,143,220,210,145,70,43,19,16,6
12 ........EFH.AAEFH...EGBB.CCGI..DDDI. 1145 256,84,13,32,81,155,190,150,95,56,24,8,1
16 .....J..EFHJAAEFHJ..EGBB.CCGI..DDDI. 3152 180,58,174,26,8,14,39,96,252,517,687,583,334,137,37,9,1
12 .....J.GH..J.GHAAKBBHI.KF..ICCFDDEEE 10113 3110,1496,2862,537,420,605,571,343,131,27,6,3,2
06 ....F.....F.AA..F.BB.....E.CC..EDDD. 1366 44,128,252,452,282,136,72
07 ....FG....FGAA..FGBB.....E.CC..EDDD. 4231 44,128,636,982,1295,665,319,162
08 .....G.E...G.EAA.G...FBB...FCC...DDD 5372 376,544,1824,1520,696,254,96,58,4
09 .....H....GHAA..GI.EBB.I.E.FCCDDDF.. 21342 1994,2876,8038,6016,2062,244,58,35,13,6
06 .....F....EFAA..EF....BB....CC...DDD 3703 99,396,1440,1224,474,67,3
08 ....G.....G.AA..H..EBBH..E.FCCDDDF.. 3400 552,808,1208,636,164,16,11,3,2
09 ....GI....GIAA..HI.EBBH..E.FCCDDDF.. 10265 402,604,2746,3587,2025,705,156,26,10,4
08 ....G.....G...AAG.BB.F...E.FCC.EDDD. 3064 142,216,490,760,656,412,237,137,14
08 .....G....FG..AAFG...EBB...ECC...DDD 8995 306,612,2508,2860,1782,717,183,26,1
09 ..........GHAA..GH.EBBGH.E.FCCDDDF.. 9183 142,216,1138,1946,2359,1669,887,520,282,24
12 ...F.H...F.HAA.G.H.E.GBB.ECC...DDD.. 1724 144,128,456,328,172,134,122,80,56,34,26,24,20
12 ...FH....FH.AA.GH..E.GBB.ECC...DDD.. 1276 92,88,226,280,178,132,100,59,32,21,24,24,20
09 .....H...EGHAA.EGH...FBB...FCC.DDD.. 4453 174,216,958,1226,838,446,296,222,68,9
13 ...FHI...FHIAA.GHI.E.GBB.ECC...DDD.. 3648 92,88,490,900,912,494,252,166,104,49,27,30,24,20
07 .........F..AA.F..BB.F...ECC...EDDD. 1280 612,64,60,228,172,80,48,16
16 .........F.GAA.F.GBB.F.G.ECC...EDDD. 1912 224,24,96,144,364,358,184,42,6,2,6,30,60,92,128,112,40
06 ...E.....EF.AA.EF...BB....CC...DDD.. 1776 351,76,159,428,506,220,36
07 ....F.....FGAA..FG...BB..CCDD...EEE. 2433 18,72,210,417,642,666,354,54
16 .........FG.AA.FG.BB.FG..ECC...EDDD. 1402 92,24,72,108,306,284,142,33,3,2,6,30,58,70,80,68,24
18 .........FGHAA.FGHBB.FGH.ECC...EDDD. 4064 92,24,144,324,538,1022,750,272,37,3,2,6,30,62,108,190,230,170,60
09 ....G.....GH..AAGH...FBB.CCFDD..EEE. 5501 48,72,270,637,1124,1476,1248,543,81,2
07 .........F..AA.F.....FBBCCDD.G.EEE.G 1758 222,24,76,224,508,518,174,12
07 .....G....FGAA..FG.BB.....E.CC..EDDD 7369 262,616,2298,2258,1262,486,158,29
09 ....GI.E..GI.EAAHI.BB.H...FCC...FDDD 7886 333,618,2463,2492,1231,426,162,81,55,25
09 ....G.....G..AA.G..BB....EFCC..EFDDD 2485 104,196,302,554,456,334,257,164,104,14
10 ....GH....GH.AA.GH.BB....EFCC..EFDDD 7260 104,196,890,1222,1682,1175,808,578,346,224,35
09 .....H....GH..AAGH.BBF....EFCC..EDDD 18488 817,964,3929,4812,4028,2452,1086,334,61,5
08 ........FG..AAFG.....GBBCCDD.H.EEE.H 3848 653,42,126,334,814,1042,644,177,16
09 .....H.E...H.EAA.H.BBG....FGCC..FDDD 12244 1034,956,3240,3028,1946,1180,527,236,85,12
10 ..F.....FH..AAGH....GHBB.CCDDI.EEE.I 1434 290,14,37,84,203,314,295,146,40,9,2
08 ..FG....FG.IAAFH.I.BBH...CCDD.EEE... 1323 290,75,135,60,143,236,247,115,22
11 .....I...FHI.AAFHI..EGBB..EGCC.DDD.. 9429 473,348,1509,2003,1827,1222,801,630,390,169,49,8
10 .....I..F.HIAAF.HJ.EBB.J.E.GCCDDDG.. 43247 5563,5140,13655,10547,6073,1871,273,75,30,14,6
09 ....H...F.H.AAF.I..EBBI..E.GCCDDDG.. 6691 1490,1400,1634,1234,576,210,104,37,5,1
09 ....G.....GHAA..GHBB.....FCCDD.FEEE. 3927 42,120,314,609,946,998,570,168,104,56
10 ....HJ..F.HJAAF.IJ.EBBI..E.GCCDDDG.. 18584 1030,992,4180,5068,3809,2073,844,340,163,76,9
09 .....G.....G.AAF.H.BBF.H..EFCC..EDDD 3833 687,68,214,458,866,852,493,164,30,1
10 ....H..F..HI.FAAHI...GBB.CCGDD..EEE. 7479 108,120,374,829,1428,1808,1476,721,311,204,100
07 ...F....EFG.AAEFG...BB....CC...DDD.. 4225 1054,135,250,697,1044,745,262,38
10 ....H....GH..AAGH..BB....EFCC..EFDDD 6087 350,344,604,1014,1044,938,761,568,346,100,18
10 .....H...FGH.AAFGH..EFBB..ECC..DDD.. 9565 529,78,372,742,1622,2235,2028,1283,521,139,16
11 ....HI...GHI.AAGHI.BB....EFCC..EFDDD 17122 350,344,1636,2518,3369,2937,2256,1635,1142,684,208,43
10 ....H...G.HIAAG.HIBB.....FCCDD.FEEE. 6098 96,174,374,697,1154,1384,1079,588,332,172,48
13 ...G.I..FG.IAAFH.I.E.HBB.ECC...DDD.. 3976 396,226,798,600,433,374,267,249,198,147,106,74,74,34
08 .....H..E.GHAAE.GH.BB.....F.CC..FDDD 2488 73,124,460,544,515,438,246,78,10
13 ....G...E.GHAAE.GH..F.BB..FCCIDDD..I 1455 20,32,108,147,177,181,170,153,161,132,78,57,30,9
09 ..E.....E.HIAAF.HI..FBBI...GCCDDDG.. 6556 243,208,819,1060,1260,1314,956,485,175,36
13 ...GI...FGI.AAFHI..E.HBB.ECC...DDD.. 2710 242,148,294,438,380,307,253,207,132,70,61,70,74,34
12 .....J..EGIJAAEGIJ.BBH....FHCC..FDDD 2942 149,77,321,415,466,412,292,212,210,210,128,42,8
14 ...GIJ..FGIJAAFHIJ.E.HBB.ECC...DDD.. 7214 242,148,738,1250,1541,1167,741,477,343,208,98,77,76,74,34
11 ....I...GHIJAAGHIJBB.....FCCDD.FEEE. 12894 252,174,434,959,1790,2579,2731,2051,1114,492,238,80
10 ...G....EG.HAAEG.H..FBBI..FCCI.DDD.. 1515 303,21,59,105,190,229,218,166,146,70,8
08 ...G....EGH.AAEGH..BB.....FCC...FDDD 1828 478,40,66,196,359,387,231,63,8
13 ...G....EGH.AAEGH...FBBI..FCCIDDD..I 3552 142,21,93,157,322,436,475,412,401,498,318,158,90,29
09 .........G...AAG..BBFG...EFCC..EDDD. 3622 1995,134,107,387,465,290,142,76,24,2
15 ....H...EGHIAAEGHI..FGBB..FCCJDDD..J 2731 64,14,62,142,302,464,463,371,220,243,139,94,87,45,15,6
18 .........G.H.AAG.HBBFG.H.EFCC..EDDD. 4438 616,42,162,210,529,674,581,333,131,28,10,42,116,190,250,268,183,64,9
07 ..E.....E..FAAE..F.BB....CC..GDDD..G 1646 230,242,466,112,178,238,144,36
07 ........E...AAE.....EBB..CC.F.DDD.F. 1280 312,342,66,150,222,132,48,8
12 ........E...AAE.....EBBG.CC.FGDDD.FG 2988 163,163,489,215,50,54,118,288,563,554,271,56,4
10 ........E.FHAAE.FH..EBB..CC.GIDDD.GI 2405 186,189,373,39,111,274,437,440,260,84,12
10 .....G..E..G..EAAH..EBBH...FCCDDDF.. 3802 688,343,663,172,340,574,591,335,89,5,2
08 ........EF..AAEF....EBB..CC.G.DDD.G. 3622 1020,548,133,315,592,594,304,100,16
13 ........E.G.AAE.G...EBBH.CCF.HDDDF.H 7867 511,256,768,267,66,92,203,537,1230,1751,1443,618,115,10
18 .........GH..AAGH.BBFGH..EFCC..EDDD. 3123 234,42,96,168,440,539,441,244,92,19,10,42,114,164,169,157,109,39,4
11 ........EFGIAAEFGI..EBB..CC.HJDDD.HJ 7279 636,331,655,97,268,681,1222,1477,1162,567,162,21
13 ...F.H..EF.H..EAAI..EBBI...GCCDDDG.. 1694 345,101,189,32,86,182,245,209,131,83,59,25,5,2
11 ........EF..AAEF....EGBB.CCGH..DDDH. 2065 625,206,53,130,276,365,259,94,32,17,7,1
20 .........GHI.AAGHIBBFGHI.EFCC..EDDD. 8488 234,42,222,456,834,1586,1595,1041,435,134,21,10,42,118,207,321,427,411,257,86,9
14 ........EFHJAAEFHJ..EGBB.CCGIK.DDDIK 4652 436,142,282,58,154,387,724,919,779,450,197,81,33,9,1
15 ..F.....F.H.AAG.H.BBG.I..ECCI..EDDD. 489 76,113,90,44,32,10,36,22,10,12,14,14,9,4,2,1
18 ..F.....F.H.AAG.H.BBG.IJ.ECCIJ.EDDDJ 1417 50,70,260,222,167,180,116,76,60,40,25,30,35,35,24,14,8,4,1
15 ..F.....F...AAG.H.BBG.H..ECCH..EDDD. 879 20,28,28,40,44,66,61,102,92,60,92,108,88,42,7,1
17 ..F.....F...AAG.H.BBG.HI.ECCHI.EDDDI 2217 20,28,112,112,142,140,196,159,232,209,135,182,219,186,104,33,7,1
09 ....G.....GHAA..GHBB....FCCDD.F.EEE. 6721 48,162,450,887,1374,1558,1200,677,305,60
10 ..F....EF..I.EGAAI..GBBI...HCCDDDH.. 5454 376,274,914,970,930,962,595,277,108,38,10
16 ..F.....FHI.AAGHI.BBG.J..ECCJ..EDDD. 1493 296,227,223,189,134,79,62,92,31,13,22,38,41,27,12,5,2
19 ..F.....FHI.AAGHI.BBG.JK.ECCJK.EDDDK 4201 206,154,602,623,592,571,415,237,186,129,65,32,55,93,100,70,40,20,9,2
16 ..F.....FH..AAGHI.BBG.I..ECCI..EDDD. 2385 84,64,78,117,133,172,168,212,255,191,147,207,222,216,97,20,2
18 ..F.....FH..AAGHI.BBG.IJ.ECCIJ.EDDDJ 5822 84,64,270,327,432,454,524,462,486,532,362,275,385,431,415,224,77,16,2
08 .....G.....GAA...H.EBB.H.E.FCCDDDF.. 7156 1040,1464,3280,1184,116,32,24,12,4
12 ...H.J.EFH.J.EFAAJ.BBI....GICC..GDDD 1066 120,48,168,128,116,114,70,66,78,86,52,18,2
10 ....H....GHIAA.GHIBB....FCCDD.F.EEE. 14250 126,162,558,1283,2246,3038,2974,2054,1153,536,120
11 ........FH..AAFH..BBGH...EGCC..EDDD. 2065 1200,59,40,140,220,205,98,43,30,21,8,1
09 .....H.E..GH.EAAGH...FBB...FCC...DDD 15830 778,1148,4448,4672,2930,1269,391,145,47,2
25 ........FH.IAAFH.IBBGH.I.EGCC..EDDD. 1894 128,12,44,43,94,113,147,114,197,184,96,67,33,10,8,8,30,66,91,97,95,84,65,45,20,3
08 .........G..AA.G.....GBBFCCDDHFEEE.H 4671 771,62,178,484,1126,1256,622,168,4
25 ........FHI.AAFHI.BBGHI..EGCC..EDDD. 1360 64,12,20,37,86,100,127,84,144,124,64,42,21,3,2,8,30,64,77,60,47,52,50,31,10,1
27 ........FHIJAAFHIJBBGHIJ.EGCC..EDDD. 3241 64,12,56,97,179,318,338,373,216,318,230,95,63,27,3,2,8,30,66,91,99,106,117,123,110,71,26,3
09 ....GH....GHAA..GI.EBB.I.E.FCCDDDF.. 11975 284,432,1844,3132,3067,1776,809,436,181,14
10 ........F..HAAF..H.EFBB..ECCGIDDD.GI 8185 1186,1217,2340,379,528,888,914,533,168,26,6
13 ...F.I...FHIAA.GHI.E.GBB.ECC...DDD.. 5836 368,344,1386,1422,882,482,308,254,144,75,53,54,44,20
14 .....H.EF..H.EFAAH..FBB....GCCDDDG.. 5751 658,322,966,600,203,177,192,452,809,796,392,101,47,26,10
10 ....H...G.HIAAG.HIBB....FCCDD.F.EEE. 9716 108,222,514,975,1582,1944,1725,1217,839,470,120
08 .........F..AA.F...E.FBB.ECCG..DDDG. 3026 968,128,186,464,594,346,176,122,42
17 .........FGHAA.FGHBB.F.H.ECC...EDDD. 6287 475,72,320,532,1070,1258,856,306,43,5,8,36,92,168,286,370,290,100
11 ........FG.IAAFG.I.EFBB..ECCHJDDD.HJ 18577 3522,1766,3371,553,995,1946,2620,2254,1151,329,56,14
21 ..F.....FG.IAAFG.I.EBB.I.E.HCCDDDH.. 1902 252,77,231,57,21,57,24,59,143,220,210,145,74,49,47,44,67,46,37,30,8,4
11 ....I...GHIJAAGHIJBB....FCCDD.F.EEE. 21969 288,222,622,1413,2608,3809,4245,3542,2494,1662,848,216
09 .....H..F..HAAF..I.EBB.I.E.GCCDDDG.. 16134 3043,2748,6180,2868,1034,141,63,33,19,5
09 ........GH..AAGH.....HBBFCCDDIFEEE.I 8896 2177,108,280,654,1573,2006,1364,576,154,4
10 .....I.E..HI.EAAHI.BBG....FGCC..FDDD 32510 2064,1948,7320,7729,6181,4046,2052,855,269,40,6
08 .........F.HAA.F.H...FBB.CCCG.DDEEG. 5937 661,72,234,646,1388,1666,1012,242,16
10 ....H.....HIAA..HIBB....FGCCDDFGEEE. 11997 114,294,736,1420,2224,2586,2102,1313,762,350,96
14 ...G.J..FGIJAAFHIJ.E.HBB.ECC...DDD.. 12416 998,600,2319,2301,1915,1326,829,664,506,319,196,151,150,108,34
09 .....H...F.HAA.F.H...GBBE..GCCEDDD.. 3376 216,216,812,724,454,322,382,190,48,12
09 ........FG.IAAFG.I...GBB.CCCH.DDEEH. 11619 1727,100,290,786,1888,2810,2458,1210,312,38
09 ....H....FH.AA.FH....GBBE..GCCEDDD.. 2633 133,146,426,596,451,353,301,182,36,9
10 .........GH..AAGH.BBFG...EFCC..EDDD. 7681 2975,254,296,771,1229,1022,562,320,190,58,4
10 ....HI...FHIAA.FHI...GBBE..GCCEDDD.. 7734 133,146,864,1758,1994,1280,727,491,296,36,9
19 .........GHI.AAGHIBBFG.I.EFCC..EDDD. 13708 1268,126,526,772,1622,2235,2028,1307,573,162,31,52,160,323,515,693,699,448,150,18
06 ...F.....F..AA.F..BB....E.CC..EDDD.. 2071 790,97,123,461,372,180,48
11 ....I..G..IJ.GAAIJBB.H..FCCHDDF.EEE. 21176 288,294,844,1816,3096,4066,3906,2852,1940,1258,640,176
08 .....G...F.GAA.F.G...FBBE.CC..EDDD.. 3660 312,38,162,296,794,960,748,314,36
09 .....H....GHAA.FGIBB.F.IE..FCCEDDD.. 17182 1725,276,977,2037,3696,4028,2809,1282,340,12
08 ....G.....G.AA.FH.BB.FH.E..FCCEDDD.. 3064 500,100,251,522,766,552,275,92,6
17 ..F.....F.HJAAG.HJBBG.I..ECCIK.EDDDK 1817 126,183,506,354,199,114,48,86,44,21,25,28,27,22,17,10,5,2
17 ..F.....F..IAAG.HIBBG.H..ECCHJ.EDDDJ 2429 40,56,168,180,198,194,189,175,203,186,152,154,172,159,117,65,19,2
08 ....G....FG.AA.FG....FBBE.CC..EDDD.. 2783 135,38,129,220,648,744,571,262,36
09 ....GH...FGHAA.FGH...FBBE.CC..EDDD.. 8372 135,38,243,607,1118,2244,2096,1323,520,48
10 ..F....EF.IJ.EAAIJ..GBBJ..GHCCDDDH.. 11778 582,428,1553,1758,1968,2183,1733,1016,422,117,18
18 ..F.....FHIKAAGHIKBBG.J..ECCJL.EDDDL 5518 502,381,1125,1040,855,568,281,171,169,48,30,50,73,76,62,46,25,12,4
18 ..F.....FH.JAAGHIJBBG.I..ECCIK.EDDDK 6364 168,128,412,522,630,629,580,461,435,399,304,285,333,352,314,231,137,40,4
12 ........FHI.AAFHI.BBGH...EGCC..EDDD. 3589 1420,83,85,234,453,528,368,168,98,80,52,18,2
11 ....I...H.IJAAH.IJBB....FGCCDDFGEEE. 16200 252,432,852,1508,2432,2972,2643,1937,1518,1092,482,80
26 ........FHIJAAFHIJBBGH.J.EGCC..EDDD. 5259 284,36,140,163,322,436,475,412,401,502,326,162,96,37,11,10,38,96,157,190,203,212,207,175,116,46,6
09 ....GIE...GIEAA.HI.BB.H...FCC...FDDD 12337 440,938,3864,4137,1935,575,204,114,70,60
08 ....G.E...G.EAA.G...FBB...FCC...DDD. 3723 142,308,538,1028,783,400,248,180,96
08 ........F...AAF....EFBB..ECCG.DDD.G. 3026 968,1044,150,256,339,188,65,12,4
13 ........F...AAF....EFBBH.ECCGHDDD.GH 6068 445,445,1335,691,188,132,243,470,830,801,391,81,14,2
09 ....GHE...GHEAA.GH..FBB...FCC...DDD. 11176 142,308,1462,2188,3106,1959,898,539,370,204
11 .....H.EF..H.EFAAI..FBBI...GCCDDDG.. 7815 1970,965,1804,340,494,807,820,461,128,11,9,6
09 ........FG..AAFG...EFBB..ECCH.DDD.H. 7681 2996,1570,278,537,901,839,404,124,26,6
08 ......E....HE.AA.H..FBBH..FGCCDDDG.. 17764 1334,1383,4822,4625,2888,1679,753,238,42
14 ........FG..AAFG...EFBBI.ECCHIDDD.HI 13579 1286,647,1941,805,230,216,360,821,1741,2418,1984,870,197,51,12
14 ...G.I.EFG.I.EFAAJ..FBBJ...HCCDDDH.. 2555 813,234,415,32,86,182,245,209,131,85,62,35,11,9,6
22 ..F.....FGIJAAFGIJ.EBB.J.E.HCCDDDH.. 5461 630,202,606,114,42,84,69,155,400,718,829,633,358,170,77,53,71,60,65,67,39,14,5
09 ........G.HIAAG.HIBBG....FCCC..FDDEE 6519 1161,1201,1263,274,550,879,798,344,43,6
12 ....J...HIJKAAHIJKBB....FGCCDDFGEEE. 30911 648,432,960,1946,3458,4837,5193,4430,3539,2814,1818,708,128
10 ........GHIJAAGHIJBBG....FCCC..FDDEE 14123 3135,1417,1475,410,934,1820,2379,1826,635,80,12
09 .....IE...HIEAA.HJ..FBBJ..FGCCDDDG.. 66861 7167,7483,21038,17950,9968,2794,407,42,8,4
10 ....HJE..GHJEAAGIJ.BB.I...FCC...FDDD 30735 1383,1501,6663,8947,6799,3347,1227,444,224,143,57
09 ....H.E..GH.EAAGH...FBB...FCC...DDD. 9626 481,530,1086,1931,2059,1599,975,562,307,96
10 ....HIE..GHIEAAGHI..FBB...FCC...DDD. 27909 481,530,2676,4604,6450,5712,3685,1960,1053,578,180
11 .....IE..G.IEAAG.I..FHBB..FHCC.DDD.. 6708 554,341,1258,1113,837,707,659,567,357,209,88,18
10 .........G.IAA.G.IF..GBBFCCCH.DDEEH. 15539 2180,156,458,1170,2564,3417,2841,1694,826,223,10
11 ....I.E..GI.EAAGI...FHBB..FHCC.DDD.. 4848 328,222,516,812,740,634,578,469,292,165,74,18
12 ....IJE..GIJEAAGIJ..FHBB..FHCC.DDD.. 13279 328,222,1182,2229,2861,2263,1532,1096,775,432,235,100,24
10 .....I...FHIAA.FHI...GBBE..GCCEDDD.. 11853 543,578,2467,2968,2108,1258,897,717,260,48,9
08 ...G.....G...AAG..BBF...E.FCC.EDDD.. 5068 2431,180,192,696,764,489,234,74,8
10 .....HE..G.HEAAG.H..FGBB..FCC..DDD.. 7212 812,60,244,383,1008,1366,1361,1007,601,316,54
08 .....G.....GAA.F.HBB.F.HE..FCCEDDD.. 5032 863,100,302,658,1224,1086,603,190,6
07 ...F.....FG.AA.FG.BB....E.CC..EDDD.. 5384 1290,197,360,959,1292,840,362,84
11 .....I....HI.AAGHJBBFG.JE.FGCCEDDD.. 31468 4598,456,1448,2708,5108,6145,5085,3233,1664,756,249,18
11 ....H.....H.AA.GI.EBBGI.E.FGCC..FDDD 5632 1303,168,328,716,1107,934,583,289,127,61,15,1
09 .....H...FGHAA.FGH...FBBE.CC..EDDD.. 12565 674,114,540,1052,2290,3076,2732,1535,504,48
12 ....HJ....HJAA.GIJEBBGI.E.FGCC..FDDD 15437 891,120,616,1303,2574,3590,2985,1881,921,370,151,33,2
10 ....H.E..GH.EAAGH...FGBB..FCC..DDD.. 5252 325,60,160,298,824,1063,1017,734,457,257,57
11 ....HIE..GHIEAAGHI..FGBB..FCC..DDD.. 14790 325,60,340,778,1501,2974,3193,2568,1614,887,471,79
15 ..F.....F.H.AAG.H.BBG.I.ECC.I.EDDD.. 585 78,127,114,44,32,10,36,32,32,12,14,16,12,10,8,8
18 ..F.....F.H.AAG.H.BBG.IJECC.IJEDDD.J 1718 50,75,285,255,176,192,143,97,75,50,80,30,35,40,35,32,30,30,8
15 ..F.....F...AAG.H.BBG.H.ECC.H.EDDD.. 1097 20,30,34,46,47,74,74,118,110,120,100,148,88,64,18,6
17 ..F.....F...AAG.H.BBG.HIECC.HIEDDD.I 2783 20,30,124,133,160,149,218,198,270,254,276,196,289,202,155,73,30,6
16 ..F.....FHI.AAGHI.BBG.J.ECC.J.EDDD.. 1819 304,255,291,229,134,79,62,102,79,44,34,41,44,40,33,28,20
19 ..F.....FHI.AAGHI.BBG.JKECC.JKEDDD.K 5230 206,166,672,751,676,610,481,297,225,177,144,106,83,100,111,111,107,104,83,20
16 ..F.....FH..AAGHI.BBG.I.ECC.I.EDDD.. 3059 84,69,97,141,151,189,200,246,312,298,243,284,291,234,152,53,15
18 ..F.....FH..AAGHI.BBG.IJECC.IJEDDD.J 7505 84,69,304,402,510,508,573,552,572,658,601,481,536,542,471,356,188,83,15
18 ..F.....FH..AAGH..BBGI.JECCI.JEDDD.J 1531 120,52,188,155,125,123,88,75,93,104,86,57,46,54,67,55,29,12,2
11 ........GH.JAAGH.JF..HBBFCCCI.DDEEI. 27138 5567,224,554,1310,3064,4561,4399,3242,2292,1400,485,40
18 ..F.....FHJKAAGHJKBBGI..ECCI.LEDDD.L 6052 780,365,1070,990,795,426,196,158,204,181,139,91,91,123,149,141,96,43,14
18 ..F.....FHJ.AAGHJ.BBGIK.ECCIK.EDDD.. 1211 240,128,185,208,114,52,15,36,41,39,23,16,20,24,22,19,17,8,4
21 ..F.....FHJ.AAGHJ.BBGIKLECCIKLEDDD.L 3449 178,91,399,564,611,458,294,142,87,85,76,56,39,36,46,57,57,56,57,37,19,4
18 ..F.....FH..AAGHJ.BBGIJ.ECCIJ.EDDD.. 1107 76,39,69,117,116,101,79,58,76,76,58,38,32,40,48,42,27,12,3
08 .....HE....HEAA..I..FBBI..FGCCDDDG.. 23458 3825,3894,9178,4721,1505,238,73,20,4
20 ..F.....FH..AAGHJ.BBGIJKECCIJKEDDD.K 3194 76,39,186,309,428,391,314,233,150,174,162,124,82,72,92,114,108,79,42,16,3
11 ........FH..AAFH..BBGH..E.GCC.EDDD.. 2455 1305,66,58,204,278,256,140,57,34,36,19,2
17 ..F.....F...AAGH..BBGH.IECCH.IEDDD.I 2486 128,13,50,58,121,122,163,138,231,252,204,169,239,249,213,112,22,2
18 ..F.....F.IJAAGHIJBBGH..ECCH.KEDDD.K 8376 1323,98,283,436,755,875,781,593,486,486,418,365,344,318,257,240,203,101,14
18 ..F.....F.I.AAGHI.BBGHJ.ECCHJ.EDDD.. 1104 226,26,42,94,143,128,102,45,55,41,30,20,23,28,30,26,21,20,4
20 ..F.....F.I.AAGHI.BBGHJKECCHJKEDDD.K 3071 156,26,120,211,392,502,418,304,128,137,96,72,48,56,68,78,77,73,74,31,4
17 ..F.....F...AAGHI.BBGHI.ECCHI.EDDD.. 1801 64,13,26,49,113,109,141,102,164,175,144,117,161,175,144,80,21,3
19 ..F.....F...AAGHI.BBGHIJECCHIJEDDD.J 4320 64,13,65,127,233,399,365,413,266,366,342,270,212,290,310,285,189,83,25,3
10 ........F..HAAF..HE.FBB.ECC.GIDDD.GI 10524 1463,1501,2893,427,613,1114,1276,865,314,46,12
09 ......E...HIE.AAHI..FBBI..FGCCDDDG.. 50045 2717,2884,11255,12713,10015,6123,2977,1090,244,27
14 ........F..HE.FAAHE.FBBH...GCCDDDG.. 7237 825,399,1197,711,216,204,232,513,993,1093,629,153,44,24,4
11 ........FG.IAAFG.IE.FBB.ECC.HJDDD.HJ 24426 4407,2194,4204,637,1130,2321,3400,3315,1999,677,117,25
09 ..F.....FG..AAFG..EBBH..ECCH..DDD... 2364 1263,402,61,119,196,189,80,40,11,3
24 ..F.....FG..AAFG.IBB.H.IECCH.IEDDD.. 2658 338,98,294,77,23,66,36,61,147,220,210,150,76,59,61,76,116,80,56,61,85,103,101,49,15
30 ........FGIJAAFGIJ..FHBBECCH.KEDDD.K 10734 2300,693,1289,110,248,559,907,972,703,393,215,114,47,19,13,13,29,56,93,157,269,356,316,264,163,132,89,87,76,42,10
12 .....JE..GIJEAAGIJ..FHBB..FHCC.DDD.. 21757 1376,904,3679,4205,3596,2562,1845,1563,1021,565,303,114,24
10 .....H.....H.AAG.IBBFG.IE.FGCCEDDD.. 9989 2404,168,464,873,1688,1787,1319,760,373,144,9
09 ...G.....GH..AAGH.BBF...E.FCC.EDDD.. 11628 3734,348,516,1404,2163,1793,1038,474,142,16
11 .....IE..GHIEAAGHI..FGBB..FCC..DDD.. 23186 1703,180,796,1366,3004,4334,4431,3483,2121,1174,522,72
17 ..F.....F.HJAAG.HJBBG.I.ECC.IKEDDD.K 2177 128,202,578,422,199,114,48,94,76,54,25,29,35,39,40,42,36,16
17 ..F.....F..IAAG.HIBBG.H.ECC.HJEDDD.J 3062 40,60,188,213,219,207,214,209,245,252,244,173,216,214,178,121,57,12
18 ..F.....FHIKAAGHIKBBG.J.ECC.JLEDDD.L 6772 510,421,1307,1304,975,568,281,179,217,141,77,67,82,102,120,136,139,106,40
19 ..F.I...F.IJAAG.IJE.GBBKECCH.KDDDH.. 8225 168,138,470,640,738,693,639,538,519,541,499,443,440,451,438,389,296,150,34,1
17 ..F.....FH.JAAGH.JBBGI..ECCI.KEDDD.K 1830 362,146,381,229,134,76,44,70,64,65,47,31,39,51,46,29,12,4
19 ..F.....FHJ.AAGHJ.BBGI.KECCI.KEDDD.K 5015 298,143,557,581,562,478,352,251,243,274,238,169,124,126,159,175,152,88,38,7
20 ..F.....FHJLAAGHJLBBGIK.ECCIKMEDDD.M 4597 418,219,749,977,913,495,190,44,70,58,46,30,26,35,48,57,66,69,53,26,8
20 ..F.....FH.KAAGHJKBBGIJ.ECCIJLEDDD.L 3704 152,78,294,495,631,526,364,210,132,124,98,72,52,52,70,94,99,82,50,23,6
17 ..F.....F..IAAGH.IBBGH..ECCH.JEDDD.J 3324 941,46,108,152,247,262,240,185,195,176,170,147,159,114,81,65,32,4
12 ........FHI.AAFHI.BBGH..E.GCC.EDDD.. 4426 1531,92,117,334,598,653,481,242,121,104,100,49,4
18 ..F.....F.I.AAGHI.BBGH.JECCH.JEDDD.J 6930 284,39,160,217,415,508,521,476,473,618,546,439,451,539,523,409,238,67,7
20 ..F.....F.IKAAGHIKBBGHJ.ECCHJLEDDD.L 4033 382,52,188,347,611,705,528,302,122,116,75,50,38,45,58,77,90,98,91,50,8
19 ..F.....F..JAAGHIJBBGHI.ECCHIKEDDD.K 4750 128,26,104,202,395,563,494,411,260,301,255,227,218,228,234,258,227,151,62,6
13 ...G.I...G.IAA.H.I.F.HBBEFCC..EDDD.. 5152 460,368,1268,830,482,406,394,302,224,136,100,82,80,20
08 ........F...AAF...E.FBB.ECC.G.DDD.G. 3716 1154,1246,168,286,426,284,124,20,8
13 ........F...AAF...E.FBBHECC.GHDDD.GH 7724 559,559,1677,820,199,153,277,523,1006,1109,658,154,26,4
11 .....H..F..HE.FAAIE.FBBI...GCCDDDG.. 9918 2409,1175,2205,388,580,1023,1132,735,233,24,10,4
09 ........FG..AAFG..E.FBB.ECC.H.DDD.H. 9598 3610,1887,330,603,1055,1119,676,255,47,16
13 ...GI....GI.AA.HI..F.HBBEFCC..EDDD.. 3664 280,244,573,702,465,395,307,222,128,83,83,82,80,20
14 ...GIJ...GIJAA.HIJ.F.HBBEFCC..EDDD.. 9881 280,244,1305,2252,2284,1294,769,497,376,196,101,101,82,80,20
14 ........FG..AAFG..E.FBBIECC.HIDDD.HI 17709 1643,816,2448,974,245,251,438,930,2016,3063,2912,1523,364,77,9
08 .........G..AA.G..BB.G..EFCC..EFDDD. 4639 2486,189,141,551,558,390,224,84,16
17 .........G.HAA.G.HBB.G.HEFCC..EFDDD. 6050 834,60,228,296,794,960,748,366,60,6,18,90,198,318,422,410,202,40
29 ........FG.IAAFG.I..FHBBECCH.JEDDD.J 3597 1056,295,527,36,86,182,245,210,134,86,63,38,20,16,13,7,15,26,37,63,94,79,69,37,34,27,32,36,26,8
14 ........FG..AAFG....FHBBECCHI.EDDDI. 4818 2012,641,116,223,412,542,427,215,122,57,25,10,8,6,2
26 .....J..FG.JAAFG.J..FHBBECCHI.EDDDI. 7777 833,257,771,154,46,98,95,169,406,722,829,638,370,184,103,93,134,126,116,133,189,296,397,370,188,58,2
17 .........GH.AA.GH.BB.GH.EFCC..EFDDD. 4262 303,60,162,220,648,744,571,288,48,6,18,90,192,252,272,242,122,24
19 .........GHIAA.GHIBB.GHIEFCC..EFDDD. 11868 303,60,342,706,1118,2244,2096,1323,558,60,6,18,90,204,366,608,766,635,305,60
10 ........H.IJAAH.IJBBH...FGCCC.FGDDEE 19352 4391,4517,4691,556,920,1483,1472,881,342,93,6
11 ........HIJKAAHIJKBBH...FGCCC.FGDDEE 36909 11419,5089,5251,856,1584,2939,3875,3297,1736,669,182,12
10 ....HJEF..HJEFAAIJ.BB.I...GCC...GDDD 24536 1182,2085,8065,7576,3443,1128,364,242,191,185,75
10 ....H.E...H.EAA.H..BB....FGCC..FGDDD 8192 350,629,882,1777,1493,1008,776,559,462,222,34
11 ....HIE...HIEAA.HI.BB....FGCC..FGDDD 23247 350,629,2769,3602,5311,3735,2390,1763,1171,959,483,85
09 ......EF...IEFAA.I..GBBI..GHCCDDDH.. 40945 3803,3323,10934,10064,5975,3665,1841,914,362,64
14 ...G.J...GIJAA.HIJ.F.HBBEFCC..EDDD.. 16485 1156,980,3811,3594,2256,1384,955,835,548,300,201,183,162,100,20
09 ........G.HIAAG.HIBBG...FCCC..FDDEEE 3846 643,668,742,152,300,502,497,263,64,15
10 ........GHIJAAGHIJBBG...FCCC..FDDEEE 8134 1703,741,826,242,514,999,1343,1113,495,128,30
09 .........G..AA.G...F.GBBEFCCH.EDDDH. 10109 3751,361,444,1067,1574,1278,856,520,216,42
18 .........GHIAA.GHIBB.G.IEFCC..EFDDD. 18939 1696,180,760,1118,2290,3076,2732,1615,566,66,24,108,294,564,938,1224,1073,515,100
11 ....IKE..HIKEAAHJK.FBBJ..FGCC...GDDD 51240 3441,3108,12598,13854,9359,4917,1992,844,501,389,216,21
11 ....I.E..HI.EAAHI..BB....FGCC..FGDDD 18164 1108,1023,1609,2845,2950,2587,2150,1786,1254,615,193,44
07 ...E.....EFGAA.EFG..BB...CCC...DDD.. 4514 559,88,230,627,1140,1160,602,108
12 ....IJE..HIJEAAHIJ.BB....FGCC..FGDDD 49045 1108,1023,4678,6661,9203,8010,6069,4642,3565,2388,1195,398,105
14 ...H.J..GH.JAAGI.J.F.IBBEFCC..EDDD.. 10888 1184,629,2122,1325,917,923,701,679,641,575,448,318,242,150,34
09 ...F.....FGH.AAFGH..EBB...ECCC.DDD.. 8795 1455,123,287,776,1630,2079,1583,684,158,20
08 ........E..GAAE..G..EBB.CCC.F.DDD.F. 2520 287,296,285,95,246,473,540,274,24
09 ........EF.HAAEF.H..EBB.CCC.G.DDD.G. 6363 814,365,341,140,397,913,1429,1376,546,42
05 ....D.....DEAA..DE...BB...CCC....... 639 18,72,210,210,111,18
06 ....E....DEFAA.DEF...BB...CCC....... 1682 63,132,445,535,354,137,16
05 ...D.....D.EAA.D.E..BB...CCC........ 428 90,32,68,118,96,24
14 ...HJ...GHJ.AAGIJ..F.IBBEFCC..EDDD.. 6878 684,394,681,930,760,682,591,519,404,291,243,249,236,166,48
07 ....E.....EG.AA.FG.BB.F...DCCC..D... 1382 114,252,478,358,130,26,16,8
07 ....E.....EF.AA.EF.BB.....DCCC..D... 1087 42,96,250,298,215,100,58,28
08 ....F....EFH.AAEGH.BB.G...DCCC..D... 3958 393,456,1015,1100,678,226,59,25,6
08 ....F....EFG.AAEFG.BB.....DCCC..D... 2974 150,177,520,742,664,405,204,92,20
07 ...E.....E.G.AAF.G.BBF....DCCC..D... 841 211,123,189,169,103,35,9,2
15 ...HJK..GHJKAAGIJK.F.IBBEFCC..EDDD.. 16861 684,394,1863,2783,3187,2295,1594,1123,873,620,403,315,275,238,166,48
07 ...E.....E.F.AAE.F.BB.....DCCC..D... 924 247,45,89,165,199,124,45,10
09 ....F....EFG.AAEFG..DEBB..DCCC...... 1698 102,33,121,258,400,404,249,101,28,2
05 ..D.....D...AAE.....E.BBCCC..F.....F 288 46,70,109,33,27,3
06 ..D.....D..GAAE..G..EBB.CCCF.....F.. 612 134,83,143,100,84,56,12
05 ..D.....D..EAAD..E.BB...CCC......... 388 80,89,90,35,64,30
06 ..D.....DE.FAADE.F.BB...CCC......... 910 243,124,122,66,129,154,72
07 ....E.....EGAA..FGBB..F..DCCC..D.... 1442 114,320,570,290,60,32,40,16
07 ....E.....EFAA..EFBB.....DCCC..D.... 1255 42,120,314,310,185,108,120,56
08 ....F....EFHAA.EGHBB..G..DCCC..D.... 3450 375,568,1165,842,276,72,56,64,32
10 ......E..H..EAAH..BBGH...FGCC..FDDD. 12658 7950,397,232,870,1140,951,634,330,121,30,3
08 ....F....EFGAA.EFGBB.....DCCC..D.... 2788 141,216,627,681,438,229,168,192,96
10 ....F.....FH.AA.GH.BB.G..DECCC.DE... 2358 282,488,746,450,154,58,66,55,36,21,2
19 ......E..H.IEAAH.IBBGH.I.FGCC..FDDD. 12667 2193,101,367,383,1008,1366,1361,1059,683,370,88,120,334,593,788,828,620,299,92,14
10 ....F.....FG.AA.FG.BB....DECCC.DE... 2115 96,174,374,398,289,190,198,198,140,54,4
11 ....G....FGI.AAFHI.BB.H..DECCC.DE... 5950 939,868,1481,1248,702,258,125,128,110,63,24,4
11 ....G....FGH.AAFGH.BB....DECCC.DE... 4956 330,315,738,888,748,497,376,414,380,198,64,8
07 ...E.....E.GAA.F.GBB.F..DCCC..D..... 1034 243,202,268,157,78,49,31,6
08 ...EG....EGHAA.FGHBB.F..DCCC..D..... 2134 132,132,463,594,402,200,114,77,20
10 ......EF..IJEFAAIJ..GBBJ..GHCCDDDH.. 100381 7244,6431,23450,23623,17690,11425,6264,2979,1064,177,34
07 ...E.....E.FAA.E.FBB....DCCC..D..... 1304 334,71,131,216,228,174,114,36
19 ......E..HI.EAAHI.BBGHI..FGCC..FDDD. 8427 716,101,199,298,824,1063,1017,760,473,275,89,116,310,503,566,502,352,188,66,9
09 ....F....EFGAA.EFGD..EBBDCCC........ 2430 132,51,205,357,480,480,374,255,90,6
08 ....F.D...FHDAA.GH.BB.G...ECCC..E... 4000 402,820,1392,908,316,60,38,40,24
08 ....F.D...FGDAA.FG.BB.....ECCC..E... 3273 141,300,719,844,635,276,154,132,72
21 ......E..HIJEAAHIJBBGHIJ.FGCC..FDDD. 21637 716,101,502,895,1501,2974,3193,2568,1652,905,491,111,116,322,627,988,1264,1246,876,431,138,20
09 ....G.D..FGIDAAFHI.BB.H...ECCC..E... 9876 1281,1298,2573,2482,1452,496,136,81,59,18
09 ....G.D..FGHDAAFGH.BB.....ECCC..E... 7790 465,483,1297,1786,1654,1045,526,304,178,52
09 ...F.....F.H.AAG.HBBEG..D.ECCCD..... 1966 643,295,361,240,151,84,88,68,28,8
10 ...FH....FHI.AAGHIBBEG..D.ECCCD..... 3292 309,183,518,710,606,367,204,151,144,84,16
09 ...F.....F.G.AAF.GBBE...D.ECCCD..... 2670 909,104,164,263,331,274,255,229,131,10
16 ..G.....G.I.AAH.I.BBH.J.EFCCJ.EFDDD. 1060 162,234,160,44,32,10,36,42,52,64,66,62,45,25,14,11,1
19 ..G.....G.I.AAH.I.BBH.JKEFCCJKEFDDDK 2934 100,135,485,351,206,246,203,133,99,75,115,160,165,155,119,78,53,42,13,1
16 ..G.....G...AAH.I.BBH.I.EFCCI.EFDDD. 2536 40,54,46,58,53,90,96,149,150,174,300,444,484,294,89,14,1
10 ....G...EFGHAAEFGHD..FBBDCCC........ 4095 306,72,228,417,618,680,571,451,408,280,64
18 ..G.....G...AAH.I.BBH.IJEFCCIJEFDDDJ 5981 40,54,208,175,196,167,262,258,345,352,405,627,885,975,663,276,78,14,1
17 ..G.....GIJ.AAHIJ.BBH.K.EFCCK.EFDDD. 2958 620,459,379,229,134,79,62,112,105,103,98,136,163,126,78,46,27,2
20 ..G.....GIJ.AAHIJ.BBH.KLEFCCKLEFDDDL 7855 412,296,1110,961,736,700,562,339,249,210,191,242,241,335,401,325,232,168,112,31,2
09 ...F.....FGHAA.FGHBB....ECCC..EDDD.. 12433 1905,193,445,1136,2110,2441,1982,1329,712,180
17 ..G.....GI..AAHIJ.BBH.J.EFCCJ.EFDDD. 6179 168,123,127,165,163,211,225,277,362,370,473,664,970,960,666,214,39,2
19 ..G.....GI..AAHIJ.BBH.JKEFCCJKEFDDDK 13879 168,123,496,504,582,544,635,621,647,772,760,950,1260,1818,1839,1338,595,192,33,2
11 ....G.D...GIDAA.HI.BB.H..EFCCC.EF... 7610 1020,1692,2380,1260,428,196,214,168,119,88,39,6
11 ....G.D...GHDAA.GH.BB....EFCCC.EF... 7173 330,576,1164,1242,977,678,678,640,502,281,95,10
12 ........GI..AAGI..BBHI..EFHCC.EFDDD. 6940 4633,170,80,288,462,496,347,194,117,92,49,11,1
15 ...H.K..GHJKAAGIJK.F.IBBEFCC..EDDD.. 31287 2932,1652,6083,5109,3866,2890,1973,1693,1417,1083,811,633,535,392,184,34
27 ........GI.JAAGI.JBBHI.JEFHCC.EFDDD. 4600 256,23,80,58,121,122,163,138,231,256,212,181,251,263,243,142,66,131,224,287,316,293,234,153,90,46,17,3
12 ....H.D..GHJDAAGIJ.BB.I..EFCCC.EF... 16550 3141,2650,4099,2986,1564,632,376,401,346,198,97,48,12
27 ........GIJ.AAGIJ.BBHIJ.EFHCC.EFDDD. 3212 128,23,32,49,113,109,141,102,164,177,146,121,163,178,155,92,65,130,206,221,195,169,136,97,61,29,9,1
12 ....H.D..GHIDAAGHI.BB....EFCCC.EF... 14678 1044,915,1990,2310,2026,1453,1178,1356,1276,701,289,120,20
29 ........GIJKAAGIJKBBHIJKEFHCC.EFDDD. 6964 128,23,101,145,233,399,365,413,266,366,346,274,216,292,313,296,201,127,154,227,289,332,350,352,301,221,139,69,23,3
11 ......E..HI.EAAHI.BBGH...FGCC..FDDD. 24166 11249,715,654,1618,2719,2675,2028,1374,761,296,71,6
06 ....E.....EFAA..EF...BB...CCC....DD. 2829 54,216,630,900,723,270,36
11 ...G.....GHI.AAGHIBBF...E.FCCCEDDD.. 21923 4861,280,534,1285,2600,3360,3027,2346,1873,1249,472,36
15 .......FG..IEFGAAIE.GBBI...HCCDDDH.. 17680 2367,1156,3468,2422,853,615,556,997,1737,1806,1022,329,184,100,60,8
07 ....F....EFGAA.EFG...BB...CCC....DD. 7015 180,360,1230,1896,1849,1124,344,32
06 ...E.....E.FAA.E.F..BB...CCC....DD.. 1924 404,84,186,422,516,264,48
20 ......E..HIJEAAHIJBBGH.J.FGCC..FDDD. 36633 4296,303,1191,1444,3004,4334,4431,3563,2277,1250,576,226,460,977,1597,2097,2128,1520,720,211,28
08 ....F....EFGAA.EFG...EBB.CCC....DD.. 3754 120,48,212,432,866,1116,736,205,19
09 ........F..HAAF..HE.FBB.ECCCG.DDD.G. 6543 1084,1118,1075,247,527,918,986,530,46,12
10 ........FG.IAAFG.IE.FBB.ECCCH.DDD.H. 14463 2939,1297,1227,382,887,1794,2551,2325,961,84,16
08 ....F.....FG.AA.FG.BB.....ECCC..EDD. 4679 126,288,750,1164,1151,680,308,156,56
09 ....G....FGH.AAFGH.BB.....ECCC..EDD. 12226 429,483,1435,2473,2906,2342,1326,580,212,40
18 ..G.....G.IKAAH.IKBBH.J.EFCCJLEFDDDL 3576 262,369,978,554,199,114,48,102,110,116,129,130,122,107,89,71,51,23,2
09 ...FH....FHI.AAGHI..EGBB..ECCC..DD.. 5883 294,195,637,1139,1332,1141,734,315,83,13
18 ..G.....G..JAAH.IJBBH.I.EFCCIKEFDDDK 6110 80,108,308,279,261,233,259,264,323,366,426,519,652,741,648,422,180,39,2
08 ...F.....F.G.AAF.G..EBB...ECCC..DD.. 4087 1098,118,244,548,876,746,351,94,12
06 .....F.....FAA...F....BB....CC.DDDEE 812 16,64,192,240,244,52,4
08 .....G.....G..AA.G...FBB...FCC.DDDEE 1836 44,80,288,432,536,330,94,30,2
10 ....G....FGH.AAFGH..EFBB..ECCC..DD.. 6974 291,66,242,552,1169,1767,1629,883,300,70,5
10 .....H...F.HAA.F.H...GBB...GCCDDDEE. 844 16,16,64,104,176,192,108,92,60,8,8
09 .........FGHAA.FGH...FBB..CC.IDDDEEI 2988 206,32,136,324,638,792,580,232,44,4
06 ..E.....E..FAAE..F.BB...CCC....DD... 1798 370,397,392,123,250,206,60
07 .....G..F..GAAF..G....BB....CC.DDDEE 1696 44,104,336,476,506,196,32,2
07 ..E.....EF.GAAEF.G.BB...CCC....DD... 4041 1079,515,504,216,471,668,462,126
09 .....H..F..H..FAAH...GBB...GCC.DDDEE 3871 121,130,480,788,1046,756,383,132,33,2
19 ..G.....GIJLAAHIJLBBH.K.EFCCKMEFDDDM 9897 1032,755,2111,1576,975,568,281,187,251,209,192,206,274,316,290,256,215,143,56,4
12 .....I...G.I.AAG.I..FHBB..FHCCDDDEE. 1808 44,26,104,176,309,332,262,218,181,103,34,17,2
08 ....F.....FGAA..FGBB.....ECCC..E.DD. 5255 126,360,942,1320,1113,586,392,304,112
11 .........GHI.AAGHI..FGBB..FCCJDDDEEJ 6071 561,52,206,468,979,1372,1259,774,309,78,12,1
09 ....G....FGHAA.FGHBB.....ECCC..E.DD. 11007 402,588,1724,2450,2295,1475,788,609,484,192
13 ........GIJ.AAGIJ.BBHI..EFHCC.EFDDD. 10498 5091,216,171,440,866,1077,934,611,395,307,243,121,24,2
09 .....H.F...H.FAA.H...GBB...GCC.DDDEE 3180 112,152,512,736,888,476,176,72,52,4
10 ....HJ....HJAA..IJ.FBBI..F.GCCDDDGEE 3868 64,88,412,788,1064,916,412,96,14,10,4
13 ...G.I...G.IAA.H.I.F.HBB.FCC..DDDEE. 1176 32,24,88,128,224,220,140,112,84,46,24,28,14,12
28 ........GIJKAAGIJKBBHI.KEFHCC.EFDDD. 11812 568,69,254,229,415,508,521,476,473,622,558,455,467,555,556,450,294,240,360,513,619,666,645,535,374,229,115,40,6
11 ....G.....GH.AA.GH.BB....EFCCC.EFDD. 8400 288,522,1122,1584,1541,996,704,670,546,311,108,8
10 .....I.FG..I.FGAAI...HBB...HCC.DDDEE 6794 308,268,910,1396,1770,1088,583,265,143,59,4
11 ....IK..G.IKAAG.JK.FBBJ..F.HCCDDDHEE 6556 158,140,607,1129,1645,1465,897,365,109,33,6,2
14 ...H.J..GH.JAAGI.J.F.IBB.FCC..DDDEE. 2572 88,42,152,224,405,374,322,263,233,170,104,71,66,38,20
12 .....I.FG..IEFGAAJE.GBBJ...HCCDDDH.. 24354 7368,3555,6526,1003,988,1634,1742,1081,343,42,30,30,12
12 ....H....GHI.AAGHI.BB....EFCCC.EFDD. 18895 942,858,2027,3027,3352,2693,1810,1399,1281,930,432,128,16
07 .....G.....GAA...GBB....F...CCFDDDEE 2577 53,184,552,702,716,272,86,12
08 ....GI....GIAA..HIBB..H.F..CC.FDDDEE 3003 28,97,429,730,830,587,221,66,15
09 .....H.....H..AA.HBB.G..F..GCCFDDDEE 5342 140,222,778,1152,1412,994,420,186,32,6
11 .....I...G.IAA.G.I...HBBF..HCCFDDDEE 2171 45,38,146,228,396,462,288,274,206,46,38,4
09 .....H.....H.AA..HBBG...F.G.CCFDDDEE 4948 140,298,930,1288,1358,624,217,71,18,4
10 ....HJ....HJ.AA.IJBBG.I.F.GCC.FDDDEE 4336 64,138,578,963,1134,810,382,163,69,25,10
07 .....G....FGAA..FG....BB....CC.DDDEE 2192 25,100,384,600,658,361,61,3
09 .....H....GH..AAGH...FBB...FCC.DDDEE 5355 72,132,582,1090,1472,1241,587,152,26,1
10 .....I...H.I.AAH.IBBG...F.G.CCFDDDEE 10082 366,358,1251,1942,2480,1825,1033,530,226,55,16
11 .....I...FHIAA.FHI...GBB...GCCDDDEE. 2678 30,32,152,308,516,628,464,266,184,77,15,6
08 .........F.GAA.F.G...FBB..CC.HDDDEEH 942 126,16,56,120,232,232,124,32,4
08 .....H..F.GHAAF.GH....BB....CC.DDDEE 4120 66,156,606,1014,1202,770,266,38,2
11 ....IK...HIK.AAHJKBBG.J.F.GCC.FDDDEE 10934 198,198,901,1757,2556,2427,1564,760,349,148,62,14
09 ..........HI.AA.HI..FBBI..FGCCDDDGEE 10451 192,208,898,1755,2595,2411,1569,650,160,13
13 .....JF..H.JFAAH.J..GIBB..GICCDDDEE. 4054 114,60,225,347,618,672,515,496,448,290,147,93,24,5
13 .....J...GIJ.AAGIJ..FHBB..FHCCDDDEE. 5431 82,52,238,490,880,1061,957,667,484,320,137,48,13,2
10 .........G.H.AAG.H..FGBB..FCCIDDDEEI 2020 354,26,88,174,355,436,341,177,57,11,1
12 ......F..HIJFAAHIJ..GHBB..GCCKDDDEEK 12889 1706,120,432,866,1801,2578,2473,1664,814,321,94,18,2
09 ...FH....FHIAA.GHIE..GBBECCC....DD.. 7441 327,315,1110,1615,1450,1165,802,417,194,46
08 ...F.....F.GAA.F.GBB....ECCC..E.DD.. 5714 1466,186,360,770,1060,880,608,312,72
10 .....I.F..HI.FAAHI...GBB...GCC.DDDEE 8344 176,240,982,1718,2248,1740,820,262,112,44,2
14 ...G.J...GIJAA.HIJ.F.HBB.FCC..DDDEE. 3430 60,48,208,380,636,716,528,308,222,135,60,51,40,26,12
10 ....G....FGHAA.FGHE..FBBECCC....DD.. 9839 366,102,410,777,1554,2179,1952,1374,832,275,18
08 .........FG.AA.FG....FBB.CCC.HDDDEEH 2755 285,36,117,323,670,774,450,96,4
10 .....I.G...I.GAA.IBB.H..F..HCCFDDDEE 10202 372,466,1534,2188,2592,1636,798,352,226,30,8
10 ........G.IJAAG.IJ.FBB.J.F.HCCDDDHEE 15994 466,408,1596,2818,3949,3253,2053,939,359,136,17
09 ........FGH.AAFGH....GBB.CCC.IDDDEEI 5266 738,50,145,393,918,1316,1098,496,104,8
09 ....G.....GIAA..HIEBB.H.E.FCCCDDF... 14414 1384,2834,4937,3385,1314,250,116,116,74,4
09 ....G.E...GHEAA.GH.BB.....FCCC..FDD. 13291 402,852,2032,3142,3207,1882,788,478,364,144
15 ...H.K..GHJKAAGIJK.F.IBB.FCC..DDDEE. 6919 164,84,344,616,1102,1181,1055,734,554,416,247,134,122,88,58,20
14 ...H.J...H.JAA.I.J.G.IBBFGCC..FDDDEE 3266 90,60,212,294,528,566,406,340,284,192,96,104,48,40,6
08 .....H....GHAA..GHBB....F...CCFDDDEE 6641 81,281,1068,1668,1839,1162,412,115,15
10 ....H....GHJAA.GIJEBB.I.E.FCCCDDF... 34158 4261,4160,8562,8702,5452,2013,527,239,175,61,6
10 .....I....HI..AAHIBB.G..F..GCCFDDDEE 14871 224,357,1528,2794,3729,3294,1871,774,250,45,5
10 .........GH.AA.GH.F..GBBFCCC.IDDDEEI 6950 918,78,229,585,1230,1556,1223,697,342,90,2
12 .....J...GIJAA.GIJ...HBBF..HCCFDDDEE 6611 84,76,346,673,1137,1425,1121,747,584,289,88,38,3
10 ....H.E..GHIEAAGHI.BB.....FCCC..FDD. 30726 1284,1290,3479,5824,7013,5744,3216,1499,843,430,104
11 ....IK.G..IK.GAAJKBBH.J.F.HCC.FDDDEE 7621 158,283,1117,1738,2015,1333,600,233,89,35,15,5
10 .....I....HI.AA.HIBBG...F.G.CCFDDDEE 11136 204,436,1622,2594,2994,1972,861,315,100,30,8
11 .....J.G...J.GAA.JBBHI..F.HICCFDDDEE 20225 984,816,2667,3960,4821,3136,1833,1023,636,284,53,12
11 ...GI....GIJ.AAHIJBBFH..E.FCCCE..DD. 11357 768,438,1243,1898,1996,1736,1277,803,559,409,198,32
11 ........GHI.AAGHI.F..HBBFCCC.JDDDEEJ 11739 2318,112,277,655,1478,2098,1907,1304,879,525,174,12
10 ...G.....G.H.AAG.HBBF...E.FCCCE.DD.. 11346 3932,272,454,896,1420,1362,1119,977,675,225,14
11 .....J...HIJ.AAHIJBBG...F.G.CCFDDDEE 25242 564,556,2266,4134,5824,5288,3563,1858,817,270,86,16
14 .....KF..HJKFAAHJK..GIBB..GICCDDDEE. 11404 212,120,514,967,1712,2031,1775,1331,1118,808,438,247,98,28,5
11 ....H...FGHIAAFGHIE..GBBECCC....DD.. 16140 846,144,456,897,1857,2830,2863,2211,1706,1389,787,154
15 ...I.K..HI.KAAHJ.K.G.JBBFGCC..FDDDEE 6458 228,101,348,470,864,828,732,648,608,513,388,291,234,133,62,10
11 ......F..H.IFAAH.I..GHBB..GCCJDDDEEJ 4590 1113,60,184,319,669,843,706,425,190,64,15,2
11 .....J.G..IJ.GAAIJBB.H..F..HCCFDDDEE 25439 570,715,2850,4880,6279,5138,2903,1267,587,217,27,6
15 ...H.K...HJKAA.IJK.G.IBBFGCC..FDDDEE 9026 168,120,500,871,1467,1709,1363,896,707,498,255,196,139,85,46,6
12 .....K.G..JK.GAAJKBBHI..F.HICCFDDDEE 43836 1440,1200,4502,7556,10078,8226,5373,2939,1548,750,180,40,4
07 .........EF.AA.EF....EBBCCCDDG.....G 578 30,12,53,115,172,154,40,2
08 ........EFG.AAEFG....FBBCCCDDH.....H 1041 79,17,66,146,257,288,156,30,2
16 ...I.L..HIKLAAHJKL.G.JBBFGCC..FDDDEE 15926 424,202,786,1291,2282,2415,2140,1569,1335,1113,809,539,462,291,186,72,10
08 .........FG.AA.FG....FBBCCCDDH..EE.H 2694 144,36,159,381,684,784,418,84,4
09 ........FGH.AAFGH....GBBCCCDDI..EE.I 4870 379,51,198,474,969,1322,1017,392,64,4
12 ....H.E...HIEAA.HI.BB....FGCCC.FGDD. 27100 942,1641,3305,4705,4821,3283,2356,2174,1823,1226,614,190,20
13 ....I.E..HIJEAAHIJ.BB....FGCCC.FGDD. 53670 2880,2442,5327,7744,8777,7244,5096,4282,4193,3192,1573,640,240,40
07 ....F.....FGAA..FG...BB...CCC..DDEE. 2874 18,72,210,480,879,804,357,54
07 .........F..AA.F.....FBB.CCC.GDDEE.G 2055 421,40,100,300,572,466,144,12
09 .........FGIAA.FGI...FBB.CCCH.DDEEH. 3254 240,32,128,328,700,936,654,196,36,4
09 ....G.....GH.AA.GH..FBB...FCCC.DDEE. 4634 42,96,250,568,1101,1232,818,372,137,18
10 ....H....GHI.AAGHI..FBB...FCCC.DDEE. 11649 129,129,395,989,2084,2912,2623,1578,647,151,12
12 ...GI....GIJ.AAHIJ..FHBB..FCCC.DDEE. 4591 60,33,109,277,616,993,1110,801,363,148,65,15,1
08 ........FG..AAFG.....GBB.CCC.HDDEE.H 4309 1137,56,132,364,824,975,601,192,28
05 .....E.....EAA...E....BB..CCDD...... 324 12,48,144,76,40,4
05 ....E.....E.AA..E....BB..CCDD....... 168 3,12,27,42,66,18
06 ....EF....EFAA..EF...BB..CCDD....... 483 3,12,63,102,123,150,30
07 ....F.....F...AAG...BBG..CCEDD...E.. 292 21,32,68,64,55,44,7,1
08 ....FH....FH..AAGH..BBG..CCEDD...E.. 883 18,28,145,238,197,143,98,14,2
07 ....F.....F...AAF...BB...CCEDD...E.. 427 8,12,37,72,128,124,41,5
10 ........FGHJAAFGHJ...GBB.CCCI.DDEEI. 5879 590,44,152,400,932,1455,1357,704,201,40,4
08 ....FG....FG..AAFG..BB...CCEDD...E.. 1132 8,12,73,162,235,314,254,66,8
06 .....F..E..FAAE..F....BB..CCDD...... 748 36,90,288,216,94,22,2
06 ..E..G..E..GAAF..G..F.BB.CC.DD...... 372 20,38,124,120,53,15,2
06 ..EG....EG..AAFG....FBB..CCDD....... 305 124,31,39,55,43,12,1
06 ..E..F..E..FAAE..F.BB....CC.DD...... 346 22,28,90,83,70,41,12
09 .....G..E..G..EAAG..EBB..CCFDD...F.. 767 55,28,96,110,136,144,114,62,20,2
06 ..EF....EF..AAEG...BBG...CCDD....... 305 124,51,33,44,40,12,1
06 ..EF....EF..AAEF...BB....CCDD....... 282 126,20,18,33,50,30,5
07 .....F.....FAA...FBB.....ECCDD.E.... 638 30,84,252,136,72,24,28,12
08 .....G....FGAA..FHBB...H.ECCDD.E.... 1781 106,296,761,443,90,39,18,20,8
07 ....F.....F.AA..G.BB..G..ECCDD.E.... 215 20,56,62,26,39,2,6,4
07 ....F.....F.AA..F.BB.....ECCDD.E.... 292 7,20,39,62,98,34,16,16
08 ....FG....FGAA..FGBB.....ECCDD.E.... 793 7,20,99,148,181,222,58,30,28
08 .....G...F.GAA.F.GBB.....ECCDD.E.... 1152 72,84,288,244,164,112,88,76,24
09 .....H...FGHAA.FGIBB...I.ECCDD.E.... 3059 264,296,893,835,406,151,92,66,40,16
08 ....G..E..G..EAAH...BBH..CCFDD...F.. 422 51,56,88,72,67,46,17,15,10
09 ....GI.E..GI.EAAHI..BBH..CCFDD...F.. 1193 42,48,223,300,223,171,102,34,30,20
08 ....G..E..G..EAAG...BB...CCFDD...F.. 629 18,20,49,92,160,140,65,47,38
09 ....GH.E..GH.EAAGH..BB...CCFDD...F.. 1576 18,20,109,208,293,386,282,112,84,64
08 .....G..F..GAAF..GBB.....ECCDD.E.... 1452 90,171,531,368,160,58,38,26,10
09 ....G.....GHAA..GH.F.BB..FCCC..DDEE. 4943 42,120,314,700,1297,1241,665,288,196,80
09 .....H..F.GHAAF.GIBB...I.ECCDD.E.... 3596 304,558,1407,887,287,71,30,27,19,6
08 ....G...F.G.AAF.H.BB..H..ECCDD.E.... 366 50,86,74,46,51,26,18,12,3
08 ....G...F.G.AAF.G.BB.....ECCDD.E.... 516 16,29,43,74,126,98,68,48,14
09 ....GH..F.GHAAF.GHBB.....ECCDD.E.... 1378 16,29,130,172,231,314,220,148,94,24
09 .....H..FG.HAAFG.HBB.....ECCDD.E.... 2696 216,171,585,557,401,266,212,174,94,20
10 .....I..FGHIAAFGHJBB...J.ECCDD.E.... 6485 762,558,1583,1533,1065,489,223,142,80,38,12
09 ....H...FGH.AAFGI.BB..I..ECCDD.E.... 789 129,86,100,112,113,102,82,40,19,6
09 ....H...FGH.AAFGH.BB.....ECCDD.E.... 1238 42,29,53,111,209,274,259,161,76,24
10 ....HI..FGHIAAFGHIBB.....ECCDD.E.... 3028 42,29,140,239,385,565,636,532,292,128,40
10 ....H....GHIAA.GHI.F.BB..FCCC..DDEE. 9770 120,156,470,1088,2141,2487,1693,796,401,290,128
07 .....G..F..G..FAAGBBF....ECCDD.E.... 653 55,64,198,155,102,57,20,2
10 .....H.EF..H.EFAAH..FBB..CCGDD...G.. 1218 132,64,204,182,168,160,130,84,56,34,4
07 ....F.....F.AA..G.BB..G.ECCDD.E..... 326 22,74,90,38,57,24,18,3
08 ....FH....FHAA..GHBB..G.ECCDD.E..... 1010 19,64,275,278,121,141,62,43,7
07 ....F.....F.AA..F.BB....ECCDD.E..... 492 8,27,57,90,142,90,60,18
08 ....FG....FGAA..FGBB....ECCDD.E..... 1350 8,27,138,216,263,338,198,128,34
08 ....G....FG.AA.FH.BB..H.ECCDD.E..... 717 57,74,138,122,107,106,57,42,14
09 ....GI...FGIAA.FHIBB..H.ECCDD.E..... 2071 48,64,315,474,375,285,250,135,95,30
08 ....G....FG.AA.FG.BB....ECCDD.E..... 1193 21,27,75,144,254,290,195,129,58
09 ....GH...FGHAA.FGHBB....ECCDD.E..... 3011 21,27,156,324,465,634,630,394,258,102
08 ....G...F.G.AAF.H.BB..H.ECCDD.E..... 508 54,106,102,58,69,48,34,31,6
09 ....GI..F.GIAAF.HIBB..H.ECCDD.E..... 1510 45,90,363,332,183,183,128,95,77,14
08 ....G...F.G.AAF.G.BB....ECCDD.E..... 804 18,37,61,102,170,154,120,106,36
09 ....GH..F.GHAAF.GHBB....ECCDD.E..... 2164 18,37,172,240,313,430,364,288,234,68
11 ....H.....HI.AA.HI.FGBB..FGCCC.DDEE. 7448 96,174,374,788,1519,1669,1136,662,495,357,158,20
09 ....H...FGH.AAFGI.BB..I.ECCDD.E..... 1183 141,106,150,162,153,162,126,99,66,18
10 ....HJ..FGHJAAFGIJBB..I.ECCDD.E..... 3255 114,90,403,544,515,432,409,314,242,152,40
09 ....H...FGH.AAFGH.BB....ECCDD.E..... 2092 48,37,79,163,303,424,397,323,234,84
10 ....HI..FGHIAAFGHIBB....ECCDD.E..... 5142 48,37,190,355,557,813,988,864,684,458,148
09 ..F..I..F..I..GAAIE.GBB.ECCHDD...H.. 1606 130,92,318,359,258,199,146,78,18,8
08 .........FG.AA.FG....FBBCCCDDH.EEE.H 2039 111,12,53,169,436,662,480,112,4
11 .....H..F..H..FAAHBBFG..ECCGDDE..... 1449 165,80,256,230,212,168,136,96,54,39,9,4
12 ....I....HIJ.AAHIJ.FGBB..FGCCC.DDEE. 16047 282,228,551,1251,2580,3418,3001,1977,1204,811,516,204,24
08 ....G.....G.AA..H.BB..H.EFCCDDEF.... 607 56,142,146,60,90,48,38,21,6
09 ........FGH.AAFGH....GBBCCCDDI.EEE.I 3699 292,17,66,200,566,1009,992,471,82,4
09 ....GI....GIAA..HIBB..H.EFCCDDEF.... 1784 47,120,493,451,193,224,117,84,43,12
08 ....G.....G.AA..G.BB....EFCCDDEF.... 952 19,49,90,146,232,174,136,78,28
09 ....GH....GHAA..GHBB....EFCCDDEF.... 2455 19,49,237,343,425,552,372,268,142,48
09 ....H..F..H..FAAI.BB.GI.ECCGDDE..... 1132 141,142,194,144,140,130,87,84,52,18
10 ....HJ.F..HJ.FAAIJBB.GI.ECCGDDE..... 3051 114,120,533,647,447,368,305,196,179,106,36
09 ....H..F..H..FAAH.BB.G..ECCGDDE..... 1933 48,49,108,200,344,374,291,255,192,72
10 ....HI.F..HI.FAAHIBB.G..ECCGDDE..... 4596 48,49,255,451,627,848,804,574,486,334,120
09 ....H...G.H.AAG.I.BB..I.EFCCDDEF.... 928 138,224,158,80,102,72,58,61,31,4
10 ....HJ..G.HJAAG.IJBB..I.EFCCDDEF.... 2590 111,184,695,517,255,266,185,151,148,70,8
09 ....H...G.H.AAG.H.BB....EFCCDDEF.... 1440 42,72,94,158,260,238,204,206,142,24
08 ........G..HAAG..HBBG....FCCC..FDDEE 4580 1161,1201,1215,158,342,353,133,14,3
10 ....HI..G.HIAAG.HIBB....EFCCDDEF.... 3674 42,72,310,367,475,644,542,462,448,272,40
09 ........GH.IAAGH.IBBG....FCCC..FDDEE 8771 3135,1417,1427,254,602,926,731,245,28,6
10 ....I...GHI.AAGHJ.BB..J.EFCCDDEF.... 1853 351,224,206,184,186,186,160,157,133,58,8
11 ....IK..GHIKAAGHJKBB..J.EFCCDDEF.... 4673 270,184,735,729,587,515,466,390,369,292,120,16
10 ....I...GHI.AAGHI.BB....EFCCDDEF.... 3180 108,72,112,219,393,508,501,497,478,252,40
11 ....IJ..GHIJAAGHIJBB....EFCCDDEF.... 7408 108,72,328,482,719,1027,1166,1078,1034,902,428,64
08 ....G.....GHAA..GHBB....F.CCC.FDDEE. 8524 54,186,520,1209,2259,2287,1367,516,126
10 ..G..J.FG..J.FHAAJE.HBB.ECCIDD...I.. 3012 324,203,651,629,340,229,212,218,146,44,16
12 .....I.FG..I.FGAAIBBGH..ECCHDDE..... 2976 408,195,601,472,344,248,188,150,142,131,75,18,4
06 .....F.....FAA...F....BB..CCDD....EE 1560 48,192,576,448,236,56,4
06 ....F.....F.AA..F....BB..CCDD....EE. 810 9,36,81,180,282,186,36
07 ....FG....FGAA..FG...BB..CCDD....EE. 2241 9,36,189,333,552,675,387,60
06 .....F....EFAA..EF....BB..CCDD...... 843 19,76,291,269,133,52,3
09 ....H....GHIAA.GHIBB....F.CCC.FDDEE. 18244 156,237,788,1923,3879,4856,3727,1887,647,144
06 .........E..AA.E.....EBBCCDDF.....F. 424 60,24,66,116,124,32,2
07 .....G..E.FGAAE.FG....BB..CCDD...... 1745 53,128,505,561,345,122,29,2
09 ....GI....GI..AAHI..BBH..CCFDD...FEE 3619 62,96,499,863,799,657,489,134,18,2
08 ....G.....G...AAG....FBB.CCFDD...EE. 1979 24,36,111,270,520,600,335,77,6
09 ....GH....GH..AAGH...FBB.CCFDD...EE. 5140 24,36,219,513,918,1353,1311,637,120,9
12 ...GI....GIJAA.HIJF..HBBFCCC...DDEE. 5708 63,51,184,427,898,1292,1214,745,413,282,103,30,6
07 ........EF..AAEF.....FBBCCDDG.....G. 1040 194,54,130,236,264,136,24,2
07 ..E..H..E.GHAAF.GH..F.BB.CC.DD...... 716 20,38,154,226,175,81,20,2
09 .........G..AA.G..F..GBBFCCC.HDDEE.H 5761 1458,88,196,544,1095,1110,730,400,132,8
07 .....G..F..GAAF..G....BB..CCDD....EE 3380 136,328,1056,1062,584,182,30,2
07 ..EG....EGH.AAFGH...FBB..CCDD....... 559 124,31,63,117,128,79,16,1
06 ..E..F..E..FAAE..G.BB..G.CC.DD...... 424 52,67,138,73,64,26,4
06 ........E...AAE.....EBB.CCDDF.....F. 308 60,78,42,52,52,22,2
07 .....G..E..GAAE..G..EBB.CCDDF.....F. 660 22,28,99,119,138,138,92,24
09 .....G..E..G..EAAH..EBBH.CCFDD...F.. 848 134,67,154,125,154,125,57,21,10,1
07 ........EF..AAEF....EBB.CCDDG.....G. 882 194,129,98,144,163,116,35,3
07 ..EF....EFH.AAEGH..BBG...CCDD....... 531 124,51,54,91,105,79,25,2
08 ........EF..AAEF....EFBBCCDDG.....G. 517 126,20,27,60,99,113,60,11,1
07 .....F.....FAA...GBB...G.ECCDD.E.... 729 69,192,360,56,28,8,12,4
11 .........GHJAA.GHJF..GBBFCCCI.DDEEI. 7688 722,68,248,588,1249,1771,1515,888,473,148,16,2
08 .....G....FGAA..FGBB.....ECCDD.E.... 1509 47,132,489,423,211,96,45,46,20
08 .....G...F.GAA.F.HBB...H.ECCDD.E.... 1203 171,192,444,212,68,44,36,28,8
09 .....H...FGHAA.FGHBB.....ECCDD.E.... 2832 114,132,547,663,505,348,221,162,100,40
08 .....G..F..GAAF..HBB...H.ECCDD.E.... 1706 213,400,784,206,55,20,14,11,3
09 .....H..F.GHAAF.GHBB.....ECCDD.E.... 2999 131,243,894,853,489,186,79,62,46,16
09 .....H..FG.HAAFG.IBB...I.ECCDD.E.... 2883 531,400,912,508,245,102,83,63,33,6
10 .....I..FGHIAAFGHIBB.....ECCDD.E.... 5952 318,243,970,1222,1124,826,545,364,212,96,32
07 .....G..F..G..FAAHBBF..H.ECCDD.E.... 803 134,157,300,100,73,32,6,1
10 .....H.EF..H.EFAAI..FBBI.CCGDD...G.. 1383 336,157,316,152,163,131,63,28,20,15,2
10 ....H.....HI.AA.HIBBG...F.GCCCFDDEE. 12061 120,252,594,1319,2549,2863,2067,1174,680,365,78
07 ..F..H..F..HAAG..H..G.BB.CC.DD....EE 1400 60,108,352,458,288,109,23,2
07 ..FH....FH..AAGH....GBB..CCDD...EE.. 1141 480,76,94,176,187,102,24,2
07 ..F..G..F..GAAF..G.BB....CC.DD.EE... 1544 84,96,300,332,303,250,143,36
10 .....H..F..H..FAAH..FBB..CCGDD.EEG.. 3270 210,96,312,386,467,579,589,406,177,44,4
10 .....I..F.HIAAF.HJ..FBBJ.CCGDD.EEG.. 7563 565,256,601,578,1009,1498,1580,1033,378,63,2
07 ..FG....FG..AAFH...BBH...CCDD..EE... 1141 480,165,80,130,162,98,24,2
07 ..FG....FG..AAFG...BB....CCDD..EE... 1236 576,52,36,84,169,204,100,15
08 .....G.....GAA...GBB.....FCCDD.F..EE 3004 120,336,1008,796,424,152,100,56,12
09 ..F..I..F..I..GAAJE.GBBJECCHDD...H.. 1743 338,224,512,323,171,93,50,24,6,2
08 ....G.....G.AA..G.BB.....FCCDD.F.EE. 1358 21,60,117,264,418,294,96,56,32
11 .....H..F..H..FAAIBBFG.IECCGDDE..... 1644 414,195,398,187,180,129,63,29,21,21,5,2
09 ....GH....GHAA..GHBB.....FCCDD.F.EE. 3595 21,60,297,483,808,997,605,168,100,56
11 ....I....HIJ.AAHIJBBG...F.GCCCFDDEE. 27141 354,324,885,2117,4419,6036,5482,3688,2141,1174,461,60
09 .....H...G.HAA.G.HBB.....FCCDD.F..EE 5184 288,336,1152,1228,868,524,356,276,132,24
10 ....HJ.F..HJ.FAAIJ..BBI..CCGDD...GEE 4811 144,164,765,1101,925,789,529,194,110,70,20
09 ....H..F..H..FAAH....GBB.CCGDD...EE. 2805 54,60,147,354,656,708,415,203,140,68
13 ...HJ...GHJKAAGIJKF..IBBFCCC...DDEE. 8489 150,72,207,478,1036,1594,1696,1251,746,529,386,229,97,18
10 ....HI.F..HI.FAAHI...GBB.CCGDD...EE. 6968 54,60,327,663,1174,1675,1529,785,350,237,114
10 ........GH..AAGH..F..HBBFCCC.IDDEE.I 11100 3866,128,252,608,1347,1619,1287,974,692,301,26
09 .....H..G..HAAG..HBB.....FCCDD.F..EE 6465 340,628,1956,1857,992,364,162,106,50,10
12 ........GHIKAAGHIKF..HBBFCCCJ.DDEEJ. 12024 1701,96,288,660,1481,2290,2230,1494,930,576,236,38,4
09 ....H...G.H.AAG.H.BB.....FCCDD.F.EE. 2266 48,87,129,300,518,502,324,212,118,28
10 ....HI..G.HIAAG.HIBB.....FCCDD.F.EE. 5884 48,87,390,555,966,1321,1133,684,428,224,48
08 ........G..HAAG..HBBG...FCCC..FDDEE. 5761 1419,1469,1471,168,402,476,254,82,20
10 .....I..GH.IAAGH.IBB.....FCCDD.F..EE 11406 816,628,2148,2541,1982,1247,843,637,402,142,20
09 ........GH.IAAGH.IBBG...FCCC..FDDEE. 11100 3839,1704,1715,288,678,1139,1035,498,164,40
10 ..G..J.FG..J.FHAAKE.HBBKECCIDD...I.. 3336 882,510,1020,426,183,103,78,70,46,14,4
10 ....I...GHI.AAGHI.BB.....FCCDD.F.EE. 5216 126,87,159,411,819,1136,1095,769,400,166,48
11 ....IJ..GHIJAAGHIJBB.....FCCDD.F.EE. 12642 126,87,420,756,1458,2273,2689,2310,1468,701,274,80
12 .....I.FG..I.FGAAJBBGH.JECCHDDE..... 3398 1068,487,920,277,221,159,79,44,41,53,37,10,2
07 .....G....FGAA..FG....BB..CCDD....EE 3933 72,288,1116,1252,797,341,64,3
10 ....H.....HIAA..HI.G.BB.FGCCC.FDDEE. 16216 129,336,845,1916,3634,3850,2632,1508,898,388,80
07 .........F..AA.F.....FBBCCDDG...EEG. 1968 288,72,198,420,596,330,62,2
08 .....H..G..H..GAAHBBG....FCCDD.F..EE 2888 210,228,696,696,495,334,179,48,2
08 .....H..F.GHAAF.GH....BB..CCDD....EE 7691 194,458,1810,2340,1787,825,238,37,2
11 .....I.FG..I.FGAAI..GBB..CCHDD.EEH.. 5114 504,228,708,750,659,663,637,456,265,162,74,8
09 ....GI....GIAA..HIBB..H.FCCDD.F...EE 4140 65,219,944,1048,591,655,349,199,63,7
08 ....G.....G.AA..G.BB....FCCDD.F..EE. 2318 24,81,171,384,606,530,324,162,36
09 ....GH....GHAA..GHBB....FCCDD.F..EE. 6151 24,81,414,705,1176,1487,1181,685,330,68
11 ....I....HIJAA.HIJ.G.BB.FGCCC.FDDEE. 28854 354,417,1178,2735,5449,6596,5166,3182,1881,1178,590,128
08 ........FG..AAFG.....GBBCCDDH...EEH. 4564 887,150,357,776,1148,880,319,45,2
08 ..F..I..F.HIAAG.HI..G.BB.CC.DD....EE 2667 60,108,430,736,715,434,154,28,2
08 ..FH....FHI.AAGHI...GBB..CCDD...EE.. 2082 480,76,151,324,458,389,171,31,2
07 ..F..G..F..GAAF..H.BB..H.CC.DD.EE... 1772 220,256,512,248,278,186,64,8
07 ........F...AAF.....FBB.CCDDG..EE.G. 1416 288,342,126,192,256,162,46,4
10 ....HJ...GHJAA.GIJBB..I.FCCDD.F...EE 8444 165,219,1082,1726,1533,1303,1152,663,408,163,30
08 .....H..F..HAAF..H..FBB.CCDDG..EE.G. 2896 84,96,318,404,482,577,558,309,68
10 .....H..F..H..FAAI..FBBI.CCGDD.EEG.. 3495 565,256,550,373,547,594,390,158,51,10,1
08 ........FG..AAFG....FBB.CCDDH..EE.H. 3855 887,507,273,469,683,640,317,73,6
09 ....H....GH.AA.GH.BB....FCCDD.F..EE. 5352 63,81,225,546,1036,1300,1025,637,343,96
10 .....I..F.HIAAF.HI..FBB..CCGDD.EEG.. 7151 210,96,330,478,736,1192,1607,1488,799,206,9
08 ..FG....FGI.AAFHI..BBH...CCDD..EE... 1983 480,165,131,245,354,356,198,50,4
09 ........FG..AAFG....FGBBCCDDH..EE.H. 2252 576,52,54,138,294,469,442,194,31,2
10 ....HI...GHIAA.GHIBB....FCCDD.F..EE. 13308 63,81,468,1029,1836,2711,2919,2117,1264,652,168
09 .....H....GHAA..GHBB.....FCCDD.F..EE 6889 178,500,1872,1996,1259,579,228,167,90,20
10 .....I...GHIAA.GHIBB.....FCCDD.F..EE 12531 432,500,2092,2920,2537,1741,1024,651,406,188,40
10 ....HJ..G.HJAAG.IJBB..I.FCCDD.F...EE 6002 153,307,1242,1260,817,827,591,387,287,117,14
09 ....H...G.H.AAG.H.BB....FCCDD.F..EE. 3586 54,111,183,420,706,738,568,438,296,72
10 ....HI..G.HIAAG.HIBB....FCCDD.F..EE. 9323 54,111,516,777,1334,1811,1717,1283,968,616,136
10 .....I..G.HIAAG.HIBB.....FCCDD.F..EE 12984 479,873,3211,3666,2595,1193,442,249,178,82,16
12 ....I.F...IJFAA.IJ.GHBB..GHCCC.DDEE. 22059 282,489,977,2026,3924,4426,3350,2268,1762,1373,824,306,52
11 .....J..GHIJAAGHIJBB.....FCCDD.F..EE 24886 1164,873,3479,4981,5028,3859,2477,1506,879,440,168,32
11 ....IK..GHIKAAGHJKBB..J.FCCDD.F...EE 12854 390,307,1380,1993,2028,1860,1748,1314,931,609,254,40
10 ....I...GHI.AAGHI.BB....FCCDD.F..EE. 8881 144,111,237,603,1199,1728,1721,1369,1027,590,152
11 ....IJ..GHIJAAGHIJBB....FCCDD.F..EE. 21509 144,111,570,1122,2120,3309,4087,3740,2858,2070,1110,268
11 .....I.FG..I.FGAAJ..GBBJ.CCHDD.EEH.. 5685 1410,620,1214,496,592,618,406,176,83,52,16,2
10 ..G..J..G..J..HAAJF.HBB.FCCIDD.EEI.. 5632 386,261,895,1279,1069,753,513,299,126,39,12
13 ....J.F..IJKFAAIJK.GHBB..GHCCC.DDEE. 41855 792,612,1347,2929,5989,7776,6939,5101,3775,3050,2151,998,332,64
12 .....I..G..I..GAAIBBGH..FCCHDDFEE... 5957 621,280,872,936,831,711,645,492,293,151,93,22,10
10 ....HJ....HJAA..IJBB..I.FGCCDDFG..EE 7186 160,409,1686,1710,939,1039,612,364,188,67,12
09 ....H.....H.AA..H.BB....FGCCDDFG.EE. 4316 57,147,270,618,988,932,644,408,196,56
10 ....HI....HIAA..HIBB....FGCCDDFG.EE. 10908 57,147,711,1119,1888,2419,2043,1303,775,350,96
09 ........H..IAAH..IBBH...FGCCC.FGDDEE 15539 4391,4517,4551,272,592,669,374,133,37,3
10 ........HI.JAAHI.JBBH...FGCCC.FGDDEE 27138 11419,5089,5111,476,1016,1585,1399,705,258,74,6
11 ....IK.G..IK.GAAJKBB.HJ.FCCHDDF...EE 12192 390,409,1824,2388,1881,1687,1415,888,685,415,174,36
10 ....I..G..I..GAAI.BB.H..FCCHDDF..EE. 8326 144,147,324,780,1418,1702,1395,1061,787,442,126
11 ....IJ.G..IJ.GAAIJBB.H..FCCHDDF..EE. 19721 144,147,765,1443,2548,3643,3781,2835,2035,1422,750,208
11 ....IK..H.IKAAH.JKBB..J.FGCCDDFG..EE 10091 375,624,2365,1997,1165,1211,860,594,506,300,86,8
10 ....I...H.I.AAH.I.BB....FGCCDDFG.EE. 6206 126,216,282,654,1088,1140,904,768,660,320,48
10 ..G..J..G..J..HAAKF.HBBKFCCIDD.EEI.. 5855 1157,741,1681,1087,619,330,145,61,23,9,2
11 ....IJ..H.IJAAH.IJBB....FGCCDDFG.EE. 15451 126,216,930,1191,2046,2743,2587,1967,1637,1326,602,80
08 ........G..HAAG..HBBG...FCCC..FDDEEE 2655 643,668,712,84,190,218,110,24,6
09 ........GH.IAAGH.IBBG...FCCC..FDDEEE 4952 1703,741,796,144,326,525,455,202,48,12
12 .....I..G..I..GAAJBBGH.JFCCHDDFEE... 6623 1719,758,1500,607,658,604,405,186,86,61,27,9,3
12 ....JL..HIJLAAHIKLBB..K.FGCCDDFG..EE 18057 918,624,2503,2730,2376,2244,2017,1581,1320,1032,544,152,16
11 ....J...HIJ.AAHIJ.BB....FGCCDDFG.EE. 13019 324,216,336,837,1581,2130,2107,1891,1737,1280,500,80
12 ....JK..HIJKAAHIJKBB....FGCCDDFG.EE. 30147 324,216,984,1536,2832,4241,4957,4524,3881,3378,2310,836,128
06 ....E.....EFAA..EF...BB...CCC...DDD. 2190 36,144,420,690,612,252,36
07 ....F....EFGAA.EFG...BB...CCC...DDD. 5207 117,228,785,1361,1459,924,301,32
06 ...E.....E.FAA.E.F..BB...CCC...DDD.. 1451 309,32,68,244,422,304,72
08 ....F....EFGAA.EFG...EBB.CCC...DDD.. 2769 78,24,106,234,604,888,634,183,18
08 ....F.....FG.AA.FG..EBB...ECCC..DDD. 3523 84,192,500,866,936,578,236,97,34
11 ..H..K.GH..K.GIAAKF.IBB.FCCJDD.EEJ.. 10508 966,585,1867,2402,1613,931,680,611,482,257,90,24
09 ....G....FGH.AAFGH..EBB...ECCC..DDD. 8923 279,306,915,1731,2206,1854,1047,424,137,24
09 ...FH....FHI.AAGHI..EGBB..ECCC.DDD.. 3745 177,114,373,708,875,762,479,198,51,8
08 ...F.....F.G.AAF.G..EBB...ECCC.DDD.. 3026 830,45,89,291,623,668,365,101,14
10 ....G....FGH.AAFGH..EFBB..ECCC.DDD.. 5084 189,33,121,294,769,1339,1320,727,237,51,4
06 ..E.....E..FAAE..F.BB...CCC...DDD... 1375 287,296,273,62,157,210,90
07 ..E.....EF.GAAEF.G.BB...CCC...DDD... 2995 814,365,329,93,263,487,464,180
13 .....J.GH..J.GHAAJBBHI..FCCIDDFEE... 12145 1536,699,2129,2139,1555,1093,839,628,501,455,343,176,42,10
08 ....F.....FGAA..FGBB.....ECCC..EDDD. 4000 84,240,628,1010,928,478,272,248,112
07 .....G.....GAA...G....BB..CCDD..EEFF 1764 36,144,432,516,416,168,48,4
07 ....G.....G.AA..G....BB..CCDD..EEFF. 933 3,12,27,96,231,276,234,54
08 ....GH....GHAA..GH...BB..CCDD..EEFF. 2427 3,12,63,129,333,639,654,504,90
09 ....G....FGHAA.FGHBB.....ECCC..EDDD. 8033 261,372,1097,1769,1809,1162,575,408,388,192
09 ....H.....H...AAH....GBB.CCGDD.EEFF. 2220 8,12,37,126,345,568,621,399,97,7
10 ....HI....HI..AAHI...GBB.CCGDD.EEFF. 5508 8,12,73,189,475,1019,1422,1365,786,149,10
08 .....H..G..HAAG..H....BB..CCDD..EEFF 3664 100,238,768,1068,892,430,140,26,2
11 ....G.....GH.AA.GH.BB....EFCCC.EFDDD 6149 192,348,748,1186,1252,804,492,447,384,224,68,4
12 ....H....GHI.AAGHI.BB....EFCCC.EFDDD 13457 612,543,1289,2139,2556,2092,1341,918,853,700,326,80,8
08 ..G..I..G..IAAH..I..H.BB.CC.DD..EEFF 1316 40,70,228,386,331,175,67,17,2
08 ..G..H..G..HAAG..H.BB....CC.DD.EE.FF 1654 62,68,210,309,328,297,240,116,24
11 .....I..G..I..GAAI..GBB..CCHDD.EEHFF 3391 155,68,216,336,426,523,632,561,329,119,24,2
08 ..GH....GH..AAGH...BB....CCDD..EEFF. 1354 650,32,18,51,137,239,172,50,5
09 .....H.....HAA...HBB.....GCCDD.GEEFF 3306 90,252,756,912,740,328,134,50,32,12
09 ....H.....H.AA..H..G.BB..GCCDD.EEFF. 1497 7,20,39,140,339,414,364,114,36,24
10 ....HI....HIAA..HI.G.BB..GCCDD.EEFF. 3780 7,20,99,187,485,935,974,775,194,64,40
10 .....I...H.IAA.H.IBB.....GCCDD.GEEFF 5504 216,252,864,1236,1184,776,458,270,180,44,24
10 ....I..G..I..GAAI....HBB.CCHDD.EEFF. 2996 18,20,49,170,453,706,755,481,189,101,54
11 ....IJ.G..IJ.GAAIJ...HBB.CCHDD.EEFF. 7219 18,20,109,247,627,1315,1742,1644,932,313,168,84
10 .....I..H..IAAH..IBB.....GCCDD.GEEFF 6855 250,457,1425,1918,1565,748,282,110,60,30,10
11 ..H..K.GH..K.GIAALF.IBBLFCCJDD.EEJ.. 11249 3021,1706,3405,1482,677,369,227,176,111,51,20,4
10 ....I...H.I.AAH.I..G.BB..GCCDD.EEFF. 2383 16,29,43,152,387,550,588,360,172,64,22
11 ....IJ..H.IJAAH.IJ.G.BB..GCCDD.EEFF. 5919 16,29,130,211,545,1106,1357,1316,735,328,110,36
09 ...FH....FHIAA.GHIE..GBBECCC...DDD.. 4789 195,183,647,1021,976,746,501,300,174,46
08 ...F.....F.GAA.F.GBB....ECCC..EDDD.. 4309 1119,71,131,444,800,756,538,342,108
11 .....J..HI.JAAHI.JBB.....GCCDD.GEEFF 11620 600,457,1563,2413,2420,1692,1069,675,443,206,62,20
10 ....G....FGHAA.FGHE..FBBECCC...DDD.. 7251 234,51,205,420,1074,1657,1502,1082,739,269,18
11 ....J...HIJ.AAHIJ..G.BB..GCCDD.EEFF. 5342 42,29,53,189,522,934,1253,1171,728,279,106,36
12 ....JK..HIJKAAHIJK.G.BB..GCCDD.EEFF. 12605 42,29,140,278,729,1590,2433,2897,2443,1361,443,164,56
13 .....J.GH..J.GHAAKBBHI.KFCCIDDFEE... 13728 4416,1931,3626,1016,854,721,449,225,150,154,117,51,15,3
09 ....G.E...GHEAA.GH..FBB...FCCC..DDD. 9818 261,552,1313,2298,2574,1616,637,293,190,84
09 .....I..H..I..HAAIBBH....GCCDD.GEEFF 3049 155,164,498,691,634,443,294,136,32,2
08 .....H....GHAA..GH....BB..CCDD..EEFF 4284 49,196,777,1159,1109,687,246,58,3
12 .....J.GH..J.GHAAJ..HBB..CCIDD.EEIFF 5190 372,164,504,718,732,669,690,599,381,205,112,40,4
10 ....H.E..GHIEAAGHI..FBB...FCCC..DDD. 22220 819,807,2182,4038,5289,4560,2613,1121,499,232,60
10 ....HJ....HJAA..IJBB..I.GCCDD.G.EEFF 3695 35,118,513,706,658,719,483,288,119,49,7
09 .....I..G.HIAAG.HI....BB..CCDD..EEFF 8060 131,308,1233,2025,2118,1405,622,183,33,2
09 ....H.....H.AA..H.BB....GCCDD.GEEFF. 2561 8,27,57,204,493,620,582,324,192,54
10 ....HI....HIAA..HIBB....GCCDD.GEEFF. 6440 8,27,138,273,707,1369,1476,1275,669,396,102
11 ...GI....GIJ.AAHIJBBFH..E.FCCCE.DDD. 7321 459,255,725,1188,1318,1132,818,541,393,314,158,20
10 ...G.....G.H.AAG.HBBF...E.FCCCEDDD.. 8357 2962,104,164,491,1001,1120,875,740,595,287,18
10 .....J..GHIJAAGHIJ....BB..CCDD..EEFF 18024 332,308,1413,2926,4021,3935,2926,1562,523,74,4
11 ....IK...HIKAA.HJKBB..J.GCCDD.G.EEFF 7596 90,118,589,1082,1272,1363,1289,892,530,246,107,18
10 ....I....HI.AA.HI.BB....GCCDD.GEEFF. 5725 21,27,75,258,699,1152,1323,1065,614,357,134
09 ..G..J..G.IJAAH.IJ..H.BB.CC.DD..EEFF 2479 40,70,276,558,662,497,257,95,22,2
11 ....H...FGHIAAFGHIE..GBBECCC...DDD.. 11661 540,72,228,480,1239,2108,2194,1683,1271,1082,648,116
11 ....IJ...HIJAA.HIJBB....GCCDD.GEEFF. 13703 21,27,156,381,963,2055,2876,2925,2179,1190,696,234
09 ..G..I..G.HIAAG.HI.BB....CC.DD.EE.FF 3048 62,68,219,345,439,525,620,504,226,40
11 .....J..G.IJAAG.IJ..GBB..CCHDD.EEHFF 7366 155,68,225,382,582,918,1414,1654,1275,570,119,4
10 .....I....HIAA..HIBB.....GCCDD.GEEFF 7297 121,340,1299,1877,1775,1101,450,183,81,50,20
11 ....IK..H.IKAAH.JKBB..J.GCCDD.G.EEFF 5205 81,164,669,860,832,883,708,485,305,155,49,14
10 ....I...H.I.AAH.I.BB....GCCDD.GEEFF. 3789 18,37,61,216,541,756,810,604,440,198,108
11 ....IJ..H.IJAAH.IJBB....GCCDD.GEEFF. 9364 18,37,172,297,767,1540,1861,1836,1310,920,402,204
11 .....J...HIJAA.HIJBB.....GCCDD.GEEFF 12982 294,340,1449,2525,2877,2371,1516,833,453,204,80,40
11 .....J..H.IJAAH.IJBB.....GCCDD.GEEFF 13247 323,587,2182,3297,3254,2039,898,348,161,92,50,16
12 ....JL..HIJLAAHIKLBB..K.GCCDD.G.EEFF 11276 210,164,745,1266,1594,1776,1826,1516,1063,640,324,120,32
11 ....J...HIJ.AAHIJ.BB....GCCDD.GEEFF. 9099 48,37,79,277,768,1380,1825,1799,1341,857,468,220
12 .....K..HIJKAAHIJKBB.....GCCDD.GEEFF 24809 786,587,2362,4198,5157,4569,3270,1991,1077,500,180,100,32
12 ....JK..HIJKAAHIJKBB....GCCDD.GEEFF. 21298 48,37,190,412,1065,2330,3569,4202,3830,2692,1657,878,388
11 ..H..K..H..K..IAAKG.IBB.GCCJDD.EEJFF 4991 254,168,574,1031,1050,783,544,334,166,61,20,6
13 .....J..H..J..HAAJBBHI..GCCIDDGEE.FF 5893 441,194,598,863,899,753,726,615,413,215,103,54,13,6
12 ....H.E...HIEAA.HI.BB....FGCCC.FGDDD 19493 612,1065,2141,3463,3846,2615,1683,1517,1260,803,363,115,10
11 ....IK....IKAA..JKBB..J.GHCCDDGHEEFF 6222 85,218,907,1165,1060,1138,795,479,218,102,43,12
10 ....I.....I.AA..I.GH.BB.GHCCDD.EEFF. 4542 19,49,90,326,794,1028,1000,634,396,162,44
11 ....IJ....IJAA..IJGH.BB.GHCCDD.EEFF. 11050 19,49,237,433,1128,2198,2426,2160,1276,762,290,72
12 ....JL.H..JL.HAAKLBB.IK.GCCIDDG.EEFF 10597 210,218,983,1541,1674,1782,1601,1113,723,413,219,94,26
11 ....J..H..J..HAAJ.BB.I..GCCIDDGEEFF. 8426 48,49,108,380,1000,1560,1751,1429,964,661,368,108
12 ....JK.H..JK.HAAJKBB.I..GCCIDDGEEFF. 19517 48,49,255,541,1384,2884,3826,3830,2888,1816,1212,616,168
13 ....I.E..HIJEAAHIJ.BB....FGCCC.FGDDD 37796 1836,1527,3337,5434,6651,5595,3789,2861,2812,2312,1097,381,144,20
12 ....JL..I.JLAAI.KLBB..K.GHCCDDGHEEFF 8418 195,328,1255,1409,1273,1302,1024,703,466,285,130,40,8
11 ....J...I.J.AAI.J.GH.BB.GHCCDD.EEFF. 6246 42,72,94,338,842,1164,1232,944,754,478,246,40
12 ....JK..I.JKAAI.JKGH.BB.GHCCDD.EEFF. 14981 42,72,310,457,1188,2369,2813,2739,2005,1542,940,440,64
07 .........F..AA.F.....FBB.CCC.GDDDEEG 987 197,20,50,150,280,222,64,4
16 E.....E..HJKFAAHJKFBBIJL..GI.LCCGDDL 2138 18,13,56,110,175,246,310,330,283,204,134,96,61,43,35,20,4
08 ........FG..AAFG.....GBB.CCC.HDDDEEH 2018 525,28,66,182,404,463,268,74,8
13 ....KM..IJKMAAIJLMBB..L.GHCCDDGHEEFF 15193 486,328,1331,1815,2035,2195,2142,1764,1326,912,519,238,86,16
12 ....K...IJK.AAIJK.GH.BB.GHCCDD.EEFF. 12626 108,72,112,399,1069,1788,2257,2195,1819,1395,896,452,64
13 ....KL..IJKLAAIJKLGH.BB.GHCCDD.EEFF. 28661 108,72,328,572,1486,3159,4521,5125,4631,3608,2627,1580,748,96
09 .........G..AA.G..F..GBBFCCC.HDDDEEH 2655 660,44,98,272,529,508,314,172,56,2
12 ..I..L.HI..L.HJAALG.JBB.GCCKDD.EEKFF 9232 636,379,1207,2028,1784,1097,695,531,424,271,122,46,12
10 ........GH..AAGH..F..HBBFCCC.IDDDEEI 4952 1724,64,126,304,653,749,550,387,271,116,8
14 .....K.HI..K.HIAAKBBIJ..GCCJDDGEE.FF 11782 1092,489,1483,2072,1942,1311,970,753,551,423,345,220,101,24,6
07 .....G.....GAA...G....BB..CCDD.EEFFF 852 12,48,144,220,260,120,44,4
13 E....KE...JKFAA.JLFGBBJL.GHI.LCCHIDD 7281 96,88,316,484,754,1004,1051,1035,819,697,569,304,58,6
08 .....H..G..HAAG..H....BB..CCDD.EEFFF 1760 32,74,240,402,516,336,134,24,2
08 ..G..I..G..IAAH..I..H.BB.CC.DD.EEFFF 622 10,16,52,100,159,167,94,22,2
10 ..G..J..G..J..HAAJ..HIBB.CCIDD.EEFFF 1244 25,16,58,124,221,289,266,164,66,14,1
09 .....H.....HAA...H.G..BB.GCCDD.EEFFF 1578 30,84,252,388,460,224,98,28,12,2
10 .....I...H.IAA.H.I.G..BB.GCCDD.EEFFF 2496 72,84,288,496,644,460,250,120,56,22,4
10 .....I..H..IAAH..I.G..BB.GCCDD.EEFFF 3256 80,143,447,733,927,578,246,66,24,10,2
11 .....J..HI.JAAHI.J.G..BB.GCCDD.EEFFF 5214 192,143,489,886,1230,1021,655,326,164,80,24,4
11 ..H..K.GH..K.GIAAK..IJBB.CCJDD.EEFFF 1851 60,34,112,220,360,411,323,183,89,42,15,2
08 .....H.....HAA...HBB....G.CCDDGEEFFF 2416 36,123,369,575,697,378,176,50,12
10 ....HJ....HJAA..IJBB..I.GCCDD.GEEFFF 1575 8,27,119,214,309,346,258,175,70,42,7
11 ....IK...HIKAA.HJKBB..J.GCCDD.GEEFFF 3188 21,27,137,304,489,630,623,465,278,123,73,18
09 .....I..H..IAAH..IBB....G.CCDDGEEFFF 4518 93,192,598,984,1261,834,393,119,36,8
11 ....IK..H.IKAAH.JKBB..J.GCCDD.GEEFFF 2204 18,37,153,264,380,413,352,270,162,106,35,14
12 ....JL..HIJLAAHIKLBB..K.GCCDD.GEEFFF 4713 48,37,171,361,595,769,842,738,540,326,176,78,32
11 ..H..K..H..K..IAAKG.IJBBGCCJDD.EEFFF 2175 62,38,128,255,423,506,405,222,99,31,4,2
15 .....J..H..J..HAAJBBHI..GCCIDDGEEFFF 2605 138,57,171,276,348,231,160,172,290,350,254,108,30,16,2,2
10 .....I.....IAA...I.H..BBGHCCDDGEEFFF 4902 92,235,705,1107,1345,768,402,164,66,16,2
11 .....J...I.JAA.I.J.H..BBGHCCDDGEEFFF 7202 216,235,779,1329,1731,1288,794,456,238,102,30,4
08 ...F.....FGHDAAFGHD.BB..E.....ECCC.. 5053 963,130,292,599,958,1078,762,253,18
12 ....JL.H..JL.HAAKLBB.IK.GCCIDDGEEFFF 4343 48,49,225,447,687,831,782,589,368,180,105,30,2
11 .....J..I..JAAI..J.H..BBGHCCDDGEEFFF 9457 239,402,1228,2008,2553,1685,840,316,128,44,12,2
06 .........E..AA.E.....EBBCCCDDF.....F 238 30,12,38,58,72,26,2
07 ........EF..AAEF.....FBBCCCDDG.....G 453 79,17,51,81,119,82,22,2
12 .....K..IJ.KAAIJ.K.H..BBGHCCDDGEEFFF 13681 558,402,1312,2292,3099,2491,1618,925,548,296,108,28,4
12 ...G..D..GIJDAAHIJEBBH..E.FH....FCCC 2388 574,117,201,230,256,271,259,185,117,90,60,24,4
08 .....H....GHAA..GH....BB..CCDD.EEFFF 2037 15,60,243,445,578,450,188,55,3
07 .........F..AA.F.....FBBCCCDDG..EE.G 1104 144,36,114,210,324,216,56,4
10 ...G..D..GHIDAAGHIBBF...E.F...ECCC.. 10766 2820,221,421,825,1399,1691,1519,1032,563,227,48
12 ...GH.D..GHJDAAGIJEBB.I.E.F.I...FCCC 2456 306,39,107,189,315,397,412,310,156,99,78,40,8
08 ........FG..AAFG.....GBBCCCDDH..EE.H 2104 379,51,153,279,495,472,223,48,4
09 .....I..G.HIAAG.HI....BB..CCDD.EEFFF 3818 39,90,364,708,996,892,519,177,31,2
10 .....J..GHIJAAGHIJ....BB..CCDD.EEFFF 8248 99,90,416,974,1626,1922,1677,994,376,70,4
09 ..G..J..G.IJAAH.IJ..H.BB.CC.DD.EEFFF 1175 10,16,61,133,232,298,262,131,30,2
12 ..I..L.HI..L.HJAALG.JKBBGCCKDD.EEFFF 3933 156,88,278,527,819,873,585,282,159,106,46,10,4
10 ..G..K..GIJKAAHIJK..H.BB.CC.DD.EEFFF 2706 25,16,67,167,334,524,634,546,304,83,6
16 .....K.HI..K.HIAAKBBIJ..GCCJDDGEEFFF 5096 342,147,441,722,916,612,355,249,312,362,278,162,108,60,24,4,2
10 .....I....HIAA..HI.G..BB.GCCDD.EEFFF 3426 37,104,405,727,938,714,320,124,38,17,2
06 .....F.....FAA...F....BB..CCDD...EEE 1236 36,144,432,372,196,52,4
11 .....J...HIJAA.HIJ.G..BB.GCCDD.EEFFF 5853 90,104,451,931,1350,1310,874,442,192,79,26,4
06 ....F.....F.AA..F....BB..CCDD...EEE. 642 6,24,54,138,216,168,36
07 ....FG....FGAA..FG...BB..CCDD...EEE. 1758 6,24,126,231,429,525,357,60
11 .....J..H.IJAAH.IJ.G..BB.GCCDD.EEFFF 6192 96,172,644,1180,1604,1330,749,280,84,37,14,2
08 ....G.....G...AAG....FBB.CCFDD..EEE. 1504 16,24,74,198,392,468,274,56,2
09 ....GH....GH..AAGH...FBB.CCFDD..EEE. 3918 16,24,146,351,683,1039,1041,533,83,2
07 .....G..F..GAAF..G....BB..CCDD...EEE 2524 96,222,720,762,474,200,48,2
12 .....K..HIJKAAHIJK.G..BB.GCCDD.EEFFF 11106 234,172,696,1446,2234,2360,1927,1169,541,221,80,22,4
10 .........GHIDAAGHIDBBG..EF....EFCCC. 10825 3108,272,464,788,1313,1605,1400,942,609,288,36
09 .....I....HIAA..HIBB....G.CCDDGEEFFF 5493 44,150,600,1106,1462,1199,602,248,67,15
10 ..F.....F..I..GAAI..GBBI.CCHDDEEEH.. 1716 75,48,174,276,331,355,271,132,44,9,1
07 ..FH....FH..AAGH....GBB..CCDD..EEE.. 659 290,14,16,60,104,117,50,8
14 .....H..F..H..FAAH..FBB..CCGDDEEEG.. 2300 150,60,180,165,92,46,54,149,358,496,370,139,27,12,2
07 ..FG....FG..AAFH...BBH...CCDD.EEE... 659 290,75,14,39,82,105,46,8
08 .....G.....GAA...GBB.....FCCDD.F.EEE 2366 90,252,756,660,352,128,72,44,12
10 .....J..H.IJAAH.IJBB....G.CCDDGEEFFF 9040 111,229,880,1644,2268,1985,1198,507,159,49,10
08 ....G.....G.AA..G.BB.....FCCDD.FEEE. 1066 14,40,78,202,320,260,80,40,32
09 ....GH....GHAA..GHBB.....FCCDD.FEEE. 2802 14,40,198,335,627,775,547,138,72,56
09 .....H...G.HAA.G.HBB.....FCCDD.F.EEE 3904 216,252,864,984,704,396,232,164,68,24
09 ....H..F..H..FAAH....GBB.CCGDD..EEE. 2104 36,40,98,262,496,560,330,136,86,60
10 ....HI.F..HI.FAAHI...GBB.CCGDD..EEE. 5258 36,40,218,455,881,1289,1231,635,229,144,100
11 .....K..HIJKAAHIJKBB....G.CCDDGEEFFF 17588 274,229,982,2139,3395,3816,3269,2050,967,340,107,20
09 .....H..G..HAAG..HBB.....FCCDD.F.EEE 4819 240,429,1341,1341,802,376,160,80,40,10
09 ....H...G.H.AAG.H.BB.....FCCDD.FEEE. 1678 32,58,86,226,392,400,236,136,84,28
10 ....HI..G.HIAAG.HIBB.....FCCDD.FEEE. 4310 32,58,260,383,735,1005,894,477,262,156,48
10 .....I..GH.IAAGH.IBB.....FCCDD.F.EEE 8062 576,429,1467,1800,1479,991,609,383,218,90,20
10 ....I...GHI.AAGHI.BB.....FCCDD.FEEE. 3683 84,58,106,300,610,850,776,499,236,116,48
11 .....J....IJAA..IJ.H..BBGHCCDDGEEFFF 10163 111,284,1094,1980,2600,2099,1118,544,221,89,21,2
11 ....IJ..GHIJAAGHIJBB.....FCCDD.FEEE. 8965 84,58,280,517,1073,1706,2014,1626,936,401,190,80
11 ..G....FG..J.FHAAJ..HBBJ.CCIDDEEEI.. 2612 180,102,336,456,448,445,329,172,84,43,15,2
12 .....K...IJKAA.IJK.H..BBGHCCDDGEEFFF 15992 264,284,1186,2390,3442,3355,2374,1403,752,362,140,36,4
15 .....I.FG..I.FGAAI..GBB..CCHDDEEEH.. 3566 360,150,450,423,241,127,92,161,360,500,380,169,75,50,24,4
12 ......D..HIJDAAHIJBBGH..EFG...EFCCC. 25484 9582,550,773,1207,2125,2778,2781,2314,1729,1077,451,99,18
09 ....GI....GIAA..HIBB..H.FCCDD.F..EEE 3130 46,155,669,770,470,514,287,156,56,7
08 ....G.....G.AA..G.BB....FCCDD.F.EEE. 1826 16,54,114,294,464,440,264,144,36
12 .....K..I.JKAAI.JK.H..BBGHCCDDGEEFFF 16724 281,474,1717,3079,4145,3438,2047,934,367,163,61,16,2
09 ....GH....GHAA..GHBB....FCCDD.F.EEE. 4801 16,54,276,489,913,1149,983,557,296,68
10 ....HJ...GHJAA.GIJBB..I.FCCDD.F..EEE 6267 117,155,767,1252,1158,1018,888,496,285,113,18
09 ....H....GH.AA.GH.BB....FCCDD.F.EEE. 4013 42,54,150,402,782,996,790,466,255,76
10 ....HI...GHIAA.GHIBB....FCCDD.F.EEE. 10025 42,54,312,705,1371,2077,2261,1647,929,495,132
13 .....L..IJKLAAIJKL.H..BBGHCCDDGEEFFF 26684 666,474,1819,3574,5272,5269,4170,2675,1489,780,350,116,26,4
07 .........F..AA.F.....FBBCCCDDG.EEE.G 831 111,12,38,112,246,234,74,4
08 ........FG..AAFG.....GBBCCCDDH.EEE.H 1585 292,17,51,135,338,431,256,61,4
10 ....HJ..G.HJAAG.IJBB..I.FCCDD.F..EEE 4378 108,217,879,928,633,635,437,254,170,103,14
09 ....H...G.H.AAG.H.BB....FCCDD.F.EEE. 2678 36,74,122,318,536,580,428,300,212,72
10 ....HI..G.HIAAG.HIBB....FCCDD.F.EEE. 6875 36,74,344,537,1021,1379,1334,934,640,440,136
07 .....G....FGAA..FG....BB..CCDD...EEE 3090 53,212,825,983,664,289,61,3
11 ....IK..GHIKAAGHJKBB..J.FCCDD.F..EEE 9171 276,217,977,1449,1512,1417,1282,884,562,381,182,32
07 .........F..AA.F.....FBBCCDDG..EEEG. 1484 222,24,66,224,472,388,86,2
10 ....I...GHI.AAGHI.BB....FCCDD.F.EEE. 6292 96,74,158,440,896,1286,1244,911,649,402,136
08 .....H..F.GHAAF.GH....BB..CCDD...EEE 5706 137,314,1236,1632,1318,722,283,62,2
11 ....IJ..GHIJAAGHIJBB....FCCDD.F.EEE. 15282 96,74,380,767,1563,2494,3048,2684,1868,1304,764,240
11 ..G.....G..J..HAAJF.HBBJFCCIDDEEEI.. 3048 190,116,390,546,548,541,399,198,82,31,6,1
08 ........FG..AAFG.....GBBCCDDH..EEEH. 3250 653,42,97,334,768,852,428,74,2
10 ..F.....F.IJAAG.IJ..GBBJ.CCHDDEEEH.. 3684 75,48,201,405,618,805,784,497,204,45,2
08 ..FH....FHI.AAGHI...GBB..CCDD..EEE.. 1195 290,14,25,84,193,272,228,78,11
15 ........G..IF.GAAIF.GBBI.CCHDDEEEH.. 4084 444,183,549,532,333,148,92,167,368,506,400,189,77,62,27,7
11 .....H..F..H..FAAI..FBBI.CCGDDEEEG.. 2480 418,169,329,125,206,359,448,312,99,9,5,1
08 ..FG....FGI.AAFHI..BBH...CCDD.EEE... 1147 290,75,23,60,141,233,221,90,14
09 .....H....GHAA..GHBB.....FCCDD.F.EEE 5380 131,368,1383,1573,1048,483,183,121,70,20
10 .....I...GHIAA.GHIBB.....FCCDD.F.EEE 9437 318,368,1545,2257,2032,1377,735,409,236,120,40
10 ....HJ....HJAA..IJBB..I.FGCCDDFG.EEE 5402 113,289,1193,1259,746,815,495,280,145,55,12
09 ....H.....H.AA..H.BB....FGCCDDFGEEE. 3364 38,98,180,472,756,758,508,330,168,56
10 ....HI....HIAA..HIBB....FGCCDDFGEEE. 8453 38,98,474,776,1463,1867,1671,1035,633,302,96
10 .....I..G.HIAAG.HIBB.....FCCDD.F.EEE 9595 338,602,2202,2572,1916,1044,479,228,132,66,16
11 .....J..GHIJAAGHIJBB.....FCCDD.F.EEE 17637 822,602,2382,3460,3576,2880,1886,1052,534,273,138,32
11 ....IK.G..IK.GAAJKBB.HJ.FCCHDDF..EEE 8977 276,289,1291,1741,1434,1319,1096,660,468,267,110,26
10 ....I..G..I..GAAI.BB.H..FCCHDDF.EEE. 6157 96,98,216,580,1074,1314,1064,754,531,322,108
11 ....IJ.G..IJ.GAAIJBB.H..FCCHDDF.EEE. 14689 96,98,510,992,1921,2795,2949,2185,1452,971,544,176
12 .....I.FG..I.FGAAJ..GBBJ.CCHDDEEEH.. 4036 1041,427,803,215,242,377,454,317,111,22,15,10,2
11 ....IK..H.IKAAH.JKBB..J.FGCCDDFG.EEE 7321 264,440,1670,1480,909,936,648,396,292,200,78,8
10 ....I...H.I.AAH.I.BB....FGCCDDFGEEE. 4594 84,144,188,496,828,898,680,526,446,256,48
11 ....IJ..H.IJAAH.IJBB....FGCCDDFGEEE. 11313 84,144,620,824,1571,2097,2026,1442,1075,876,474,80
12 ....JL..HIJLAAHIKLBB..K.FGCCDDFG.EEE 12796 648,440,1768,2001,1788,1718,1493,1066,786,604,362,106,16
11 ....J...HIJ.AAHIJ.BB....FGCCDDFGEEE. 9118 216,144,224,618,1188,1604,1526,1245,1051,832,390,80
12 ....JK..HIJKAAHIJKBB....FGCCDDFGEEE. 21196 216,144,656,1054,2113,3212,3740,3252,2501,2024,1504,652,128
12 ..H....GH..K.GIAAKF.IBBKFCCJDDEEEJ.. 5698 480,270,852,1080,916,836,574,302,186,127,60,13,2
12 .....I..G..IF.GAAJF.GBBJ.CCHDDEEEH.. 4636 1272,519,981,268,285,361,451,324,113,23,22,13,4
16 .......GH..JFGHAAJF.HBBJ.CCIDDEEEI.. 8357 1098,471,1413,1401,893,484,254,215,374,514,424,255,197,176,127,51,10
07 .....G.....GAA...G....BB..CCDD.EEEFF 852 12,48,144,220,260,120,44,4
08 .....H..G..HAAG..H....BB..CCDD.EEEFF 1672 32,74,240,402,492,292,114,24,2
09 .....H.....HAA...H.G..BB.GCCDD.EEEFF 1578 30,84,252,388,460,224,98,28,12,2
10 .....I...H.IAA.H.I.G..BB.GCCDD.EEEFF 2624 72,84,288,496,644,476,286,156,96,22,4
10 .....I..H..IAAH..I.G..BB.GCCDD.EEEFF 3100 80,143,447,733,885,500,210,66,24,10,2
11 .....J..HI.JAAHI.J.G..BB.GCCDD.EEEFF 5222 192,143,489,886,1188,945,635,373,231,112,24,4
08 .....H.....HAA...HBB....G.CCDDGEEEFF 2416 36,123,369,575,697,378,176,50,12
10 ....HJ....HJAA..IJBB..I.GCCDD.GEEEFF 1575 8,27,119,214,309,346,258,175,70,42,7
11 ....IK...HIKAA.HJKBB..J.GCCDD.GEEEFF 3276 21,27,137,304,489,630,637,497,304,135,77,18
09 .....I..H..IAAH..IBB....G.CCDDGEEEFF 4313 93,192,598,984,1210,730,343,119,36,8
11 ....IK..H.IKAAH.JKBB..J.GCCDD.GEEEFF 2109 18,37,153,264,380,413,347,250,132,66,35,14
12 ....JL..HIJLAAHIKLBB..K.GCCDD.GEEEFF 4622 48,37,171,361,595,769,851,746,517,271,144,80,32
10 .....I.....IAA...I.H..BBGHCCDDGEEEFF 4902 92,235,705,1107,1345,768,402,164,66,16,2
11 .....J...I.JAA.I.J.H..BBGHCCDDGEEEFF 7582 216,235,779,1329,1731,1320,888,570,378,102,30,4
12 ....JL.H..JL.HAAKLBB.IK.GCCIDDGEEEFF 4481 48,49,225,447,687,831,796,621,404,214,123,34,2
11 .....J..I..JAAI..J.H..BBGHCCDDGEEEFF 9058 239,402,1228,2008,2454,1483,742,316,128,44,12,2
12 .....K..IJ.KAAIJ.K.H..BBGHCCDDGEEEFF 13814 558,402,1312,2292,3000,2297,1570,1060,773,406,112,28,4
